{
"type": "FeatureCollection",
"name": "quebec_border",
"crs": { "type": "name", "properties": { "name": "urn:ogc:def:crs:OGC:1.3:CRS84" } },
"features": [
{ "type": "Feature", "properties": { "PRENAME": "Québec" }, "geometry": { "type": "MultiPolygon", "coordinates": [ [ [ [ -73.478930718895143, 45.69895545381047 ], [ -73.488607114543882, 45.686272636359398 ], [ -73.491393588748736, 45.67243003903107 ], [ -73.487061360817464, 45.638799168059556 ], [ -73.500749448212616, 45.623515972986212 ], [ -73.509417208378451, 45.603332131604617 ], [ -73.505826925113624, 45.580620577804233 ], [ -73.51903356041899, 45.568281080683576 ], [ -73.515465696494658, 45.56750568539433 ], [ -73.525220032803105, 45.557145772572731 ], [ -73.518568079728936, 45.558688885168564 ], [ -73.527457298985354, 45.546544351352999 ], [ -73.540204367138372, 45.535627609722646 ], [ -73.549184321354957, 45.510160768839114 ], [ -73.545554840889636, 45.512400894586094 ], [ -73.546770252332266, 45.506961663478634 ], [ -73.552072835833968, 45.505354791626225 ], [ -73.547507091276245, 45.504693750650134 ], [ -73.552379259869454, 45.504386549902584 ], [ -73.547927077651138, 45.503294886005897 ], [ -73.552748430987066, 45.501969901178704 ], [ -73.54924402660329, 45.491394054505967 ], [ -73.54271641332501, 45.507792109357545 ], [ -73.537197094179888, 45.485623648057519 ], [ -73.539419458486648, 45.478361109347667 ], [ -73.559382218024027, 45.471217975952008 ], [ -73.556335611345148, 45.469791014178682 ], [ -73.56612596011874, 45.450471676828897 ], [ -73.591924602336888, 45.429747712994917 ], [ -73.588125183408067, 45.428827685997568 ], [ -73.595983076041136, 45.422803674574169 ], [ -73.591978691783368, 45.426543919623612 ], [ -73.611348797623307, 45.41597053885193 ], [ -73.631438622465808, 45.414734533960072 ], [ -73.628253496944097, 45.420428442321587 ], [ -73.61734821100984, 45.424252711203565 ], [ -73.60056310032941, 45.43504798910886 ], [ -73.582038241345899, 45.454050599046511 ], [ -73.580062182732973, 45.458022850803552 ], [ -73.579849267904507, 45.466364537262393 ], [ -73.575164108725701, 45.473331485639328 ], [ -73.5802637243915, 45.466387210428621 ], [ -73.58348453417274, 45.453163184460628 ], [ -73.601341109728168, 45.435318552587354 ], [ -73.629338487570479, 45.420329503479309 ], [ -73.632210140188079, 45.414840855336664 ], [ -73.666705704227454, 45.428853988814275 ], [ -73.677011029994688, 45.427686636863406 ], [ -73.687080060368714, 45.428423929886357 ], [ -73.691708827609844, 45.430034271396543 ], [ -73.672523203490783, 45.428813737411666 ], [ -73.632331488922702, 45.446105416933015 ], [ -73.584466915959169, 45.469070497399088 ], [ -73.552328540631933, 45.490960308244439 ], [ -73.554279145274293, 45.493017593795471 ], [ -73.585756656165174, 45.469175933617649 ], [ -73.668321907710123, 45.431582541105492 ], [ -73.694932326106667, 45.432168464765617 ], [ -73.726500982586288, 45.440517960936575 ], [ -73.724178865857752, 45.438443887421712 ], [ -73.729340442135452, 45.436490017333014 ], [ -73.753989617121036, 45.435375414977209 ], [ -73.792556438972696, 45.448238404662696 ], [ -73.802827080854613, 45.442711742651653 ], [ -73.80353440173397, 45.434050920238697 ], [ -73.817565360009482, 45.4325408193599 ], [ -73.825151368888243, 45.424914029417138 ], [ -73.84606961945525, 45.429654924330357 ], [ -73.879047003428127, 45.414402132330942 ], [ -73.908712273605445, 45.41098091714084 ], [ -73.922845151421811, 45.4029869130732 ], [ -73.95593734231511, 45.403807283540395 ], [ -73.964690922643044, 45.417757977055004 ], [ -73.976292666106389, 45.420076858550516 ], [ -73.970626774502009, 45.421682185129846 ], [ -73.975322683176401, 45.428475357646093 ], [ -73.968053565151806, 45.442244834944731 ], [ -73.951751539307054, 45.445642890530571 ], [ -73.948246882641143, 45.450507326136282 ], [ -73.937062065929936, 45.450232757010397 ], [ -73.936346864865428, 45.45358355520343 ], [ -73.9476828933512, 45.458828266133935 ], [ -73.942050694859134, 45.461116562837837 ], [ -73.945837383126388, 45.464401224979213 ], [ -73.938081481921543, 45.471548121790484 ], [ -73.925737155833957, 45.474178070368993 ], [ -73.919042554234338, 45.462980406942364 ], [ -73.912261658244276, 45.460395693117661 ], [ -73.877582588064911, 45.472805871539499 ], [ -73.869992636278738, 45.485134662984514 ], [ -73.854696740151709, 45.493551430387043 ], [ -73.859134809294048, 45.501300863024866 ], [ -73.84620418073915, 45.516463921791967 ], [ -73.81930754896743, 45.512624604179862 ], [ -73.808758685509375, 45.516241530917355 ], [ -73.79679398589623, 45.509329250943665 ], [ -73.763766357095719, 45.509858640660987 ], [ -73.752950997664797, 45.512072364935001 ], [ -73.739423409382752, 45.525623616185705 ], [ -73.72132287486312, 45.536637814460619 ], [ -73.715879677371206, 45.534938539951774 ], [ -73.706891260492327, 45.5437662159162 ], [ -73.679145262302882, 45.548696363136166 ], [ -73.663532360041145, 45.565301766426551 ], [ -73.665710045924314, 45.574535334454247 ], [ -73.655172081180908, 45.58216163604726 ], [ -73.63382641167162, 45.619262573796846 ], [ -73.619122687236882, 45.631444123097353 ], [ -73.573080709706389, 45.660608397035418 ], [ -73.536301204769359, 45.67649769382141 ], [ -73.520225060362705, 45.695507509383091 ], [ -73.476065977594928, 45.70308168735334 ], [ -73.478930718895143, 45.69895545381047 ] ] ], [ [ [ -64.804761400935519, 49.167141927642042 ], [ -64.800296609257856, 49.161450746523442 ], [ -64.789210535793231, 49.163665195187356 ], [ -64.777060913240902, 49.153057676631654 ], [ -64.745542045289596, 49.139342907547494 ], [ -64.603993775725158, 49.109748935994197 ], [ -64.540562466748653, 49.077849832419432 ], [ -64.505615209171438, 49.068405211279483 ], [ -64.475065103894408, 49.053831859933446 ], [ -64.47076815311415, 49.045538509651827 ], [ -64.450330566636183, 49.037781780895813 ], [ -64.426958937196403, 49.0186059403296 ], [ -64.394614837201004, 49.008449177276006 ], [ -64.382962455293367, 48.999017736734359 ], [ -64.391149164954513, 49.002840712798267 ], [ -64.393436641104017, 48.997595261518988 ], [ -64.392268985340223, 48.994783792315083 ], [ -64.397992849979005, 48.996740499269876 ], [ -64.402921371726549, 48.995520186757396 ], [ -64.392760544016511, 48.994309406058896 ], [ -64.391178691166559, 48.995658133165357 ], [ -64.392691848643565, 48.997851381812822 ], [ -64.381398240328181, 48.997916426416488 ], [ -64.357520483761277, 48.975948373499513 ], [ -64.305769246626554, 48.948271412573462 ], [ -64.310383632723941, 48.944017942666534 ], [ -64.305283744421828, 48.936727616865952 ], [ -64.308345115465926, 48.937047370659933 ], [ -64.314546051885998, 48.935064486870353 ], [ -64.318726281733674, 48.931508320077874 ], [ -64.316151989340042, 48.929572989085464 ], [ -64.319791929070206, 48.929770049144103 ], [ -64.315988664700015, 48.929533695199638 ], [ -64.313985654028357, 48.935043897301036 ], [ -64.306941746261742, 48.934638388951356 ], [ -64.307763641345105, 48.936277864586685 ], [ -64.305072731437349, 48.936495590426311 ], [ -64.304263814041306, 48.937151364216291 ], [ -64.305088361358543, 48.934209336131332 ], [ -64.271747312761192, 48.923579670099414 ], [ -64.240837922893789, 48.899789019163499 ], [ -64.200591358031446, 48.856170324273087 ], [ -64.206390314776286, 48.85353689165018 ], [ -64.222214353612785, 48.823161179748659 ], [ -64.215837520142159, 48.797220670486261 ], [ -64.19548124757118, 48.789256054772494 ], [ -64.194081781996516, 48.783638950813163 ], [ -64.160707212048237, 48.755542871092018 ], [ -64.163052091953887, 48.748673085193914 ], [ -64.207573015088059, 48.775707643381622 ], [ -64.242810820426016, 48.804969609700287 ], [ -64.251513014389047, 48.803729872619229 ], [ -64.30169390951697, 48.827211925047806 ], [ -64.321345032931035, 48.826304615904618 ], [ -64.33115338403374, 48.834468274633153 ], [ -64.375529084562814, 48.84958266034468 ], [ -64.411716341986832, 48.855730399170277 ], [ -64.430094927782662, 48.849548363672653 ], [ -64.437486711664448, 48.848718724513951 ], [ -64.437431485335708, 48.855835429044078 ], [ -64.413899918939634, 48.855811598122422 ], [ -64.456859430994982, 48.861493062883184 ], [ -64.481726236769262, 48.829518295458541 ], [ -64.459549299538438, 48.823638802227805 ], [ -64.457817309597431, 48.827808016164177 ], [ -64.437597676063035, 48.82592986870187 ], [ -64.44097209308768, 48.825293976290993 ], [ -64.411361536743442, 48.81740178963328 ], [ -64.40262512553322, 48.824084710957671 ], [ -64.402565241422494, 48.822915908922838 ], [ -64.401365683654575, 48.821428124424187 ], [ -64.403242634617129, 48.819363140352046 ], [ -64.403328891644435, 48.817086046444224 ], [ -64.402618964958165, 48.81556532457212 ], [ -64.401584151287793, 48.814606322772406 ], [ -64.401294430190973, 48.822292655018536 ], [ -64.402436704017589, 48.82416796596457 ], [ -64.403525795911861, 48.824136710815885 ], [ -64.404251768810241, 48.823300209888828 ], [ -64.414773108990545, 48.840354376026845 ], [ -64.412629689150123, 48.842161913808539 ], [ -64.401035739601838, 48.823276388054964 ], [ -64.400063414566958, 48.812825544743518 ], [ -64.378499570523701, 48.799375163739462 ], [ -64.382339813575356, 48.781039735660059 ], [ -64.375814720804172, 48.768424015153442 ], [ -64.337215368069621, 48.753962543598966 ], [ -64.328146770868258, 48.743361793054241 ], [ -64.33429420544509, 48.743839562383819 ], [ -64.297475493558679, 48.729200205381765 ], [ -64.289666830601433, 48.721421290117512 ], [ -64.29320074355158, 48.721061584637447 ], [ -64.281347839286681, 48.719052895607078 ], [ -64.262425542647222, 48.706693894386575 ], [ -64.253464305310501, 48.685749257660227 ], [ -64.235541229928515, 48.667905139320048 ], [ -64.218266997322075, 48.664625513265676 ], [ -64.213537236921169, 48.65712746619392 ], [ -64.186377461986893, 48.647244505243549 ], [ -64.167928443524431, 48.623799456350596 ], [ -64.177104320788629, 48.61689572320762 ], [ -64.199922754579816, 48.623029712572965 ], [ -64.241244893313947, 48.624723887265652 ], [ -64.302802182197141, 48.615785137110464 ], [ -64.296819834829378, 48.611597315743381 ], [ -64.323096028354513, 48.610425726552776 ], [ -64.317092789596387, 48.607561680792713 ], [ -64.322387323859076, 48.609264313999859 ], [ -64.323739842355081, 48.609104825817738 ], [ -64.325033300472981, 48.609800690419739 ], [ -64.324061783604037, 48.60896617156866 ], [ -64.315728385192159, 48.607262400200817 ], [ -64.312742546091698, 48.60564112368268 ], [ -64.322723954315478, 48.604492296948912 ], [ -64.31848307097161, 48.599475865308911 ], [ -64.296201826134208, 48.59752470279593 ], [ -64.302070277066235, 48.592600359103322 ], [ -64.292371493601991, 48.582825450336358 ], [ -64.299906102397415, 48.584365979525899 ], [ -64.294141180667594, 48.582399131382878 ], [ -64.296228769033192, 48.581668621071778 ], [ -64.297549667951628, 48.582729435963024 ], [ -64.298932791685374, 48.582499756183672 ], [ -64.298286536066598, 48.58281829360638 ], [ -64.299425566172758, 48.583207274957978 ], [ -64.300577160191935, 48.583168212569845 ], [ -64.303374588199986, 48.578982801153401 ], [ -64.296045138731969, 48.573370726627957 ], [ -64.300328170376261, 48.573862238127788 ], [ -64.300906129494066, 48.573666774958568 ], [ -64.301240027587383, 48.572943279996736 ], [ -64.294584141687196, 48.57296433695398 ], [ -64.298805717575064, 48.56894029879777 ], [ -64.294305149734015, 48.566813824649337 ], [ -64.291388656409012, 48.586423073675199 ], [ -64.28801824999681, 48.596267058614956 ], [ -64.283297419399446, 48.605334288923622 ], [ -64.273997516075127, 48.616359317884545 ], [ -64.289996585389517, 48.587671213385825 ], [ -64.290318324964701, 48.554497254295121 ], [ -64.278258062856281, 48.547002679835373 ], [ -64.249307609483949, 48.543380017389921 ], [ -64.204736834864747, 48.524755340592307 ], [ -64.218909739033606, 48.514844777423733 ], [ -64.218113247427908, 48.500260664989511 ], [ -64.228306988267846, 48.501384887003226 ], [ -64.28415609233447, 48.484473299422305 ], [ -64.306457091921345, 48.471752906243509 ], [ -64.310412069397017, 48.473340907298891 ], [ -64.316627346931398, 48.474209999508652 ], [ -64.307335695554428, 48.470676672642576 ], [ -64.329216377812457, 48.436089964434622 ], [ -64.316815409833694, 48.424473745522981 ], [ -64.317425282296767, 48.418258962090825 ], [ -64.329785560400452, 48.415417707825775 ], [ -64.34197811379903, 48.419090804073598 ], [ -64.371015634703568, 48.412756547357439 ], [ -64.396821653960714, 48.416476692574207 ], [ -64.39269863797314, 48.413971568720847 ], [ -64.422889067131536, 48.406665544531194 ], [ -64.469818895058395, 48.403394457908668 ], [ -64.49359554050082, 48.39171609114814 ], [ -64.494957447606112, 48.396241854590279 ], [ -64.505254965372316, 48.396341470183422 ], [ -64.52688220842073, 48.384981210505046 ], [ -64.578847916089515, 48.37594844994031 ], [ -64.591912247107416, 48.369623426695171 ], [ -64.581256306258695, 48.377840725881228 ], [ -64.602541786424638, 48.386057272861677 ], [ -64.592182550491572, 48.371796959293384 ], [ -64.595653805813129, 48.366206687055865 ], [ -64.648818875100474, 48.353049873579067 ], [ -64.655684032086086, 48.347876909782045 ], [ -64.655136514185216, 48.343097732647202 ], [ -64.674290411917369, 48.346446887021663 ], [ -64.692357903154672, 48.327549411918561 ], [ -64.688510593022983, 48.334839672489871 ], [ -64.701263727890819, 48.342992017268891 ], [ -64.71089773022382, 48.338089623452952 ], [ -64.735001191356261, 48.339734857890441 ], [ -64.717424602269617, 48.32630505522291 ], [ -64.731840632374983, 48.322525977519156 ], [ -64.710716524315416, 48.320979765866262 ], [ -64.694801205686929, 48.327180537793389 ], [ -64.700664993401446, 48.312419645862263 ], [ -64.696043445283379, 48.304426457127661 ], [ -64.713800409892372, 48.303101494634291 ], [ -64.702246388312375, 48.302382400670531 ], [ -64.716211104447552, 48.2953639460573 ], [ -64.717166563195477, 48.290887085737417 ], [ -64.712849796034021, 48.290411640415741 ], [ -64.717133252356035, 48.28426564420117 ], [ -64.729374269200221, 48.285881609741828 ], [ -64.739939204622203, 48.280998674163953 ], [ -64.739106364763117, 48.268379179629328 ], [ -64.747525923976966, 48.256824986718655 ], [ -64.754492174127833, 48.257627616396285 ], [ -64.762107759495578, 48.240074411400414 ], [ -64.760199969243843, 48.226868631287282 ], [ -64.772402754695364, 48.220329002481201 ], [ -64.774209129685318, 48.20559049914548 ], [ -64.790824660685914, 48.20074413534595 ], [ -64.817540341220038, 48.203032958342618 ], [ -64.844668102414232, 48.191992818826549 ], [ -64.860517323918671, 48.191926273226578 ], [ -64.867452339876735, 48.185398623966059 ], [ -64.89417355937114, 48.187228649935371 ], [ -64.935643419438094, 48.176892343157633 ], [ -64.961623635592218, 48.18181485324989 ], [ -64.962878396888698, 48.191519119098466 ], [ -64.976821805876014, 48.197182442554059 ], [ -64.970856382297782, 48.180786174249519 ], [ -64.963106867179434, 48.183182130979546 ], [ -64.969474746256381, 48.178532552499107 ], [ -64.978697819896823, 48.17836776295507 ], [ -64.975138537793043, 48.175165570272803 ], [ -64.970425278824464, 48.177908785000177 ], [ -64.976700340198732, 48.168546096801805 ], [ -64.976780916200255, 48.158157064104891 ], [ -64.950437389235418, 48.15126022528608 ], [ -65.030700734708233, 48.106744204066459 ], [ -65.059397463280391, 48.100384867095528 ], [ -65.070969025285095, 48.092177899773731 ], [ -65.078896671932327, 48.093600298997629 ], [ -65.102280198967762, 48.077797647014386 ], [ -65.119823797550723, 48.073750148231824 ], [ -65.133919601759388, 48.058462884809252 ], [ -65.16790064178646, 48.043052107679109 ], [ -65.221483932275135, 48.032895256493305 ], [ -65.236937021537884, 48.026359757959781 ], [ -65.24791416995653, 48.014754082893283 ], [ -65.262879162821804, 48.023610992850848 ], [ -65.30158659528793, 48.016939023466428 ], [ -65.324484941402332, 48.003043814703091 ], [ -65.404325032736821, 48.000400825408185 ], [ -65.422481116004136, 48.005903871223865 ], [ -65.448504281270871, 48.003867148432676 ], [ -65.469191655144812, 48.015355492468402 ], [ -65.464976036140285, 48.018352445839504 ], [ -65.470562982876871, 48.018232344762453 ], [ -65.479806737616144, 48.035624213110339 ], [ -65.483828273239567, 48.03388164758249 ], [ -65.490479296337668, 48.042996535636682 ], [ -65.528083969832906, 48.064786782954691 ], [ -65.541852038356865, 48.067686115694151 ], [ -65.542804162615369, 48.063759430002762 ], [ -65.614603444855561, 48.078175657693315 ], [ -65.634119468370216, 48.087921831195686 ], [ -65.729770316968754, 48.114076906777498 ], [ -65.8136256071421, 48.122065258473114 ], [ -65.829949507498327, 48.13890617621454 ], [ -65.855290375995637, 48.152157288777914 ], [ -65.838655906355953, 48.158459329707391 ], [ -65.837800415636394, 48.163008609344594 ], [ -65.842251629267096, 48.164212270254026 ], [ -65.83817036603314, 48.168653644800266 ], [ -65.847476246908215, 48.168932862793646 ], [ -65.847379543587977, 48.163545357473012 ], [ -65.853648003450232, 48.15991501311052 ], [ -65.850672100417384, 48.157121853879175 ], [ -65.889838450840799, 48.17780319306506 ], [ -65.883795405420386, 48.173143961307062 ], [ -65.90010486396433, 48.169622823059981 ], [ -65.902289373208461, 48.190477874330675 ], [ -65.912008376496473, 48.196933895386245 ], [ -65.930210108719365, 48.193606130193224 ], [ -65.937121631545025, 48.200076676747052 ], [ -65.948848124904018, 48.193775916860055 ], [ -65.957630603389561, 48.196041127638878 ], [ -65.971573205432648, 48.185333301338794 ], [ -65.967362262296135, 48.18548493736229 ], [ -65.970403652425873, 48.181247870515257 ], [ -66.014225562124139, 48.152778239477904 ], [ -66.048908738265851, 48.111247869924924 ], [ -66.092172899108789, 48.093419276028619 ], [ -66.121880986919393, 48.086015352856798 ], [ -66.125552778596756, 48.087844015408898 ], [ -66.101340747751749, 48.092571286118947 ], [ -66.099461684549809, 48.097796835581441 ], [ -66.127835391065489, 48.103999000805331 ], [ -66.121722968897004, 48.090528520543437 ], [ -66.136065858381386, 48.108919645715645 ], [ -66.172088318031427, 48.113789622086536 ], [ -66.200175438330646, 48.106550490072223 ], [ -66.228607244249346, 48.105989435942931 ], [ -66.221441775390588, 48.107570909268148 ], [ -66.238139612959415, 48.110619200579869 ], [ -66.264871448932837, 48.101873947305158 ], [ -66.254801442350924, 48.106816572741536 ], [ -66.261873933019089, 48.105698696186217 ], [ -66.263394270646828, 48.111979644731271 ], [ -66.272875352241911, 48.110297569928491 ], [ -66.275893461944236, 48.114202407914789 ], [ -66.280349309016046, 48.115063854701383 ], [ -66.282080113605062, 48.116895448391361 ], [ -66.284566291981491, 48.117656108351262 ], [ -66.282665513260966, 48.112932144413818 ], [ -66.294731591942181, 48.115745491300856 ], [ -66.306107773739924, 48.110964980070712 ], [ -66.298953038043379, 48.09981924112337 ], [ -66.280384067663491, 48.095574767057123 ], [ -66.272702403856343, 48.089233322312538 ], [ -66.269729154423246, 48.097157552156041 ], [ -66.280388744628041, 48.067482694478038 ], [ -66.285745913488327, 48.065683857455184 ], [ -66.32592593596685, 48.06076169327504 ], [ -66.348900092694223, 48.077149906387127 ], [ -66.386820029741898, 48.088848697476955 ], [ -66.476501967519155, 48.084639094589143 ], [ -66.502431083876886, 48.07702510438228 ], [ -66.528127507520892, 48.048371930467987 ], [ -66.693605257482474, 48.00681068148328 ], [ -66.7267447284989, 48.009366227841554 ], [ -66.794230755701093, 47.991399246365681 ], [ -66.834556716698444, 48.000749808478737 ], [ -66.85630642188957, 48.000703458403592 ], [ -66.921270855939554, 47.98460509105481 ], [ -66.94190840009405, 47.971014035584986 ], [ -66.945418118078564, 47.95700913517225 ], [ -66.964619457021954, 47.940677246841382 ], [ -66.970120533555502, 47.915888075929203 ], [ -66.944731094380856, 47.90485375485202 ], [ -66.947608384355902, 47.89697882105466 ], [ -66.957396830977942, 47.892108314595156 ], [ -66.979199882876259, 47.894205133247439 ], [ -67.059283084248861, 47.935826133226669 ], [ -67.073001021499962, 47.922014218825787 ], [ -67.106601162100532, 47.913425673029927 ], [ -67.132973753916957, 47.915307708413238 ], [ -67.133442409530588, 47.899250253525793 ], [ -67.142716497820004, 47.892527017943763 ], [ -67.150041254546096, 47.890359189480193 ], [ -67.165104669519536, 47.897139168189753 ], [ -67.175074948322106, 47.882676357148881 ], [ -67.210843545065103, 47.875481814538531 ], [ -67.228215211630214, 47.887271519905788 ], [ -67.247449409079238, 47.88236917815361 ], [ -67.258417904125665, 47.890961660967832 ], [ -67.276413948140842, 47.892118490674591 ], [ -67.287758406123842, 47.898878650739228 ], [ -67.297822581221737, 47.899204826948136 ], [ -67.294698497227728, 47.888555455092408 ], [ -67.30484663522283, 47.885717783183964 ], [ -67.348638189225767, 47.895897528021209 ], [ -67.338271976840488, 47.888157375656355 ], [ -67.336662635166178, 47.872752586858056 ], [ -67.343865763360625, 47.868049117564411 ], [ -67.3470802154838, 47.873987155254945 ], [ -67.352311816410264, 47.873952101978652 ], [ -67.351920258026809, 47.86671229240482 ], [ -67.364722946565422, 47.856216315238093 ], [ -67.358475999357822, 47.847043979543535 ], [ -67.374400046593038, 47.844302880165358 ], [ -67.390397308741626, 47.850740243635812 ], [ -67.380022213302311, 47.856716505111343 ], [ -67.393656426437758, 47.859926431442176 ], [ -67.393329736366198, 47.868304477211751 ], [ -67.438316241415606, 47.880679758783742 ], [ -67.483209292312551, 47.903097807919266 ], [ -67.548774929879642, 47.920460358191583 ], [ -67.59465858694243, 47.924972075623465 ], [ -67.59678005467795, 47.931665215339343 ], [ -67.607751487930614, 47.936414523110948 ], [ -67.608427679612959, 47.948137520958042 ], [ -67.602231752957579, 47.952426065369792 ], [ -67.608016406841585, 47.959460436532936 ], [ -67.598673730282883, 47.969585969277389 ], [ -67.613807035462258, 47.979342981465891 ], [ -67.610819530788959, 47.989797949673083 ], [ -67.598046868946142, 47.9957070270858 ], [ -67.598075697416078, 47.999938462818278 ], [ -68.122605028304505, 47.999892420027805 ], [ -68.122792929754382, 47.916442195765413 ], [ -68.382334183177846, 47.916116945541496 ], [ -68.383549334916722, 47.553092290934543 ], [ -68.568107007245175, 47.427146240773752 ], [ -68.799628235595137, 47.348941931528536 ], [ -69.050712630713221, 47.300132582784897 ], [ -69.048913009270422, 47.305150942921536 ], [ -69.055016221476109, 47.314924845721066 ], [ -69.054549592155325, 47.375735035851861 ], [ -69.046255051277853, 47.38402900781611 ], [ -69.039728843950599, 47.383834065536085 ], [ -69.045147641127443, 47.393045931741561 ], [ -69.043573775195284, 47.397278759778501 ], [ -69.037392312593468, 47.396674572754151 ], [ -69.042553646735954, 47.4015963055665 ], [ -69.039952429253248, 47.400081420743831 ], [ -69.035398173445572, 47.401246346247639 ], [ -69.042432341445178, 47.404753737841467 ], [ -69.031585429669917, 47.402183421634895 ], [ -69.029981292595423, 47.408241172560622 ], [ -69.036612024123244, 47.407514968498091 ], [ -69.034395957394509, 47.414355827051104 ], [ -69.041965026296253, 47.415355263569211 ], [ -69.039389326739197, 47.422283536400975 ], [ -69.043546175111956, 47.427368516584792 ], [ -69.047955448386702, 47.427579231270997 ], [ -69.046307289657022, 47.424479373077176 ], [ -69.052291006531632, 47.422182880471226 ], [ -69.048411247726875, 47.424706712686231 ], [ -69.051966630290508, 47.429805990538739 ], [ -69.062968944738358, 47.434413574594025 ], [ -69.06183555215064, 47.430516213974514 ], [ -69.068241536866594, 47.42764608194063 ], [ -69.090580874514828, 47.424405093769785 ], [ -69.098727852388379, 47.431591890634266 ], [ -69.107189902147638, 47.427380806997476 ], [ -69.10787318224078, 47.43571343004195 ], [ -69.122282490344503, 47.442818932896465 ], [ -69.140704081720727, 47.443900694108251 ], [ -69.15665844586421, 47.451556327145354 ], [ -69.16222579418131, 47.447348342436555 ], [ -69.179214651199771, 47.457260192162622 ], [ -69.205072497951804, 47.451950550067323 ], [ -69.223920834904661, 47.459546892595441 ], [ -69.997082795710114, 46.695831404767489 ], [ -70.056627479663717, 46.415610657309465 ], [ -70.076469519652917, 46.40961733088394 ], [ -70.096733930484191, 46.409635615691748 ], [ -70.110785190130386, 46.386130653368497 ], [ -70.116644810663303, 46.388240777533063 ], [ -70.127937367325188, 46.379343227757097 ], [ -70.126966514134367, 46.370889909776231 ], [ -70.1372561188454, 46.369445097722718 ], [ -70.14800392540991, 46.359099531674573 ], [ -70.172348666130659, 46.359333113818444 ], [ -70.191806067144313, 46.349724705670667 ], [ -70.208962465365346, 46.329688255651284 ], [ -70.203065966101661, 46.314389312552834 ], [ -70.20576307328777, 46.299911080711361 ], [ -70.231672607027392, 46.291024268154359 ], [ -70.252513426813607, 46.260003503059785 ], [ -70.25097622577961, 46.249061329597843 ], [ -70.274303726326025, 46.215044325184707 ], [ -70.271622681011991, 46.210106152997376 ], [ -70.292692486338836, 46.191473566690249 ], [ -70.290612893897745, 46.185124962970676 ], [ -70.236318265891001, 46.145188380568094 ], [ -70.254521202447123, 46.113714256689768 ], [ -70.253113296262512, 46.100130302580546 ], [ -70.284269765678488, 46.100595255756552 ], [ -70.292834748659175, 46.08609254283656 ], [ -70.301923502028686, 46.082195975658763 ], [ -70.302755373536144, 46.070674685571781 ], [ -70.31022926789494, 46.063210816520218 ], [ -70.28550409182867, 46.06269001078671 ], [ -70.278831196730167, 46.060329379086973 ], [ -70.279046703791565, 46.055888974431518 ], [ -70.29946303302772, 46.03816945678755 ], [ -70.299537731117653, 46.029661751675903 ], [ -70.317802625239324, 46.018659695684377 ], [ -70.310593521875859, 46.014971485181235 ], [ -70.3034114474966, 45.999161871975133 ], [ -70.284311712215569, 45.995613988429021 ], [ -70.307759709297144, 45.982276135791174 ], [ -70.314971425678692, 45.96255431260456 ], [ -70.275790969613425, 45.967258292722263 ], [ -70.273640623222263, 45.961621002772183 ], [ -70.266290868840684, 45.964322463824395 ], [ -70.2583383529862, 45.959297913408626 ], [ -70.260008630383595, 45.952388156591255 ], [ -70.252301956001986, 45.955243499637184 ], [ -70.238992986576278, 45.944042539861492 ], [ -70.262199397557353, 45.924407786632045 ], [ -70.258734004349392, 45.909021189496357 ], [ -70.252965251048479, 45.907516357423994 ], [ -70.265157694688511, 45.893103956275297 ], [ -70.259270078021871, 45.889534804635218 ], [ -70.308558076383406, 45.85830631246759 ], [ -70.341952604617106, 45.852791175464155 ], [ -70.360466523162984, 45.834896634467377 ], [ -70.371433595919029, 45.835199818396525 ], [ -70.373008121965981, 45.827814373643008 ], [ -70.387551151800352, 45.820425950230373 ], [ -70.396633560031347, 45.808010572444331 ], [ -70.398151109899771, 45.797222296965721 ], [ -70.417078971897311, 45.795141365738019 ], [ -70.416014436429776, 45.785423299863275 ], [ -70.406513755573016, 45.775770014264587 ], [ -70.407406397122571, 45.762307944780126 ], [ -70.388146546500423, 45.751404038712963 ], [ -70.394047484993607, 45.740250879708448 ], [ -70.383963752469867, 45.734361856578758 ], [ -70.395842333807607, 45.729599933703845 ], [ -70.400223570697975, 45.71999543904856 ], [ -70.439128103287274, 45.70385459838252 ], [ -70.466274859903834, 45.706024899535649 ], [ -70.525530460329165, 45.66672571000332 ], [ -70.533585658955857, 45.671385077184837 ], [ -70.540466620953538, 45.667070694478348 ], [ -70.557736327999052, 45.666952878819941 ], [ -70.564889886815195, 45.654573092624226 ], [ -70.583179406994788, 45.641964801213184 ], [ -70.591422232075757, 45.62975152452676 ], [ -70.605367399988893, 45.626237216409777 ], [ -70.619734808326243, 45.611333072657708 ], [ -70.645009326262553, 45.606704662796737 ], [ -70.659565910423794, 45.585899726768133 ], [ -70.67780198389076, 45.570376805322056 ], [ -70.687398113067573, 45.568509525511956 ], [ -70.689241192099217, 45.561005795137916 ], [ -70.677264822999433, 45.551815973832412 ], [ -70.686388220937673, 45.549612061139413 ], [ -70.6999178844803, 45.529419916934906 ], [ -70.72346029016785, 45.51247854412334 ], [ -70.722356700822019, 45.506119696395885 ], [ -70.711197211907461, 45.498730073945381 ], [ -70.717150008600839, 45.488328691234877 ], [ -70.691637749428111, 45.473845023234261 ], [ -70.693318456178147, 45.466343164965821 ], [ -70.682551559082626, 45.461940202937967 ], [ -70.68015643722751, 45.451997844267773 ], [ -70.650935623443644, 45.445322188512613 ], [ -70.640119772774781, 45.430425646818115 ], [ -70.630003873626521, 45.426544123828329 ], [ -70.628172085448099, 45.421267872644329 ], [ -70.63501872400154, 45.411648808942175 ], [ -70.621838088780336, 45.403079691670449 ], [ -70.635211519813993, 45.396691256203894 ], [ -70.637032404070496, 45.382281115202844 ], [ -70.65981658346189, 45.377522345733944 ], [ -70.660636441570333, 45.38507444614747 ], [ -70.681295134896146, 45.394940002753195 ], [ -70.710223924131782, 45.39010605169873 ], [ -70.721935718487856, 45.394589209227945 ], [ -70.743261448447967, 45.411725712798244 ], [ -70.744040728908956, 45.420898091579609 ], [ -70.754091033209264, 45.427718322369842 ], [ -70.781411554629983, 45.430706740375186 ], [ -70.796174643375821, 45.427677126722678 ], [ -70.826041348549396, 45.398436950112497 ], [ -70.823318391460475, 45.390834526419354 ], [ -70.813157428785047, 45.387484405406255 ], [ -70.802128729864208, 45.366707360975532 ], [ -70.814067814491438, 45.356467630903445 ], [ -70.80947046686957, 45.349492467765707 ], [ -70.819542352053389, 45.339617760789089 ], [ -70.81666516542326, 45.33105711933694 ], [ -70.807720363000826, 45.327182596409386 ], [ -70.808992330935652, 45.311838559377563 ], [ -70.815173592009756, 45.307996680677739 ], [ -70.811738697009574, 45.303825850570163 ], [ -70.817036850065278, 45.297693285305208 ], [ -70.834408201451879, 45.293522926901694 ], [ -70.828822267393676, 45.287941951658595 ], [ -70.832848357852356, 45.277719470663229 ], [ -70.849031434839532, 45.262138565143374 ], [ -70.849434609725179, 45.244664171761706 ], [ -70.837224797282957, 45.236959426291008 ], [ -70.838706890316132, 45.233908267943413 ], [ -70.857947903700818, 45.22863758360608 ], [ -70.892951899502066, 45.238666354483229 ], [ -70.898482836457134, 45.24370951758209 ], [ -70.895726000616264, 45.251567287506667 ], [ -70.899008838639105, 45.258438912415983 ], [ -70.906303187249378, 45.260497613271731 ], [ -70.906145639307113, 45.266241268726326 ], [ -70.921432218766526, 45.278900345016311 ], [ -70.912031816423024, 45.296795087234557 ], [ -70.918867426785539, 45.304152419958783 ], [ -70.918903034988958, 45.312538206144147 ], [ -70.943471132137645, 45.323647929914003 ], [ -70.951813054976739, 45.338554722834672 ], [ -70.967501473080873, 45.332204339145356 ], [ -70.984748494858565, 45.332011757323784 ], [ -71.009633495288256, 45.347559616322961 ], [ -71.011354843901984, 45.334116783850504 ], [ -71.001603590113746, 45.32841766165626 ], [ -71.008882940836685, 45.319248849777395 ], [ -71.032527928277503, 45.310185972974374 ], [ -71.062732813471484, 45.313182720154806 ], [ -71.097563681692804, 45.301831907178638 ], [ -71.11031936455727, 45.284656415110064 ], [ -71.104813295266055, 45.282753414477916 ], [ -71.106672276207973, 45.278876358101272 ], [ -71.116279784901153, 45.273956029486044 ], [ -71.124602374595739, 45.254844102063139 ], [ -71.133239085206696, 45.244491492413239 ], [ -71.146997914665803, 45.239555841867777 ], [ -71.161347176409464, 45.250023975237269 ], [ -71.181425623116965, 45.240048582576314 ], [ -71.197723271846684, 45.254159572726586 ], [ -71.229994269870858, 45.249464591342921 ], [ -71.235787205759237, 45.260733915280682 ], [ -71.258935986004403, 45.271718434622997 ], [ -71.265026428629284, 45.293870668527518 ], [ -71.280177363607521, 45.294482975065165 ], [ -71.284110073012243, 45.302204776565567 ], [ -71.296619086584229, 45.299128479903601 ], [ -71.308254599593795, 45.28712679851045 ], [ -71.329717762274669, 45.280863290254054 ], [ -71.336441659985269, 45.272887374107519 ], [ -71.360433595868258, 45.270303559987319 ], [ -71.363665104155288, 45.266169452648157 ], [ -71.358096749158435, 45.251806147601428 ], [ -71.378227182129791, 45.243869600995566 ], [ -71.384612221036647, 45.233050096813514 ], [ -71.403434402310737, 45.24261051512498 ], [ -71.420608492381319, 45.23238463641583 ], [ -71.442248685167641, 45.238499772048776 ], [ -71.443700321223332, 45.235587784455127 ], [ -71.415773551899534, 45.218351295617261 ], [ -71.402393597803993, 45.214864049433373 ], [ -71.397488321281358, 45.202964576466044 ], [ -71.41425667695745, 45.184924231461906 ], [ -71.426419039387525, 45.15271931533254 ], [ -71.437626881335845, 45.141260558917615 ], [ -71.426314789632642, 45.13012244555761 ], [ -71.428604453681729, 45.123221122147385 ], [ -71.45042456564957, 45.110429031322035 ], [ -71.449997713286237, 45.104155307305902 ], [ -71.464452739052803, 45.093388974651582 ], [ -71.469371422859894, 45.083870835783507 ], [ -71.480478632886459, 45.083268355344373 ], [ -71.488975082263991, 45.071238556801333 ], [ -71.498082433446754, 45.07033743746458 ], [ -71.496427470022368, 45.062965141506602 ], [ -71.501645013617321, 45.058241956790162 ], [ -71.497347677899455, 45.055806543142118 ], [ -71.505599191344245, 45.049909526963354 ], [ -71.491021510099728, 45.04293204186849 ], [ -71.500319980126577, 45.026683459816212 ], [ -71.49960447379155, 45.014915654788034 ], [ -71.505284532219207, 45.013399863354671 ], [ -72.210957808147057, 45.005283700483041 ], [ -72.214864712624816, 45.022860753441797 ], [ -72.222749917183691, 45.026473647292939 ], [ -72.229148268768995, 45.022515321329792 ], [ -72.234696154391685, 45.026970808473216 ], [ -72.231716936686766, 45.036890654154668 ], [ -72.224830206078849, 45.040153099960229 ], [ -72.22457166166663, 45.041560111800685 ], [ -72.223019965171247, 45.041090270772131 ], [ -72.221201616181361, 45.043242459137822 ], [ -72.220212275030775, 45.042435197893113 ], [ -72.219742582808081, 45.042432777748758 ], [ -72.217763493012058, 45.044229917504119 ], [ -72.217034338616884, 45.046696650393265 ], [ -72.217211487244242, 45.046971017425655 ], [ -72.218708194436459, 45.04752960606568 ], [ -72.216814973340036, 45.048599682199324 ], [ -72.218289531787619, 45.049877911574072 ], [ -72.216615722010502, 45.050350196104048 ], [ -72.215843376542992, 45.05108751277605 ], [ -72.215372166583165, 45.054514726113808 ], [ -72.218555441768885, 45.049893386926357 ], [ -72.21730527148064, 45.048440604972306 ], [ -72.219141161017362, 45.047504159207094 ], [ -72.21809937162601, 45.044112080869304 ], [ -72.221397142616709, 45.043400259875263 ], [ -72.223242223919357, 45.041482764614699 ], [ -72.22458790460739, 45.041749538865169 ], [ -72.226662848782709, 45.039801573497634 ], [ -72.230878855169365, 45.043468689735299 ], [ -72.228544050994984, 45.053422081719063 ], [ -72.204646146153351, 45.089296600736695 ], [ -72.193984530428224, 45.09707354070764 ], [ -72.169696460050986, 45.101451731561504 ], [ -72.159547011832316, 45.112595832076707 ], [ -72.165475311604027, 45.115335752046413 ], [ -72.174488451757483, 45.106854527278365 ], [ -72.182483958449012, 45.107889386390951 ], [ -72.2154459523491, 45.084105552167813 ], [ -72.233403942641658, 45.059823284828745 ], [ -72.24264855027829, 45.062765583746959 ], [ -72.262065299677857, 45.056472693895117 ], [ -72.273719479899739, 45.084342314012815 ], [ -72.259714771226967, 45.100849275009416 ], [ -72.271857765447351, 45.101284224653128 ], [ -72.254719117400029, 45.107750583712836 ], [ -72.257353664190433, 45.115375437170208 ], [ -72.267611497413341, 45.116746704426006 ], [ -72.245333875394394, 45.159833612413273 ], [ -72.222501388945133, 45.18090230891449 ], [ -72.219261256773464, 45.190716265033366 ], [ -72.206217713335533, 45.197373989481534 ], [ -72.205225858479295, 45.209042892641591 ], [ -72.196414534690689, 45.211356214523619 ], [ -72.187078793169917, 45.23486383838506 ], [ -72.176706344141863, 45.233617526548571 ], [ -72.159508070357447, 45.265794594775549 ], [ -72.166668753566015, 45.271490575985219 ], [ -72.189489140277388, 45.264763579003535 ], [ -72.200987375133948, 45.239346557868416 ], [ -72.207723116155705, 45.234236609302556 ], [ -72.202004572079673, 45.230828953361751 ], [ -72.212417113044722, 45.224224523389253 ], [ -72.214834122309597, 45.215948020970821 ], [ -72.226318887147187, 45.216533781743927 ], [ -72.22567324846338, 45.203366652311907 ], [ -72.233553449446347, 45.187120877673784 ], [ -72.281650580880296, 45.137281940660955 ], [ -72.294201712852399, 45.105065827026564 ], [ -72.294773193400701, 45.091090571702026 ], [ -72.282535968628878, 45.069114479575049 ], [ -72.281255855096362, 45.046021251426936 ], [ -72.271366068376324, 45.036369271763554 ], [ -72.255373444458741, 45.004425126549933 ], [ -72.555401638272926, 45.008060347906756 ], [ -72.694988369491782, 45.015592414158746 ], [ -73.09082628101919, 45.015326430899655 ], [ -73.087055354548909, 45.032519930877413 ], [ -73.075921954736316, 45.042738985847606 ], [ -73.077306673972387, 45.059010642437258 ], [ -73.095683231966817, 45.071509691445499 ], [ -73.114305065265796, 45.073283529809146 ], [ -73.126453194289724, 45.072025243693389 ], [ -73.137511532514011, 45.058154310043015 ], [ -73.166033627320019, 45.058670076222356 ], [ -73.170945191166012, 45.034884927189175 ], [ -73.191252351538552, 45.013711961770802 ], [ -73.335275133908851, 45.010838386709736 ], [ -73.333977316841199, 45.026299029828003 ], [ -73.323240022649088, 45.044064591003107 ], [ -73.311723491328365, 45.085906396587575 ], [ -73.289411414045105, 45.102461660854026 ], [ -73.279498380345686, 45.102843795865269 ], [ -73.263533535682456, 45.118778286028878 ], [ -73.258451843916376, 45.116558455371745 ], [ -73.261859598053022, 45.119472950504708 ], [ -73.255541665225664, 45.121104928193866 ], [ -73.251537867011336, 45.130216449645218 ], [ -73.243435278122291, 45.307684779615052 ], [ -73.257603595868119, 45.328209184149159 ], [ -73.259218633397523, 45.341717954202018 ], [ -73.245582392155001, 45.372420106509907 ], [ -73.254795114706852, 45.400897586109679 ], [ -73.240962567196263, 45.414718404975233 ], [ -73.249709191029723, 45.435654839450066 ], [ -73.257084668497072, 45.445255010951037 ], [ -73.267521349467927, 45.45127145443815 ], [ -73.264409133757496, 45.448679028656912 ], [ -73.27063182036261, 45.449085273137378 ], [ -73.249418489947686, 45.43223890015522 ], [ -73.244543388600036, 45.416294736869666 ], [ -73.257675437814655, 45.40196771489758 ], [ -73.257450973503381, 45.378929816180701 ], [ -73.25368071773859, 45.383984993081725 ], [ -73.251164017273581, 45.369960324941289 ], [ -73.248987834876829, 45.372148323295654 ], [ -73.265928822238806, 45.342675190153201 ], [ -73.262161302873466, 45.321050455138241 ], [ -73.253158564139142, 45.318383666195544 ], [ -73.248013235959192, 45.304010507203813 ], [ -73.25176507241288, 45.311008162221377 ], [ -73.246539897198119, 45.279395772889586 ], [ -73.246520889595317, 45.272563345386892 ], [ -73.250639480140293, 45.272536503677237 ], [ -73.246512020656226, 45.27243718355593 ], [ -73.246584931155198, 45.268000536252202 ], [ -73.2512129071538, 45.268395574896317 ], [ -73.24634731558497, 45.264954377495286 ], [ -73.24816807876995, 45.231451502442503 ], [ -73.263556160476298, 45.203457507083108 ], [ -73.260351581971904, 45.197890735908111 ], [ -73.264408527158935, 45.19343365369906 ], [ -73.264210237394181, 45.178181835353207 ], [ -73.271118976064798, 45.174893038673225 ], [ -73.265816009095943, 45.174758603930734 ], [ -73.264740194078911, 45.169116188934602 ], [ -73.263269617200763, 45.158048774981019 ], [ -73.267964295507866, 45.157210928433379 ], [ -73.260269258204119, 45.156301764061183 ], [ -73.260871156360636, 45.138190496784226 ], [ -73.276939487703658, 45.129585433571826 ], [ -73.268978077871566, 45.128771884520454 ], [ -73.277846046508316, 45.128617923827711 ], [ -73.269243056680239, 45.127578655977487 ], [ -73.279494392520292, 45.127508559468446 ], [ -73.269376856501964, 45.126518469422805 ], [ -73.280212409928552, 45.126889261477977 ], [ -73.269648848415429, 45.12551440432496 ], [ -73.282350647599614, 45.125553170324814 ], [ -73.270714957792833, 45.124738412506424 ], [ -73.284688769108243, 45.122212662490774 ], [ -73.279930638779987, 45.12145695294786 ], [ -73.280229700214818, 45.120813333315368 ], [ -73.28484015326292, 45.121827854323122 ], [ -73.28513108980296, 45.12145417340539 ], [ -73.280467916857845, 45.120501858197009 ], [ -73.279561625770384, 45.108776915026382 ], [ -73.302591832914345, 45.104620736681554 ], [ -73.294352994744173, 45.104263921848407 ], [ -73.302415234814632, 45.103717938184325 ], [ -73.296488730225732, 45.102117373403317 ], [ -73.321808343235475, 45.085622988104916 ], [ -73.325212262237585, 45.070891995485098 ], [ -73.334025799576153, 45.063990526123497 ], [ -73.337919867886058, 45.045332457298684 ], [ -73.350687698481224, 45.031852771993513 ], [ -73.348570227971877, 45.024260570651734 ], [ -73.356081905905057, 45.021695415837016 ], [ -73.352453591307381, 45.010570774641074 ], [ -73.858331915418916, 45.001769113963071 ], [ -74.150051842644942, 44.991143167659651 ], [ -74.63754020216777, 44.999319740641901 ], [ -74.617448208347213, 45.003685622007978 ], [ -74.60261702296917, 45.018092038324426 ], [ -74.569688770093506, 45.020520251161827 ], [ -74.57151574463677, 45.018915777115822 ], [ -74.569482980476479, 45.017494824929969 ], [ -74.570360627930242, 45.017237073076011 ], [ -74.570911870871797, 45.016500989272423 ], [ -74.572555116070149, 45.015687976055652 ], [ -74.573284017706484, 45.014952554000963 ], [ -74.569306450770867, 45.017341144596465 ], [ -74.569406701682681, 45.020897272549185 ], [ -74.558737022525847, 45.025240458329101 ], [ -74.534726141839528, 45.026171374586426 ], [ -74.55433381735925, 45.026690664093955 ], [ -74.535617634266856, 45.036797208734392 ], [ -74.528596635088803, 45.032168507908189 ], [ -74.515038468592607, 45.039673302310675 ], [ -74.493956073407091, 45.036026090833843 ], [ -74.474127887270285, 45.039888326564061 ], [ -74.476390686567228, 45.04236524706554 ], [ -74.449445513730311, 45.059738108179104 ], [ -74.44884334243099, 45.058961038367649 ], [ -74.449623318365227, 45.058415706746388 ], [ -74.449138809351965, 45.057288133070386 ], [ -74.448227140199137, 45.055681390180304 ], [ -74.446977232167924, 45.054910200228342 ], [ -74.449358101857939, 45.058261383992544 ], [ -74.448524797901001, 45.059067535830557 ], [ -74.450960105425921, 45.06339114938806 ], [ -74.436439866753375, 45.057127155641091 ], [ -74.444422578302166, 45.062981443340135 ], [ -74.441348678261221, 45.065594981995844 ], [ -74.444592628878112, 45.069031493835979 ], [ -74.436254154200199, 45.06827050055513 ], [ -74.442618926674243, 45.077357554875668 ], [ -74.421691464538398, 45.080107080238328 ], [ -74.422081789725766, 45.085501128084907 ], [ -74.418483527929482, 45.081963152179341 ], [ -74.416665132801711, 45.080855670232033 ], [ -74.426935781146938, 45.090584604148098 ], [ -74.431966550713057, 45.090744744541773 ], [ -74.421037338280513, 45.095811882577202 ], [ -74.416287618248845, 45.094221404150836 ], [ -74.418777637565398, 45.093054871836173 ], [ -74.410854770438775, 45.086172915124045 ], [ -74.418207072001692, 45.092925934937121 ], [ -74.410281191430784, 45.0962249350832 ], [ -74.40203301365311, 45.088908625223432 ], [ -74.407041623989883, 45.096100137745495 ], [ -74.410330047417929, 45.096414237320808 ], [ -74.412772676492182, 45.096174771716726 ], [ -74.414766556749598, 45.097562267627822 ], [ -74.40562476449989, 45.101592864497682 ], [ -74.407529625588623, 45.109128232214097 ], [ -74.414424805364888, 45.108614698342208 ], [ -74.404392087536991, 45.115017064992323 ], [ -74.411307866729928, 45.118752637022311 ], [ -74.40585428735794, 45.122352092536431 ], [ -74.408234822440235, 45.125767116696281 ], [ -74.401469470473216, 45.128252340522948 ], [ -74.394199267680094, 45.121912794714135 ], [ -74.40134136865386, 45.12834169071688 ], [ -74.383592732093021, 45.125672764641436 ], [ -74.388303063559931, 45.128722680548456 ], [ -74.366766269840284, 45.135185543353025 ], [ -74.363019615780843, 45.141582935466872 ], [ -74.346423823542452, 45.1435595609898 ], [ -74.341713502314875, 45.137276327918173 ], [ -74.33675687883013, 45.133682948343775 ], [ -74.335010360279725, 45.132952666447572 ], [ -74.333617222998427, 45.129181835087877 ], [ -74.3311146837937, 45.127870954852064 ], [ -74.326392194614499, 45.127195058337648 ], [ -74.324076418410868, 45.127316419513988 ], [ -74.324300267723615, 45.125589412308912 ], [ -74.321418580508066, 45.124114039679604 ], [ -74.321063431999619, 45.124039902059017 ], [ -74.319738037933817, 45.124293074157926 ], [ -74.318553599524009, 45.123385844052216 ], [ -74.317931968726171, 45.121131701941799 ], [ -74.317308737976902, 45.120083784865386 ], [ -74.316191410641451, 45.118888858210774 ], [ -74.312126623631798, 45.116460986541639 ], [ -74.304118934990981, 45.11316284394082 ], [ -74.303102973275898, 45.11307561908756 ], [ -74.301626309901195, 45.113237650058224 ], [ -74.29800385952116, 45.11524982059386 ], [ -74.294272730126167, 45.114713720776621 ], [ -74.283565476866002, 45.114926111531211 ], [ -74.281311058470237, 45.114245818799589 ], [ -74.277934483832553, 45.113837458100988 ], [ -74.275608062732118, 45.113831713373628 ], [ -74.2668111101557, 45.114783773970814 ], [ -74.260017844218851, 45.113155651374342 ], [ -74.258994602331896, 45.113635123074779 ], [ -74.267267046160953, 45.114921733663451 ], [ -74.298117070355715, 45.115349537410445 ], [ -74.304243980841449, 45.113334638606318 ], [ -74.323871838351081, 45.127414226225582 ], [ -74.333437635542737, 45.129315802866913 ], [ -74.334969176647547, 45.133213488950929 ], [ -74.34401082219307, 45.142123446828954 ], [ -74.353787183451715, 45.149308536705931 ], [ -74.322984139848003, 45.162668629904253 ], [ -74.321937835995428, 45.167208249469944 ], [ -74.304107062574687, 45.165372685705513 ], [ -74.304226315110171, 45.16916310856444 ], [ -74.299331528236294, 45.165685541029255 ], [ -74.294787590829813, 45.173002917888795 ], [ -74.263121222821681, 45.173271097873418 ], [ -74.254700532772716, 45.177834283755651 ], [ -74.241366387956049, 45.172732581256717 ], [ -74.246081654197098, 45.178983949957299 ], [ -74.222351730385029, 45.175665236732172 ], [ -74.163796769518328, 45.200789152397689 ], [ -74.16206575915821, 45.208553846193112 ], [ -74.166216942145496, 45.212923009120686 ], [ -74.158436824092945, 45.214576238220879 ], [ -74.157914235197509, 45.224960208902061 ], [ -74.098629410207977, 45.215470112179197 ], [ -74.049329801105173, 45.214683281639246 ], [ -73.992408418782503, 45.228732814389737 ], [ -73.960236840003134, 45.250039186554048 ], [ -73.906641876184651, 45.303085998056417 ], [ -73.902839575567, 45.316221246828938 ], [ -73.853689072970141, 45.317763786809209 ], [ -73.849127518830571, 45.32061638565569 ], [ -73.853533092147956, 45.324864358058747 ], [ -73.849370654306924, 45.327513934716372 ], [ -73.821168784080797, 45.332456130583104 ], [ -73.813093075814535, 45.343327203398367 ], [ -73.787928583386929, 45.357357109570444 ], [ -73.794254197802928, 45.359494390015435 ], [ -73.780634870150081, 45.36940431122752 ], [ -73.762758729701943, 45.368716972334113 ], [ -73.776724943259723, 45.373062066078766 ], [ -73.769447275581186, 45.380040945265215 ], [ -73.771938991094871, 45.385891630737973 ], [ -73.764446644494498, 45.396756429270525 ], [ -73.755524491992929, 45.402186377217561 ], [ -73.755246964314082, 45.39911391410449 ], [ -73.73707142354634, 45.402856933730256 ], [ -73.71998148354939, 45.398598059120346 ], [ -73.71475683199732, 45.405875475936952 ], [ -73.697750017270351, 45.408041155241385 ], [ -73.685297661699011, 45.416985324619361 ], [ -73.63303949546885, 45.401639788635663 ], [ -73.58546142866679, 45.407443821410133 ], [ -73.577690281304413, 45.402495392686703 ], [ -73.566912731492039, 45.406267233907734 ], [ -73.52667129609317, 45.400435359171979 ], [ -73.511663485009265, 45.406550689563346 ], [ -73.491140706382353, 45.431157567811368 ], [ -73.495327557054509, 45.43800317558032 ], [ -73.496267724175368, 45.466135481727804 ], [ -73.520392207273829, 45.506262918796196 ], [ -73.527005529826923, 45.533432880522774 ], [ -73.506211549540225, 45.546295442027635 ], [ -73.488066847633988, 45.571331770120295 ], [ -73.459546553919481, 45.598214855228257 ], [ -73.456980495634497, 45.620718801421283 ], [ -73.444939247144475, 45.645173211538513 ], [ -73.442105403113587, 45.675170769791798 ], [ -73.440744621413131, 45.671002765167451 ], [ -73.436549423112822, 45.670432373658748 ], [ -73.434808714891929, 45.672082699979264 ], [ -73.433789721312223, 45.671330663715082 ], [ -73.434829362088351, 45.672263003857125 ], [ -73.440798301764758, 45.671381551104488 ], [ -73.443792014098165, 45.684266694516808 ], [ -73.430659690953078, 45.708884493424939 ], [ -73.432445961431853, 45.715299650512215 ], [ -73.365241034847301, 45.77492423369128 ], [ -73.339893246590378, 45.786043659456809 ], [ -73.302946800148845, 45.818596538656948 ], [ -73.248443815409587, 45.849375357688572 ], [ -73.230693087981592, 45.864879995988389 ], [ -73.208675376910023, 45.896552217696346 ], [ -73.209574526735622, 45.922308077644878 ], [ -73.203334785633771, 45.9493918935094 ], [ -73.18413576199795, 45.974649916806918 ], [ -73.149098989592389, 46.040916293291787 ], [ -73.137198174514978, 46.048148252749989 ], [ -73.093327989805346, 46.048882651910823 ], [ -73.068235766312142, 46.05933369800151 ], [ -73.011126541629153, 46.063034071124747 ], [ -72.979986080072322, 46.072064209261534 ], [ -72.951850135755421, 46.089447148255886 ], [ -72.947029396608372, 46.084104387058375 ], [ -72.951291045181719, 46.072408317337484 ], [ -72.947066312072806, 46.063935071250256 ], [ -72.939511005086786, 46.061006135425757 ], [ -72.944834568933928, 46.078772675001616 ], [ -72.944255936466504, 46.089472778169217 ], [ -72.940491254535061, 46.097820365537181 ], [ -72.937095085491961, 46.095914014671251 ], [ -72.942547351815719, 46.089154016605171 ], [ -72.941763890109357, 46.078573385765303 ], [ -72.934553407363865, 46.068704787183933 ], [ -72.914475509669103, 46.069294100702692 ], [ -72.917274027174244, 46.074304393194026 ], [ -72.906573909891364, 46.077177995211031 ], [ -72.911518921528724, 46.086304938047256 ], [ -72.926808075250008, 46.088374470059158 ], [ -72.916943982164668, 46.096124429158003 ], [ -72.920538473749886, 46.099619049833308 ], [ -72.928505420715425, 46.098314720057353 ], [ -72.932692099179789, 46.101567692742847 ], [ -72.921700566207036, 46.104500429617275 ], [ -72.924778595309547, 46.117291912446817 ], [ -72.918772922102349, 46.125895037599143 ], [ -72.913085276834437, 46.118149973237877 ], [ -72.902279596027554, 46.116413049475533 ], [ -72.87171552868304, 46.134091576408814 ], [ -72.873496299736786, 46.129534534164279 ], [ -72.868183147455724, 46.126663415230048 ], [ -72.821128513231045, 46.143110506251958 ], [ -72.812173616376555, 46.137422167103693 ], [ -72.802261915833839, 46.138906002117949 ], [ -72.805571154954237, 46.141318716366861 ], [ -72.79607078321331, 46.141882872997222 ], [ -72.797968574069387, 46.144943606497478 ], [ -72.793464797840272, 46.147475827504373 ], [ -72.77132717969117, 46.147334160901387 ], [ -72.772915138676595, 46.15098328643122 ], [ -72.754909756797829, 46.161602354558156 ], [ -72.750141125707017, 46.172767976580722 ], [ -72.753001781894014, 46.177279459191865 ], [ -72.748346290577331, 46.172939642552933 ], [ -72.751051857072454, 46.161553463564189 ], [ -72.740624581685125, 46.161878777244148 ], [ -72.716783401587122, 46.172403289928319 ], [ -72.691646625260475, 46.192914017557477 ], [ -72.666374139155735, 46.193228675883667 ], [ -72.65664110519279, 46.199932731274949 ], [ -72.652297294204757, 46.213353053546456 ], [ -72.658497677822595, 46.214497324344443 ], [ -72.655029367681578, 46.216784274548168 ], [ -72.659850811924954, 46.221401281063933 ], [ -72.665956712745057, 46.220824153447083 ], [ -72.665547612212023, 46.227413009752638 ], [ -72.671280555930238, 46.225243922479137 ], [ -72.665721668842295, 46.230647657774675 ], [ -72.670146920444552, 46.234563108168608 ], [ -72.653449335715138, 46.254454054779828 ], [ -72.640721050020645, 46.260204132038631 ], [ -72.646044908119819, 46.253752738026691 ], [ -72.638251752258824, 46.25455495912545 ], [ -72.619712409353923, 46.272503804227462 ], [ -72.612241735608876, 46.272086951262416 ], [ -72.561086339322898, 46.295028216468914 ], [ -72.552324937892195, 46.301078050395468 ], [ -72.555114549163093, 46.30404484849042 ], [ -72.551591628301409, 46.30208837298624 ], [ -72.537637033867824, 46.31162308742762 ], [ -72.518743043820066, 46.336138669001009 ], [ -72.504483954838676, 46.338240233215849 ], [ -72.450351744352446, 46.370859024390917 ], [ -72.448487663769356, 46.375983512042097 ], [ -72.435677591301328, 46.377406826227848 ], [ -72.438771633738654, 46.373534139805166 ], [ -72.435744638520248, 46.372089242181417 ], [ -72.431643575260182, 46.377190239843024 ], [ -72.425969535206605, 46.367603389494228 ], [ -72.431387480327018, 46.377382494870211 ], [ -72.405419918754475, 46.382024977611266 ], [ -72.382825280377943, 46.392192954337105 ], [ -72.381763194133526, 46.40269882248743 ], [ -72.380985570495909, 46.403995047758507 ], [ -72.378474674553274, 46.405350481228353 ], [ -72.379459278470208, 46.400278982207851 ], [ -72.370873374558016, 46.402439820896149 ], [ -72.37032954230979, 46.396433198156736 ], [ -72.375252323305801, 46.393333299266409 ], [ -72.350826157828479, 46.394362714482689 ], [ -72.340609922357928, 46.400353547283039 ], [ -72.33131058129274, 46.396572694856005 ], [ -72.309624183711804, 46.407179423566632 ], [ -72.291660420716155, 46.405252085669581 ], [ -72.24790578717267, 46.417923015640483 ], [ -72.234660193287112, 46.430482541302304 ], [ -72.234671832753591, 46.439509994628779 ], [ -72.22340308209219, 46.452205981309206 ], [ -72.206428250546153, 46.507548104447622 ], [ -72.188213962522141, 46.515210557612136 ], [ -72.164819350998343, 46.538374846105967 ], [ -72.106243013134375, 46.561045455374206 ], [ -72.080633950840209, 46.556298793529379 ], [ -72.069758834128351, 46.560790548011596 ], [ -72.036877240206664, 46.55742695999357 ], [ -72.014805481741433, 46.562851519062392 ], [ -72.00376388580338, 46.573317703420066 ], [ -71.99716034640484, 46.57256447452469 ], [ -72.000511524280071, 46.574312407186071 ], [ -71.997028701861694, 46.579407991639627 ], [ -71.960199487352455, 46.611831973944014 ], [ -71.916331398159585, 46.623516631445419 ], [ -71.875806316328053, 46.660651161775448 ], [ -71.846827523185951, 46.670385366750438 ], [ -71.809191241487625, 46.639195590781796 ], [ -71.777466732436693, 46.630034801414254 ], [ -71.760700449446915, 46.628145913908391 ], [ -71.751096975986457, 46.633012392850105 ], [ -71.750747135447654, 46.629204827412693 ], [ -71.741277123728025, 46.627425299697414 ], [ -71.694113453677744, 46.628933432661469 ], [ -71.642309809018798, 46.637693319853909 ], [ -71.598991531651748, 46.661878788890611 ], [ -71.583315633280364, 46.667309929452557 ], [ -71.553173150657145, 46.668238922357787 ], [ -71.489241246423603, 46.692939895579286 ], [ -71.44501706336797, 46.703307684859965 ], [ -71.396501359786242, 46.704604605392149 ], [ -71.346548400642391, 46.71836596424172 ], [ -71.330938077265756, 46.730528706606144 ], [ -71.260395226264421, 46.748152838459006 ], [ -71.206596756957566, 46.774105037616053 ], [ -71.203778417840226, 46.77822716858514 ], [ -71.20823101991455, 46.781075139033938 ], [ -71.195718763857926, 46.785878733607049 ], [ -71.199277588153421, 46.789617154391649 ], [ -71.193641476958447, 46.790859302845845 ], [ -71.184648382051918, 46.818578805190377 ], [ -71.165179682714651, 46.832334360446588 ], [ -71.15606146312561, 46.832809259521142 ], [ -71.152779577137707, 46.828452332522843 ], [ -71.113797995759924, 46.831914127481959 ], [ -71.094003750890749, 46.827590312206816 ], [ -71.055468436714008, 46.832761782502082 ], [ -71.052367522369039, 46.837074147735898 ], [ -71.040209462058485, 46.832539926547547 ], [ -70.987107454462247, 46.83483336317542 ], [ -70.94883776511135, 46.856469059624814 ], [ -70.93217314366396, 46.872406745822026 ], [ -70.911494981810094, 46.876154853021092 ], [ -70.882376029017351, 46.892052182127955 ], [ -70.871186807361269, 46.894108769832528 ], [ -70.865884081864507, 46.888926238063611 ], [ -70.859140352134958, 46.891303806637339 ], [ -70.858434983885715, 46.886086701720636 ], [ -70.840444056454487, 46.884694577268455 ], [ -70.794269277341854, 46.916997055062552 ], [ -70.786712888279226, 46.906049304768032 ], [ -70.790528887617654, 46.906614761035179 ], [ -70.792431520939871, 46.905605904186494 ], [ -70.792824709707816, 46.904402848998281 ], [ -70.793243927323175, 46.905161213675086 ], [ -70.793507601943574, 46.905193062003157 ], [ -70.794934187795917, 46.905053724156737 ], [ -70.795439419700301, 46.904847805673946 ], [ -70.795090901671244, 46.904241339940342 ], [ -70.768811474109128, 46.906072372405305 ], [ -70.755705485189679, 46.915678313761106 ], [ -70.751882645781023, 46.927327822142004 ], [ -70.74050291753268, 46.932882931027684 ], [ -70.735463541452432, 46.930610668520586 ], [ -70.736709201746976, 46.935820282024949 ], [ -70.725435417362945, 46.939460992032892 ], [ -70.72509056518075, 46.936132096482943 ], [ -70.712296163495864, 46.935333165221607 ], [ -70.628086028398826, 46.980099477595218 ], [ -70.581980347218732, 46.991499725810719 ], [ -70.553607145795212, 46.990421441956947 ], [ -70.551405345521431, 46.986140788370157 ], [ -70.549279030307318, 46.994016717500898 ], [ -70.501595162393699, 47.00926640554119 ], [ -70.472606066684733, 47.029611592237281 ], [ -70.468444355542189, 47.036225254546181 ], [ -70.471928845821651, 47.043271655639273 ], [ -70.462918953049297, 47.047886585267499 ], [ -70.454103215266642, 47.063089989693594 ], [ -70.380464841611683, 47.118822159408325 ], [ -70.378987426685512, 47.125418034111995 ], [ -70.370045543616257, 47.130447685380581 ], [ -70.372955812697057, 47.132347551654483 ], [ -70.359530256802643, 47.135378318795901 ], [ -70.316931292616502, 47.161351366676669 ], [ -70.312306722462836, 47.174122910600069 ], [ -70.304619368435709, 47.176340076109881 ], [ -70.301049102608673, 47.185507342718154 ], [ -70.281208945298332, 47.199433870629768 ], [ -70.273658984376397, 47.214295974745738 ], [ -70.241593598500756, 47.238313691287097 ], [ -70.232956600862593, 47.251453163698713 ], [ -70.236218773624188, 47.257041229122841 ], [ -70.22829050041112, 47.261704949275192 ], [ -70.229849073614531, 47.271379112582707 ], [ -70.194262443378065, 47.309111306709482 ], [ -70.172728885229759, 47.312933067584098 ], [ -70.172913149421845, 47.316476567870559 ], [ -70.144460004564834, 47.316890223150381 ], [ -70.141334178723724, 47.321663560407472 ], [ -70.108816093459239, 47.332861862531871 ], [ -70.055068200548618, 47.376894190863794 ], [ -70.042053141106265, 47.39332844150038 ], [ -70.041712001466948, 47.409680039007725 ], [ -70.047123245184451, 47.426797101119696 ], [ -70.061247944895285, 47.426522067169927 ], [ -70.032830445422888, 47.446252938539473 ], [ -70.023091481930877, 47.459103884024934 ], [ -70.025771829076803, 47.465936530771231 ], [ -70.034060048604701, 47.466031397232221 ], [ -70.018000641687848, 47.482041548413271 ], [ -70.024857934052008, 47.486288013186922 ], [ -69.988512819206861, 47.502103321102894 ], [ -69.986127942045471, 47.495255950474622 ], [ -69.973271038304858, 47.495135968134548 ], [ -69.943248416700513, 47.518497393637766 ], [ -69.939254955557146, 47.526486579700538 ], [ -69.942059961492419, 47.528561729203446 ], [ -69.932718155190457, 47.533676984682955 ], [ -69.930919676783247, 47.525899296206703 ], [ -69.919830001505659, 47.518466422790233 ], [ -69.90391191830669, 47.525107578698723 ], [ -69.857830127483012, 47.579764362010231 ], [ -69.855401732991581, 47.56631560029593 ], [ -69.852864580093694, 47.562299578285256 ], [ -69.851882985289848, 47.561631156249177 ], [ -69.846131220190344, 47.559427128294132 ], [ -69.844603584827894, 47.553425155499099 ], [ -69.84330723220107, 47.551357699035641 ], [ -69.846672538761837, 47.549050836330252 ], [ -69.842838590626371, 47.545767832129187 ], [ -69.846092104196288, 47.545810553906691 ], [ -69.84680981176372, 47.54288261317361 ], [ -69.843142189604052, 47.545044732265993 ], [ -69.842593758071644, 47.54624121901854 ], [ -69.844080492983494, 47.547125003134425 ], [ -69.842502183931614, 47.548678618146532 ], [ -69.846411682888032, 47.54883623338138 ], [ -69.843097434831591, 47.551228479774828 ], [ -69.845556337764307, 47.559181099036394 ], [ -69.855114592348343, 47.566320977848683 ], [ -69.857268681115798, 47.579946731332136 ], [ -69.818870709358848, 47.592839291249419 ], [ -69.805416088757099, 47.607102132276758 ], [ -69.797896826295798, 47.606101936657502 ], [ -69.783924019193989, 47.616599829491413 ], [ -69.74488956976279, 47.656612346476898 ], [ -69.744208282055624, 47.674270409655968 ], [ -69.741001577329527, 47.670782019547538 ], [ -69.727124233347837, 47.675819583717171 ], [ -69.724520379584732, 47.679237215448765 ], [ -69.729154643313365, 47.681943164868478 ], [ -69.72312166328679, 47.679255039355596 ], [ -69.707179936780705, 47.699437353331675 ], [ -69.701310619039688, 47.700903912556029 ], [ -69.697933720558524, 47.703713904832036 ], [ -69.696394513176557, 47.703201827864504 ], [ -69.695756201914165, 47.703435531304933 ], [ -69.6919118000677, 47.706572854371387 ], [ -69.695800601353525, 47.703694807362119 ], [ -69.697976959514278, 47.703956572779489 ], [ -69.702180135617184, 47.701303600404259 ], [ -69.675938315734996, 47.726267819219281 ], [ -69.64784046845692, 47.731621543953402 ], [ -69.590620396168973, 47.788885171788841 ], [ -69.590878576272956, 47.793994434607548 ], [ -69.59785159112937, 47.793085570850586 ], [ -69.586992973563241, 47.802292137394048 ], [ -69.59179042627504, 47.803743090911816 ], [ -69.589670204026874, 47.807568973712215 ], [ -69.575039745876296, 47.816748687661565 ], [ -69.550659781685241, 47.844214410042419 ], [ -69.552187658737353, 47.850511468803596 ], [ -69.558622811537504, 47.852909686876643 ], [ -69.567451920253617, 47.846145266501402 ], [ -69.573410974880062, 47.84594472352989 ], [ -69.573420298840858, 47.846790424832619 ], [ -69.567883658337706, 47.846512045756533 ], [ -69.54588880220696, 47.867735121634915 ], [ -69.54245995144413, 47.877136300143349 ], [ -69.550286321013459, 47.8768740565366 ], [ -69.509279957568893, 47.911269847139359 ], [ -69.500068698769169, 47.927588109069561 ], [ -69.513933389151106, 47.925256157740442 ], [ -69.52045407454294, 47.927922674073393 ], [ -69.513998264923117, 47.925605270255105 ], [ -69.510005745819115, 47.933969158560217 ], [ -69.517815438599499, 47.935762129062127 ], [ -69.52119078505855, 47.930756630610752 ], [ -69.519493565191723, 47.934943947327724 ], [ -69.51306420205195, 47.940890892873483 ], [ -69.496171270650279, 47.951083713613293 ], [ -69.479235383005175, 47.94897355944692 ], [ -69.473696459491393, 47.953981057379011 ], [ -69.476341384860177, 47.957587028162052 ], [ -69.43889780346889, 47.993290208007672 ], [ -69.418833235900919, 48.003343488131243 ], [ -69.408081578336237, 48.002453198232082 ], [ -69.392829056626667, 48.018112456041997 ], [ -69.372557360631362, 48.015048972093766 ], [ -69.358449733284786, 48.018809675874756 ], [ -69.34710530996125, 48.013555286062513 ], [ -69.34410548514164, 48.022363401638621 ], [ -69.348733108968943, 48.02460257887909 ], [ -69.348855564612876, 48.025310184542114 ], [ -69.338687037407709, 48.030034405292014 ], [ -69.333133319283689, 48.027550150160067 ], [ -69.268752457559657, 48.073795222491931 ], [ -69.275576474522538, 48.077008880067275 ], [ -69.264488471062947, 48.088331292348059 ], [ -69.21428937548842, 48.096240480594972 ], [ -69.222010594075741, 48.100752299559865 ], [ -69.220619564134608, 48.104549188355108 ], [ -69.206380432781316, 48.113890551044655 ], [ -69.20218708067047, 48.124222881866757 ], [ -69.18674224561731, 48.134831467638961 ], [ -69.183875356127885, 48.129157005603709 ], [ -69.172189284710427, 48.130965507169698 ], [ -69.164362507202981, 48.142079232268919 ], [ -69.134964005181089, 48.152500005948099 ], [ -69.12952463755046, 48.161330669259378 ], [ -69.13583857520139, 48.162926431101667 ], [ -69.132224315777307, 48.158663580270002 ], [ -69.138330528849565, 48.163044653284224 ], [ -69.108263714054118, 48.18543900661227 ], [ -69.106165173277589, 48.191279386542313 ], [ -68.984800571288829, 48.264571151693261 ], [ -68.953110987892202, 48.290905076614209 ], [ -68.88683396210763, 48.315968761316135 ], [ -68.866718722727441, 48.317629606488303 ], [ -68.850570146521008, 48.327785020824237 ], [ -68.851851476480334, 48.332563893295898 ], [ -68.858155932437739, 48.33132131685926 ], [ -68.854235683076382, 48.333961429242464 ], [ -68.80466497983177, 48.34745489695424 ], [ -68.807485047435065, 48.354809901844874 ], [ -68.830362345447242, 48.351517155056676 ], [ -68.815313521933362, 48.362451887838844 ], [ -68.819109786907347, 48.365525750730484 ], [ -68.815998075321886, 48.367302145108404 ], [ -68.79785809725243, 48.365688303227735 ], [ -68.794200818638373, 48.358592488083005 ], [ -68.798329083134817, 48.352401101938206 ], [ -68.793961170017838, 48.351070860429161 ], [ -68.778244309917312, 48.3555129649233 ], [ -68.780716333872817, 48.361392516266804 ], [ -68.769958640882393, 48.363953520353959 ], [ -68.770673023292659, 48.370225603347784 ], [ -68.753147805714534, 48.375596296534226 ], [ -68.765012886615082, 48.367857060789575 ], [ -68.754908070206795, 48.360790407816189 ], [ -68.758515428097141, 48.353919486755601 ], [ -68.729980343793983, 48.366925502493253 ], [ -68.724977229850168, 48.373933907627766 ], [ -68.704530437199466, 48.374100350202788 ], [ -68.724214157448642, 48.374603917919131 ], [ -68.726890142120524, 48.379234574805118 ], [ -68.681220600152329, 48.396656202896516 ], [ -68.67163441237777, 48.397858153545073 ], [ -68.676922586796437, 48.395569763317468 ], [ -68.681266936203514, 48.392197057496602 ], [ -68.66926461853447, 48.39318019357156 ], [ -68.597387641699413, 48.427633723847322 ], [ -68.579248961980099, 48.443744579780699 ], [ -68.568095206990975, 48.440329558237124 ], [ -68.543114953301512, 48.446455289521253 ], [ -68.538993092768052, 48.443824129781525 ], [ -68.518447215988374, 48.461607200586805 ], [ -68.513795124092042, 48.475390640396995 ], [ -68.517771883014873, 48.478232415334809 ], [ -68.513609849218994, 48.478270860371353 ], [ -68.51780704326957, 48.480956823544297 ], [ -68.509424863832962, 48.478971064736903 ], [ -68.493408058527422, 48.48753553206361 ], [ -68.492082501934533, 48.495590512183398 ], [ -68.464531921011456, 48.50764683662161 ], [ -68.473386851702827, 48.519233311542024 ], [ -68.464506674455578, 48.517749717202598 ], [ -68.44575174795186, 48.52681269917111 ], [ -68.426181571628135, 48.528711611266552 ], [ -68.385824222178073, 48.550625532477902 ], [ -68.370835734504425, 48.546379281163532 ], [ -68.355191368459302, 48.548101008897305 ], [ -68.326172538019733, 48.560988581936911 ], [ -68.291163124474622, 48.586283086718566 ], [ -68.183093455930901, 48.634777101488531 ], [ -68.151353367428641, 48.641609699096257 ], [ -68.14914192242972, 48.634270377842348 ], [ -68.134158099407856, 48.630259035130386 ], [ -68.085143641939439, 48.646356666304321 ], [ -68.071557754202885, 48.657970141591875 ], [ -68.074911766456466, 48.66465439502484 ], [ -68.063110663253639, 48.673393346839759 ], [ -68.033348245555828, 48.681244107877156 ], [ -68.039554746396618, 48.674926645133674 ], [ -68.019578844633571, 48.672509299361302 ], [ -68.024466792481647, 48.668394505920197 ], [ -68.019276914854217, 48.665669522741588 ], [ -67.984785892665755, 48.680241587565085 ], [ -67.960288687816757, 48.684989055877985 ], [ -67.882265307599312, 48.730769258343614 ], [ -67.833267342030794, 48.750758991569626 ], [ -67.793640994281702, 48.755042024920222 ], [ -67.778275947747872, 48.765977478640387 ], [ -67.696866327519075, 48.788133827194294 ], [ -67.637120046640419, 48.8119398000944 ], [ -67.597042745025377, 48.820365216836379 ], [ -67.574901246157452, 48.836331811390032 ], [ -67.578673515955728, 48.840759558803171 ], [ -67.581214571434714, 48.845369945074147 ], [ -67.580080820926483, 48.847865926294141 ], [ -67.57738447506425, 48.849218094431947 ], [ -67.580847978361604, 48.84532044177773 ], [ -67.575330612218565, 48.838010429430092 ], [ -67.569633581849203, 48.842330026447058 ], [ -67.575508546848582, 48.847593601513573 ], [ -67.566563921367248, 48.842912640419414 ], [ -67.534261114855184, 48.856468573974546 ], [ -67.481514434450816, 48.85598374252551 ], [ -67.398122785820775, 48.882779533871684 ], [ -67.371007620416222, 48.898655866205587 ], [ -67.289615825650515, 48.907822891634893 ], [ -67.274547707256517, 48.91934753802304 ], [ -67.236126732935872, 48.924991628513816 ], [ -67.160666351933372, 48.942929785120477 ], [ -67.127606341082242, 48.956315062790168 ], [ -67.083464776762554, 48.964586255604289 ], [ -67.066432656741526, 48.974674731523251 ], [ -67.046201334813759, 48.978661020375348 ], [ -66.975465702113951, 49.007177227536239 ], [ -66.977490731214644, 49.004114820064842 ], [ -66.9697030276606, 49.002943383695786 ], [ -66.945605335187054, 49.021319142079278 ], [ -66.929388095900975, 49.021173110760621 ], [ -66.910086334637342, 49.033923766985204 ], [ -66.855970578994601, 49.049547021942409 ], [ -66.858960567287198, 49.043163186807455 ], [ -66.851588686023177, 49.042610209749718 ], [ -66.844000174477785, 49.044987638154232 ], [ -66.842006110404043, 49.052165476840329 ], [ -66.809510166584971, 49.053757148366429 ], [ -66.797270529463916, 49.06403193149513 ], [ -66.752358815035009, 49.079017445231472 ], [ -66.745397258379981, 49.088489836584671 ], [ -66.705514281722614, 49.092840547872825 ], [ -66.687584397727164, 49.100697476547701 ], [ -66.671299090982586, 49.100053995944783 ], [ -66.64898791318366, 49.11438279591821 ], [ -66.619530278993324, 49.109919299543172 ], [ -66.59604008645988, 49.113642680227365 ], [ -66.5582884241594, 49.128602956035785 ], [ -66.519573056712034, 49.124502461732732 ], [ -66.498346809460159, 49.126806148223942 ], [ -66.48545050415126, 49.135405517235299 ], [ -66.486760347619636, 49.131466531808819 ], [ -66.476734386703697, 49.130465022781614 ], [ -66.413832617505975, 49.16051576578927 ], [ -66.281680666667029, 49.184891646988895 ], [ -66.237555802852228, 49.197186171415836 ], [ -66.052361218277653, 49.221098064651343 ], [ -65.963573824121241, 49.228013580128476 ], [ -65.909284490246421, 49.22826116285669 ], [ -65.894369833828975, 49.219873114501091 ], [ -65.825623463277452, 49.23378537068271 ], [ -65.815616124752864, 49.224268318980734 ], [ -65.807206729365021, 49.222763753040034 ], [ -65.796042542742242, 49.225005039953182 ], [ -65.785896642487714, 49.234130226912285 ], [ -65.757547786830074, 49.240159738701145 ], [ -65.745797800536621, 49.240114155621768 ], [ -65.736836728678981, 49.229492676991946 ], [ -65.720905396140623, 49.233755139294402 ], [ -65.727105203325763, 49.237681630705211 ], [ -65.714550814272258, 49.236724494550018 ], [ -65.674829299124255, 49.248096070890121 ], [ -65.650538373671822, 49.242355109440901 ], [ -65.626662345174012, 49.252152328023811 ], [ -65.556254396279499, 49.256987000860235 ], [ -65.542961413690492, 49.252674306264595 ], [ -65.324884165270404, 49.250694890181713 ], [ -65.326663716146598, 49.245279494209854 ], [ -65.319972031589359, 49.240320714214612 ], [ -65.3142636556708, 49.239444677533676 ], [ -65.314751323921755, 49.231663503780652 ], [ -65.308949518063429, 49.226370347430439 ], [ -65.311258042680208, 49.222792104114383 ], [ -65.309143360435883, 49.219419587725184 ], [ -65.312664851268522, 49.218241755132972 ], [ -65.31296426848121, 49.217065449034799 ], [ -65.306555562422517, 49.215137975437621 ], [ -65.308842541067989, 49.210542288868162 ], [ -65.305358253903819, 49.207076372878582 ], [ -65.30887755037854, 49.207167979012169 ], [ -65.31154621229436, 49.203740929069539 ], [ -65.30667920551403, 49.200941464224591 ], [ -65.296198868201699, 49.202014043463628 ], [ -65.29877066989944, 49.19678097274786 ], [ -65.293699575238037, 49.202297650078691 ], [ -65.308812597315892, 49.203120910550744 ], [ -65.303084684014223, 49.206312081124416 ], [ -65.305795407770574, 49.21520355834474 ], [ -65.312171113778192, 49.217355946871237 ], [ -65.308320426918783, 49.219519064746741 ], [ -65.30843326708542, 49.226897653185347 ], [ -65.314620758120043, 49.233115373340368 ], [ -65.312929517597127, 49.23908847780767 ], [ -65.322967168688479, 49.243300129418067 ], [ -65.325765706741365, 49.246394194209493 ], [ -65.325255535246313, 49.248069493514649 ], [ -65.317347844044008, 49.241340548851191 ], [ -65.286388856719796, 49.240187168479196 ], [ -65.27884086315558, 49.233686597225415 ], [ -65.246175335500141, 49.234845047112607 ], [ -65.201516544272224, 49.228445207543139 ], [ -65.136626971124485, 49.230943038282838 ], [ -65.129742349146369, 49.225088690737827 ], [ -65.103710452247611, 49.229518620058194 ], [ -64.930755773328855, 49.206059048465363 ], [ -64.852057167621325, 49.18732312893205 ], [ -64.849584650662806, 49.182410397714001 ], [ -64.834623472220457, 49.177948764119243 ], [ -64.82548478192254, 49.179443039291769 ], [ -64.804761400935519, 49.167141927642042 ] ] ], [ [ [ -58.577832604744074, 51.18212461856438 ], [ -58.564156771935984, 51.179322323961749 ], [ -58.583462599040622, 51.167644783102581 ], [ -58.593635269171479, 51.176563561260885 ], [ -58.612520894416541, 51.176849679065157 ], [ -58.615341468540507, 51.16757972059537 ], [ -58.603908499930974, 51.164930692949277 ], [ -58.604123110164096, 51.152890185818279 ], [ -58.618943949754225, 51.137789811833791 ], [ -58.655543442599949, 51.120852832508561 ], [ -58.652857473872537, 51.137275124010891 ], [ -58.659025969391749, 51.137580372191785 ], [ -58.667224398589269, 51.11893796305452 ], [ -58.686767785465449, 51.109122867772349 ], [ -58.689884644719029, 51.102073330147164 ], [ -58.74307088968034, 51.083282551423842 ], [ -58.752535152555289, 51.09504720117851 ], [ -58.755938034288519, 51.090286473784538 ], [ -58.752920763530476, 51.081566017957741 ], [ -58.765448697026216, 51.074856058012848 ], [ -58.781413589667459, 51.074810415561771 ], [ -58.786887535742963, 51.08675813897672 ], [ -58.783148961558219, 51.09059951122309 ], [ -58.794036366368005, 51.090721685205949 ], [ -58.790576792310745, 51.071484091182292 ], [ -58.794807607333972, 51.062847623677591 ], [ -58.799629565877865, 51.059017688744362 ], [ -58.804268302245582, 51.061810110183863 ], [ -58.812855609079499, 51.052765515247543 ], [ -58.818268772890754, 51.053738292362176 ], [ -58.818600330697123, 51.068371529572296 ], [ -58.827240796524613, 51.070751980423644 ], [ -58.827389700543137, 51.06526642417014 ], [ -58.838494725332957, 51.056931384974057 ], [ -58.832906229667849, 51.048870864490524 ], [ -58.835191412227644, 51.044781513846267 ], [ -58.860933936821546, 51.031117472650237 ], [ -58.828611154548632, 51.033283935293049 ], [ -58.828065466583595, 51.040135142632849 ], [ -58.821439088310946, 51.043945963735077 ], [ -58.814523155933486, 51.031529027339353 ], [ -58.817769806926009, 51.018765060023924 ], [ -58.824430279428739, 51.027065913846492 ], [ -58.844893273792032, 51.007176216235202 ], [ -58.862239100710966, 51.008965471744517 ], [ -58.863330437290671, 50.994805291542932 ], [ -58.875053396842866, 50.989674606362293 ], [ -58.890351117364276, 50.972237702800243 ], [ -58.909085493874464, 50.975858033299133 ], [ -58.909565922462299, 50.985463466099752 ], [ -58.909378826905012, 50.99300133402393 ], [ -58.902790643328416, 50.995675380774927 ], [ -58.893291398627518, 51.013177174973997 ], [ -58.874079788729446, 51.027371543003063 ], [ -58.881339351611111, 51.026993952092297 ], [ -58.885561916656599, 51.04600648254906 ], [ -58.893424102078662, 51.050660511933003 ], [ -58.900050493605825, 51.046613155225579 ], [ -58.891875538155588, 51.040128074875632 ], [ -58.893420599308826, 51.036488849722616 ], [ -58.908965846932531, 51.038251400908209 ], [ -58.911658887405736, 51.046506453383358 ], [ -58.917831252647105, 51.046109770893096 ], [ -58.934334523578329, 51.023881619985723 ], [ -58.947194384926703, 51.0166948100646 ], [ -58.950234552872395, 51.025869220485546 ], [ -58.957074429388854, 51.027765181122987 ], [ -58.955297124711805, 51.011289441818597 ], [ -58.96417045594788, 51.003835587625773 ], [ -58.976904302922584, 51.001447674061104 ], [ -58.99745069925379, 51.005987364193984 ], [ -58.999716742893163, 51.001894212133024 ], [ -58.994780553751987, 50.996133952883547 ], [ -58.97642388341761, 50.991155596809797 ], [ -59.000373543166901, 50.973562382833265 ], [ -59.004363815325668, 50.973142802005889 ], [ -59.003085672148941, 50.981584750554511 ], [ -59.019752529409899, 50.981054630846032 ], [ -59.036224625545472, 50.989206824839371 ], [ -59.038006464513124, 50.974367623866328 ], [ -59.01452261977132, 50.972322737490714 ], [ -59.028561347135309, 50.959654200698175 ], [ -59.011402273955568, 50.966123799811243 ], [ -59.001735680369379, 50.961691039214926 ], [ -58.978409418141403, 50.98453963625375 ], [ -58.957914465430378, 50.99280339396676 ], [ -58.95172683152984, 50.99411558343121 ], [ -58.941114309635367, 50.983724227330917 ], [ -58.949220864069197, 50.977864925881811 ], [ -58.952383570631717, 50.966924369163074 ], [ -58.967907469125443, 50.967626885261737 ], [ -58.969957705561661, 50.953481615065073 ], [ -58.97800091648093, 50.946244252241321 ], [ -58.959239304745779, 50.943221859727117 ], [ -58.956892692218631, 50.927909355360114 ], [ -58.966117018956446, 50.919721582537875 ], [ -58.955948515873025, 50.913583799651896 ], [ -58.982244987412145, 50.890025068619458 ], [ -58.97154960316734, 50.891024559585873 ], [ -58.969629785219048, 50.885264239660323 ], [ -58.953274055865137, 50.886982145300792 ], [ -58.95006571577958, 50.870312839886722 ], [ -58.959385557460124, 50.867387109926483 ], [ -58.958678561317086, 50.872356616963941 ], [ -58.971022201225516, 50.867344754246005 ], [ -58.981022729053109, 50.876563530110516 ], [ -58.977911089753057, 50.865724883917245 ], [ -58.985327916150524, 50.857353128815632 ], [ -58.982746180299934, 50.85325075695566 ], [ -58.974889401506573, 50.854323287002437 ], [ -58.980355310114561, 50.852191862531988 ], [ -58.971910611409413, 50.835065976091258 ], [ -58.966556980799339, 50.836892076035873 ], [ -58.965958707002642, 50.842932887881545 ], [ -58.965833801954439, 50.836912551519895 ], [ -58.964036742219406, 50.834438617720664 ], [ -58.952870598812417, 50.838175072746417 ], [ -58.948375992334498, 50.833083336703154 ], [ -58.95495998414831, 50.830332195359368 ], [ -58.950033143500931, 50.82376212843517 ], [ -58.959525097693586, 50.821884273405658 ], [ -58.960456739531907, 50.827663721702159 ], [ -58.963453213537939, 50.826109996119484 ], [ -58.961189385509911, 50.820864330841701 ], [ -58.952418799334396, 50.819001977646344 ], [ -58.952309557715779, 50.814912738494769 ], [ -58.96179256365928, 50.818951511112374 ], [ -58.969160881856602, 50.816194189545662 ], [ -58.972814868427747, 50.80871037101123 ], [ -58.97875256484231, 50.809941055252253 ], [ -58.982280323283845, 50.798520744474743 ], [ -58.995522458411891, 50.792325599971235 ], [ -58.993098071815901, 50.787354676185977 ], [ -59.001480464290367, 50.780329354871526 ], [ -58.989436836834223, 50.782136098589973 ], [ -58.988823378824442, 50.773984224671487 ], [ -59.008401214398653, 50.776676715875354 ], [ -59.020668893362583, 50.767923832538798 ], [ -59.024760594851458, 50.77076240323931 ], [ -59.018233492321293, 50.772156358761364 ], [ -59.038116372360868, 50.775258937746806 ], [ -59.037572970435271, 50.786093143790211 ], [ -59.047957432498073, 50.787647787889149 ], [ -59.061236366029952, 50.775248304707006 ], [ -59.035950188594633, 50.773353895662815 ], [ -59.025814966886557, 50.761794442419614 ], [ -59.033414743887462, 50.755001501009609 ], [ -59.012380108675039, 50.745575440130558 ], [ -59.013973570206453, 50.737164491296397 ], [ -59.060584116628405, 50.754077605082365 ], [ -59.076765861378632, 50.753093873840996 ], [ -59.064052766894896, 50.757768520843918 ], [ -59.074139285567497, 50.765356830437952 ], [ -59.066421811057509, 50.771894711314388 ], [ -59.078895034076915, 50.769707198969321 ], [ -59.083444972469195, 50.778925325569681 ], [ -59.077554779464336, 50.784586292937917 ], [ -59.086870464316775, 50.787409259825843 ], [ -59.073232250916881, 50.801229820229629 ], [ -59.090116467302302, 50.804350419559476 ], [ -59.080575486809053, 50.81203696149921 ], [ -59.082959590757099, 50.81868220409163 ], [ -59.065407488689452, 50.829496721904803 ], [ -59.061683798535491, 50.851404558412156 ], [ -59.048591292584078, 50.855627319659618 ], [ -59.041072061598292, 50.869043593205745 ], [ -59.047991807292831, 50.882818546166746 ], [ -59.038912523111343, 50.88501954799888 ], [ -59.045313675734342, 50.889646842180653 ], [ -59.057845523200982, 50.878336353068718 ], [ -59.071136150765852, 50.881884151822327 ], [ -59.074523837339946, 50.875513621359325 ], [ -59.081352291443743, 50.877173089169716 ], [ -59.089497072687514, 50.867876711696674 ], [ -59.086197610321896, 50.853220581107863 ], [ -59.07130071871795, 50.857431880926356 ], [ -59.071552754848504, 50.845777955480365 ], [ -59.083352187074155, 50.834227119339666 ], [ -59.082413895246411, 50.827364460518943 ], [ -59.091016553083534, 50.813040320667945 ], [ -59.101873488593696, 50.811308542623678 ], [ -59.101373988392631, 50.800791369094156 ], [ -59.095323810378254, 50.796854552512308 ], [ -59.104967891719419, 50.783911339047158 ], [ -59.113223070867754, 50.785811131909725 ], [ -59.122687657735987, 50.781317485302431 ], [ -59.120257753899139, 50.776728391325882 ], [ -59.130771391762536, 50.773844565087131 ], [ -59.134979341668647, 50.761771043673512 ], [ -59.173756969376711, 50.750205198454083 ], [ -59.199651740859238, 50.752692624319408 ], [ -59.189695268767096, 50.74576121514977 ], [ -59.193735251424712, 50.741450641744386 ], [ -59.176820461153881, 50.740859205180755 ], [ -59.176286618988847, 50.73102869912934 ], [ -59.187517419548406, 50.727462040853105 ], [ -59.19344198887346, 50.718825610195346 ], [ -59.193972048411055, 50.728881174946736 ], [ -59.18849391238102, 50.73295142083002 ], [ -59.201143823410263, 50.730536822894798 ], [ -59.202399101512732, 50.721179357608769 ], [ -59.210261292774376, 50.724437184369876 ], [ -59.212576639000396, 50.735427387430313 ], [ -59.220915820694515, 50.732520640976105 ], [ -59.220587359165101, 50.750568003449999 ], [ -59.23690336644249, 50.744521842126765 ], [ -59.238238435784801, 50.750472807285043 ], [ -59.250106211441867, 50.751705060312204 ], [ -59.257495700384851, 50.741020125229511 ], [ -59.255136775833577, 50.711333868645909 ], [ -59.298746378113762, 50.693497732124506 ], [ -59.321061808855333, 50.701499655261628 ], [ -59.327162289181857, 50.685335712742692 ], [ -59.333544026652987, 50.683122979047965 ], [ -59.329778662896409, 50.667825712633594 ], [ -59.342603505247403, 50.655132046583468 ], [ -59.339343178622997, 50.647383287305011 ], [ -59.359707756482372, 50.656292323661106 ], [ -59.373331482820923, 50.652588253168851 ], [ -59.402583770149441, 50.62612180902218 ], [ -59.404406039819463, 50.617913250629378 ], [ -59.419150265421401, 50.616631626509658 ], [ -59.425059618497585, 50.604783205978855 ], [ -59.429587570601164, 50.615319454100636 ], [ -59.434951089973822, 50.616952203801297 ], [ -59.450816944728771, 50.612470059565723 ], [ -59.447391523775863, 50.599885319302437 ], [ -59.459553588224331, 50.575959602427893 ], [ -59.468606230730515, 50.569611996736462 ], [ -59.462212763655565, 50.564549840323075 ], [ -59.465585272420654, 50.553368965924108 ], [ -59.483583577198779, 50.548211645985788 ], [ -59.486009608383505, 50.555307010617312 ], [ -59.507979173914471, 50.547883807757231 ], [ -59.519733060573103, 50.524408209227161 ], [ -59.514403887597773, 50.520265395796542 ], [ -59.518409506880374, 50.514802769669728 ], [ -59.545650978438886, 50.514478764743451 ], [ -59.555821455975199, 50.502187861249645 ], [ -59.550499928572044, 50.49759493203748 ], [ -59.557359027362821, 50.492601520649302 ], [ -59.558515089230987, 50.485292569334469 ], [ -59.567155663853661, 50.481222366918004 ], [ -59.571249250687373, 50.466615890498893 ], [ -59.592085798007588, 50.459627539578179 ], [ -59.579733110911448, 50.477163629065629 ], [ -59.576715330038219, 50.491545021810175 ], [ -59.592214251628043, 50.517435557420391 ], [ -59.600053569543164, 50.522268870430466 ], [ -59.597817917974531, 50.530714597278021 ], [ -59.604203725749741, 50.537596370646682 ], [ -59.573425374866957, 50.565794393667403 ], [ -59.570491666282891, 50.571951319008214 ], [ -59.577209318897161, 50.581575863638669 ], [ -59.585983680099943, 50.565851731029042 ], [ -59.619256888643257, 50.538573082015546 ], [ -59.593011725957872, 50.509668842046132 ], [ -59.590284420258683, 50.495718432172247 ], [ -59.583551468046345, 50.488836642886454 ], [ -59.601359472366475, 50.463095191597425 ], [ -59.633300917518632, 50.45454288255246 ], [ -59.644375192753763, 50.457102649686789 ], [ -59.678124930807101, 50.444892080877949 ], [ -59.695276182579612, 50.448149980401723 ], [ -59.701040422331751, 50.44337403112565 ], [ -59.700372962112318, 50.437201825456548 ], [ -59.724295424886698, 50.443679403367426 ], [ -59.729064229806717, 50.427470785613693 ], [ -59.755203264333275, 50.424125511456666 ], [ -59.764545817374291, 50.417297261445945 ], [ -59.771290224634924, 50.425540903170145 ], [ -59.794919094090581, 50.421951470205897 ], [ -59.777298265307088, 50.437210131502304 ], [ -59.773326933784489, 50.443141948678438 ], [ -59.776165051019298, 50.447490753002747 ], [ -59.793080185776645, 50.430858778108075 ], [ -59.810658948244416, 50.421760850792978 ], [ -59.816461565497463, 50.406467769996972 ], [ -59.824362152518034, 50.399860781473329 ], [ -59.861984053924431, 50.381207195128894 ], [ -59.843764601422599, 50.380028284649768 ], [ -59.865970787103329, 50.367962582391648 ], [ -59.888848134560746, 50.364808026795728 ], [ -59.86958357803357, 50.358372459194001 ], [ -59.868897039798973, 50.351746308900402 ], [ -59.864613083169608, 50.350823112177942 ], [ -59.828154944405874, 50.356914885602741 ], [ -59.813876231777428, 50.354824293124153 ], [ -59.837852406932086, 50.345512825636817 ], [ -59.861427837349794, 50.343964245287836 ], [ -59.842540969975822, 50.33615538581477 ], [ -59.842201530161972, 50.332497074158937 ], [ -59.856507150263774, 50.326359346072749 ], [ -59.842606152240343, 50.321533638448244 ], [ -59.84477303376287, 50.316967460492044 ], [ -59.839428545687433, 50.314670968026292 ], [ -59.81688672404691, 50.325584627759156 ], [ -59.816154218079596, 50.329239107279584 ], [ -59.827587178026477, 50.327896442304045 ], [ -59.820415260375619, 50.333591716436004 ], [ -59.826457723089682, 50.339546525289663 ], [ -59.823943739087312, 50.342281640093717 ], [ -59.81037068615921, 50.342933824151309 ], [ -59.80044485810874, 50.329887477592976 ], [ -59.815528936796909, 50.312786284255587 ], [ -59.844460417452197, 50.307369668467061 ], [ -59.849824070135263, 50.304871072347233 ], [ -59.849137530141356, 50.298698892213913 ], [ -59.867021512311375, 50.287769927500619 ], [ -59.883436643045336, 50.285286682371542 ], [ -59.894522587744504, 50.276852464992203 ], [ -59.898783611899205, 50.281430156933254 ], [ -59.8966776890041, 50.289688970326317 ], [ -59.905547171536462, 50.285553906070945 ], [ -59.913089357636991, 50.268887538685156 ], [ -59.920570086028739, 50.271412931106923 ], [ -59.938770636011988, 50.264127020549637 ], [ -59.93165617442174, 50.259091535971884 ], [ -59.936653590777453, 50.256127575387168 ], [ -59.937393869207384, 50.2456180720432 ], [ -59.949849051749453, 50.251805627346712 ], [ -59.948403047398934, 50.260712939577012 ], [ -59.956246277275362, 50.260266687182721 ], [ -59.95730671720095, 50.263921175606093 ], [ -59.93768326427314, 50.270753137129041 ], [ -59.935169158444516, 50.278058264800691 ], [ -59.949062542707921, 50.283334116611044 ], [ -59.950508542788157, 50.274194116830152 ], [ -59.959068956445506, 50.273518980314158 ], [ -59.966167941885281, 50.289750589047358 ], [ -59.959354382788916, 50.305963016083524 ], [ -59.927515484303704, 50.335854748363261 ], [ -59.933569475744243, 50.340432449349727 ], [ -59.944663078994843, 50.331536673426477 ], [ -59.958232349431896, 50.329267033337821 ], [ -59.968932739617898, 50.333165737829077 ], [ -59.961787610154353, 50.33544307382757 ], [ -59.961413591507629, 50.343896441309568 ], [ -59.976775814540616, 50.340257335365848 ], [ -59.982825831426823, 50.350999610727122 ], [ -60.006759932690755, 50.348051057319999 ], [ -60.018200791788288, 50.332979257502032 ], [ -60.013920666194466, 50.329778682582123 ], [ -59.985714044913436, 50.333181149898699 ], [ -59.981796357575512, 50.327695588819971 ], [ -59.998577682280917, 50.324510443559852 ], [ -59.997868199429099, 50.321081021873454 ], [ -59.961459779851225, 50.322415849342988 ], [ -59.958625596345357, 50.312360277316479 ], [ -59.970775912495895, 50.304833967406928 ], [ -59.967575421776779, 50.298661751076082 ], [ -59.978306756224647, 50.283136018433694 ], [ -59.977242496347515, 50.279023746332406 ], [ -59.966538094960342, 50.282666706207934 ], [ -59.96691601037174, 50.271932136435737 ], [ -59.960507250504143, 50.268037261062261 ], [ -59.964448100875124, 50.258904892310447 ], [ -59.979791387647175, 50.250466902099262 ], [ -59.97160495691768, 50.244519729975217 ], [ -59.986578130428953, 50.238366742666265 ], [ -60.000822449075748, 50.24454667107603 ], [ -60.02149102347623, 50.242277111228532 ], [ -60.010427810304769, 50.258718365325734 ], [ -59.99913211945691, 50.262822908087514 ], [ -59.99365774729668, 50.2705857631735 ], [ -59.995435307581872, 50.275613568420958 ], [ -60.008626880467645, 50.275396248470344 ], [ -60.020056413370177, 50.255525568282053 ], [ -60.036097758764654, 50.248453238434983 ], [ -60.036101738527123, 50.240228739767396 ], [ -60.025412734476419, 50.237936007128134 ], [ -60.038963278400644, 50.218980885006047 ], [ -60.047863075045264, 50.224695364163175 ], [ -60.063179562680283, 50.220819768786569 ], [ -60.067452055175757, 50.223787641561174 ], [ -60.052494106959195, 50.230638708939921 ], [ -60.055339801853783, 50.237493770640867 ], [ -60.066032621102522, 50.239324916144341 ], [ -60.073868293902713, 50.234529895891754 ], [ -60.082420918981711, 50.241842739750062 ], [ -60.092034393959437, 50.233389454112086 ], [ -60.085263330855852, 50.223333850353598 ], [ -60.09629963422357, 50.218538850741446 ], [ -60.105924149658144, 50.2267634419063 ], [ -60.099877439824809, 50.240698479869998 ], [ -60.131212408334221, 50.228354390820193 ], [ -60.1173227260944, 50.228358063617705 ], [ -60.119096744831772, 50.221503077071603 ], [ -60.135824767205065, 50.214644369916932 ], [ -60.125852913318795, 50.21373638318051 ], [ -60.126203933202376, 50.210535857128463 ], [ -60.138285662263428, 50.197279882895529 ], [ -60.163185010509977, 50.187899736173158 ], [ -60.174942082284836, 50.193148875924088 ], [ -60.174613814051206, 50.204112319722235 ], [ -60.162860429680784, 50.203437006359579 ], [ -60.155040008462812, 50.208239659366654 ], [ -60.151488343809774, 50.213267406744215 ], [ -60.155066442998553, 50.221491950713052 ], [ -60.194195116834436, 50.20478387197646 ], [ -60.182857111986664, 50.225356450296729 ], [ -60.147985717528243, 50.244341952676159 ], [ -60.140519947241692, 50.254168554969134 ], [ -60.139817886926785, 50.261481324953017 ], [ -60.156538469471393, 50.244338207401796 ], [ -60.173621273129996, 50.236556347250797 ], [ -60.178984713617062, 50.243407609463233 ], [ -60.187896065295206, 50.24522729842819 ], [ -60.174040348125999, 50.262832022971999 ], [ -60.150899526386063, 50.27746882831709 ], [ -60.187945259070695, 50.263507342026699 ], [ -60.19293881263593, 50.264644158960564 ], [ -60.181566631536519, 50.277450035677397 ], [ -60.199389394828358, 50.275374980074936 ], [ -60.252645027209716, 50.220024115085181 ], [ -60.29074721830451, 50.219047862840739 ], [ -60.284753926751655, 50.231396020058483 ], [ -60.27088700941583, 50.237587137907958 ], [ -60.242840140268072, 50.263446776803129 ], [ -60.247482692657904, 50.265041371538125 ], [ -60.266331806971266, 50.254730379025332 ], [ -60.267365759655974, 50.246734780869538 ], [ -60.27482001730236, 50.240322322683859 ], [ -60.28626801789293, 50.249901128445821 ], [ -60.279183745334684, 50.259281419113783 ], [ -60.288812239253893, 50.260635724659252 ], [ -60.292405666218151, 50.266338749373837 ], [ -60.293549802986625, 50.281189399630797 ], [ -60.288266023164084, 50.294907013925538 ], [ -60.265842441084551, 50.306137310408609 ], [ -60.249861899039352, 50.323982340266411 ], [ -60.263099062127381, 50.331505055194953 ], [ -60.280937104965382, 50.32918967949476 ], [ -60.287410621750226, 50.338776081531897 ], [ -60.303463290712337, 50.336235634184206 ], [ -60.302349571134357, 50.327782227812399 ], [ -60.314412233393945, 50.314053225543589 ], [ -60.306542384871115, 50.310410123385346 ], [ -60.294434140898893, 50.315460684497268 ], [ -60.301125646699653, 50.29785588243341 ], [ -60.308957483695025, 50.294640161846722 ], [ -60.315309352757495, 50.282520906857286 ], [ -60.301004030264444, 50.27477694430771 ], [ -60.300267881863313, 50.269981845514607 ], [ -60.311254729685587, 50.258080055972975 ], [ -60.296949479758318, 50.248283801347974 ], [ -60.310728959135211, 50.226322674650511 ], [ -60.311881206285911, 50.215878033182577 ], [ -60.319296889332783, 50.229733087541241 ], [ -60.318270574582563, 50.237503624264441 ], [ -60.324320858216112, 50.236347820104434 ], [ -60.341568247927789, 50.201126836393108 ], [ -60.344093538029796, 50.206833638473483 ], [ -60.337054955573869, 50.22078776260134 ], [ -60.342796045469029, 50.227856460752655 ], [ -60.368797690061449, 50.227795634076962 ], [ -60.3729942090349, 50.215676353814061 ], [ -60.364361602393316, 50.202675780197076 ], [ -60.387917802477091, 50.211068330895117 ], [ -60.415902517163978, 50.238866311249623 ], [ -60.446402127804589, 50.222097118958189 ], [ -60.44798489038628, 50.241056215721592 ], [ -60.468237755865012, 50.23436539921471 ], [ -60.496730440729031, 50.233579815416356 ], [ -60.501124846381373, 50.246130214411068 ], [ -60.510971112081656, 50.232843684464591 ], [ -60.530529629503775, 50.229113084378639 ], [ -60.549848279362578, 50.202990156247587 ], [ -60.589739514077642, 50.204649897091457 ], [ -60.597098450180589, 50.194338827893027 ], [ -60.607444147204482, 50.196349261563441 ], [ -60.612585236414894, 50.201950358227869 ], [ -60.609273086603778, 50.206808641623518 ], [ -60.614414386963809, 50.209251937220415 ], [ -60.630647794250436, 50.209913326464296 ], [ -60.62967208451451, 50.238513351110285 ], [ -60.642933164908463, 50.237362488927566 ], [ -60.64180724950139, 50.230270499106496 ], [ -60.647038675819076, 50.224070969228926 ], [ -60.641992271592493, 50.217835976633687 ], [ -60.66478423442566, 50.216289851625902 ], [ -60.674917966048277, 50.210473734913762 ], [ -60.68990854282486, 50.213032444618776 ], [ -60.692719900682228, 50.217569947897744 ], [ -60.687823031794537, 50.219956047748376 ], [ -60.688122418839598, 50.228427717115579 ], [ -60.699107700319068, 50.217806507466221 ], [ -60.697498553811229, 50.213580695490798 ], [ -60.717633907906517, 50.218214417875018 ], [ -60.721441834457053, 50.22414678068597 ], [ -60.73925270658183, 50.215046188554766 ], [ -60.742122220674666, 50.219519029755993 ], [ -60.72879679835394, 50.223980650350697 ], [ -60.732454638798835, 50.23741474288304 ], [ -60.742620890669329, 50.232034479533645 ], [ -60.749647132036657, 50.236383304942194 ], [ -60.763817952916284, 50.233343509673723 ], [ -60.774373221166712, 50.21664611956286 ], [ -60.773074706431416, 50.203014932470921 ], [ -60.786296705308736, 50.206360526744746 ], [ -60.787628160570058, 50.200184542493929 ], [ -60.805931817794523, 50.187275743391893 ], [ -60.810582024865738, 50.1886147437761 ], [ -60.806110867515294, 50.198468082778056 ], [ -60.823800219588875, 50.191731473707932 ], [ -60.82842330394984, 50.213177756207926 ], [ -60.784224565175222, 50.24033424975017 ], [ -60.785334591236278, 50.244057400795562 ], [ -60.820549334813791, 50.225499171032119 ], [ -60.835061197706381, 50.205365310925394 ], [ -60.841885811407835, 50.208974065398017 ], [ -60.864793913176662, 50.194196111166015 ], [ -60.854073982253738, 50.213692952588907 ], [ -60.830902498322907, 50.23395263209337 ], [ -60.791907419744362, 50.246308141375678 ], [ -60.788088679804574, 50.252732071428042 ], [ -60.795744753711688, 50.263649814861054 ], [ -60.79297891750619, 50.269150576487554 ], [ -60.752317091147482, 50.26779601456964 ], [ -60.749181205388865, 50.272839044547567 ], [ -60.734974856548845, 50.276806197457859 ], [ -60.733971477554157, 50.281380020186091 ], [ -60.739762205034573, 50.287060171352429 ], [ -60.762124661954687, 50.280075646185175 ], [ -60.770150768024791, 50.291908902784208 ], [ -60.779253070246504, 50.280659418965527 ], [ -60.80167649341513, 50.278008401930521 ], [ -60.805067597544593, 50.289410571695846 ], [ -60.821463584065221, 50.28862106742212 ], [ -60.833480345112932, 50.281918733251345 ], [ -60.862586942035072, 50.294747811677212 ], [ -60.862072113615767, 50.285611607038071 ], [ -60.835204700064843, 50.278477890336362 ], [ -60.834319879655851, 50.267976002954676 ], [ -60.842407371979185, 50.261296536692313 ], [ -60.812457431242052, 50.261033068389906 ], [ -60.805743319045, 50.26472945066412 ], [ -60.795558065441227, 50.251770821143865 ], [ -60.805083740180343, 50.245770366860846 ], [ -60.838482390366103, 50.239842617536482 ], [ -60.841240582461694, 50.234341828783258 ], [ -60.862126726317591, 50.226434119740624 ], [ -60.88236089615485, 50.202302488194633 ], [ -60.892462299570255, 50.209771774538659 ], [ -60.908736330712173, 50.203943046245364 ], [ -60.920531617791411, 50.206373085015542 ], [ -60.919669661325599, 50.198152404225127 ], [ -60.927562799373888, 50.18232909089096 ], [ -60.939930432953467, 50.177667618939324 ], [ -60.948994196162154, 50.186510195536435 ], [ -60.945965066128679, 50.195673059603067 ], [ -60.951816802899877, 50.203855658031344 ], [ -60.945922774029441, 50.212125876928049 ], [ -60.933887040186185, 50.216096881296515 ], [ -60.940207825315625, 50.230218967884817 ], [ -60.917097793861132, 50.232671616152651 ], [ -60.912157565017935, 50.235223612708779 ], [ -60.914690548565304, 50.237489585515917 ], [ -60.94609006147568, 50.23977101448682 ], [ -60.953788449455779, 50.232401089975674 ], [ -60.98230783330709, 50.233320658355439 ], [ -60.99752135285933, 50.228174768459283 ], [ -61.011795898696022, 50.246794445706797 ], [ -61.023324081260256, 50.252871360101203 ], [ -61.023564544971165, 50.247156946966889 ], [ -61.007916582856808, 50.231291453610176 ], [ -60.98772895536672, 50.219339839427455 ], [ -60.952640298276002, 50.228296454420345 ], [ -60.948974413123508, 50.222841401928484 ], [ -60.966217837948072, 50.193689605895855 ], [ -60.970849012588559, 50.193884197916141 ], [ -60.968868948908977, 50.201895040331181 ], [ -60.989548914759261, 50.203333354232512 ], [ -60.997304450858252, 50.199614091551204 ], [ -60.999612263725744, 50.208052224709085 ], [ -61.010236513103251, 50.205221806878455 ], [ -61.029367436177999, 50.217863894482988 ], [ -61.047083439978458, 50.213374143986918 ], [ -61.051897875678087, 50.205336589981727 ], [ -61.063124612952024, 50.214152469618625 ], [ -61.061495557520374, 50.221247797311193 ], [ -61.070834114205255, 50.224822238055864 ], [ -61.076712527260348, 50.232997201965041 ], [ -61.076189740286161, 50.241687093876592 ], [ -61.092966820338013, 50.259131863205084 ], [ -61.104033538603737, 50.259948311841079 ], [ -61.110636764907369, 50.268115637125469 ], [ -61.13001580737626, 50.273650924817602 ], [ -61.163040604053464, 50.267860491522576 ], [ -61.168816151313678, 50.270774951777554 ], [ -61.168629080554453, 50.277862671549563 ], [ -61.180344360314834, 50.275692201649711 ], [ -61.191586396953525, 50.283356036830973 ], [ -61.221662140235047, 50.288086512581501 ], [ -61.22507239897238, 50.29605164831753 ], [ -61.252511942991575, 50.308796780468818 ], [ -61.264936507006276, 50.320096052930289 ], [ -61.258000761417399, 50.341874124684551 ], [ -61.240036729146205, 50.351654876825506 ], [ -61.235935372527443, 50.373177390990634 ], [ -61.249825083563351, 50.371209135242736 ], [ -61.254261837367771, 50.363163955090236 ], [ -61.267228223463903, 50.367142795449901 ], [ -61.27417134085298, 50.359303624377198 ], [ -61.283219948109441, 50.363778351662759 ], [ -61.289560459307559, 50.34680298979309 ], [ -61.27345061029871, 50.345372319800518 ], [ -61.266031052373442, 50.334710189122752 ], [ -61.274366562348341, 50.325711359984012 ], [ -61.282907915710723, 50.324708165256254 ], [ -61.271833862520047, 50.310654711882997 ], [ -61.26217479567952, 50.309842109120545 ], [ -61.205991221775456, 50.274532748383372 ], [ -61.216096807446796, 50.265060920718241 ], [ -61.189062495776639, 50.274231961007288 ], [ -61.165802595825298, 50.263950420520402 ], [ -61.125586989676627, 50.267066715591504 ], [ -61.094599694769798, 50.25249047734102 ], [ -61.082926688548369, 50.240256636704295 ], [ -61.094756624958876, 50.22735541145768 ], [ -61.089656335350874, 50.222144480231087 ], [ -61.076514355735881, 50.223860983603871 ], [ -61.067267621457844, 50.208174856650189 ], [ -61.06930101209359, 50.203356907480838 ], [ -61.05883715271483, 50.196822228142331 ], [ -61.06259486158482, 50.189478979666944 ], [ -61.054698311319939, 50.186347031355218 ], [ -61.060298517589423, 50.181956349070475 ], [ -61.058639295745984, 50.171004337854299 ], [ -61.080333699043194, 50.186812639444938 ], [ -61.089229806888184, 50.186732606972349 ], [ -61.092292869301197, 50.196532593204694 ], [ -61.097305521284028, 50.197860150283276 ], [ -61.105499673561205, 50.198012824821035 ], [ -61.116707702322934, 50.189914296033841 ], [ -61.11616616297173, 50.181693600866829 ], [ -61.099041594979433, 50.179793751132223 ], [ -61.111035390267375, 50.175113187929739 ], [ -61.138620008402619, 50.18308998520115 ], [ -61.154233994319604, 50.181114083369579 ], [ -61.162706407813317, 50.193374609205954 ], [ -61.181612501389836, 50.195022708949324 ], [ -61.16668927374922, 50.181228634114738 ], [ -61.167624030879743, 50.175506576819458 ], [ -61.178477260342589, 50.168090885551827 ], [ -61.183474637650384, 50.168727998593361 ], [ -61.187361630553688, 50.182399914682193 ], [ -61.219360149724587, 50.181171853883036 ], [ -61.206721619324398, 50.188152642726251 ], [ -61.222186634019224, 50.194626317431116 ], [ -61.236586995734491, 50.192376121883342 ], [ -61.258078341126428, 50.196617840552342 ], [ -61.269747739271942, 50.191230819147748 ], [ -61.271325692810763, 50.185819600976743 ], [ -61.266794650648499, 50.18424721641216 ], [ -61.273147872682713, 50.182251832798954 ], [ -61.274694077932118, 50.187335417046924 ], [ -61.302845712347441, 50.191927546499883 ], [ -61.31513050763175, 50.182462020752709 ], [ -61.329973949420491, 50.178643618124994 ], [ -61.371902396589178, 50.17635132856239 ], [ -61.350242117024877, 50.170129355546905 ], [ -61.415417919303188, 50.167394752365411 ], [ -61.489219260081562, 50.149142004058561 ], [ -61.646431746016852, 50.096817057465337 ], [ -61.744277702511162, 50.081032608446527 ], [ -61.796498015376145, 50.1003697470343 ], [ -61.794138271963661, 50.122613370806533 ], [ -61.811634392527147, 50.127037460583765 ], [ -61.803710974116612, 50.144180724659748 ], [ -61.80752908443332, 50.167386512096762 ], [ -61.830111162283174, 50.188062659747381 ], [ -61.829204960912897, 50.192353232232577 ], [ -61.839435568622875, 50.192526592577799 ], [ -61.839846445866897, 50.187832013191695 ], [ -61.845058933402214, 50.193257950819934 ], [ -61.82236945800669, 50.202549670345149 ], [ -61.865876502339638, 50.196085714939514 ], [ -61.868926697597253, 50.204615826360893 ], [ -61.85760565113663, 50.205608779706765 ], [ -61.861642241289495, 50.20873304404202 ], [ -61.855823445075046, 50.210626199866702 ], [ -61.840600515439, 50.210339998666768 ], [ -61.843120595310225, 50.213226041710804 ], [ -61.91028715572341, 50.219263474864398 ], [ -61.921716469892843, 50.211077219629743 ], [ -61.913838576446331, 50.227888540564607 ], [ -61.921986980347313, 50.228109871018098 ], [ -61.931192273542585, 50.216410255693532 ], [ -61.943220396858749, 50.214384748080015 ], [ -61.950018165188631, 50.22387196462455 ], [ -61.963575930636317, 50.224337462228355 ], [ -61.976283241492418, 50.212698913529572 ], [ -61.989806685177996, 50.212473962125372 ], [ -61.991180225609611, 50.202620585051683 ], [ -61.995452771318078, 50.202551952632206 ], [ -62.000652247059094, 50.207720921632877 ], [ -62.018082018713983, 50.207194637329337 ], [ -62.021576247541752, 50.213992462267086 ], [ -62.032032545203322, 50.217013774743592 ], [ -62.051868028640271, 50.21580675725496 ], [ -62.057565765181351, 50.221943121472449 ], [ -62.083124315954784, 50.217097731773499 ], [ -62.091293956598136, 50.227754495765673 ], [ -62.108771254561923, 50.228032873085702 ], [ -62.106973986651667, 50.232169090659447 ], [ -62.115343335723004, 50.233966077649264 ], [ -62.111426775425585, 50.248839495460018 ], [ -62.123531784046726, 50.240985116216244 ], [ -62.121617546076337, 50.232335947963449 ], [ -62.092130136672601, 50.220382069025987 ], [ -62.116828105091408, 50.220944969896543 ], [ -62.128394849320578, 50.229309941584361 ], [ -62.159428894494816, 50.236008314701984 ], [ -62.210774984177668, 50.229294290081185 ], [ -62.237230027056391, 50.232056816874561 ], [ -62.260339788901028, 50.246014993672929 ], [ -62.29384878828813, 50.253369995459899 ], [ -62.299906839049662, 50.245939011820184 ], [ -62.309901578833305, 50.246198495600289 ], [ -62.312037703170915, 50.253473148059378 ], [ -62.321143579139139, 50.25740999476303 ], [ -62.34227084434265, 50.280232205154704 ], [ -62.346111510930136, 50.27435487536291 ], [ -62.348685768763175, 50.288179588780281 ], [ -62.352350730028434, 50.265468391024669 ], [ -62.354949421847138, 50.270214396816236 ], [ -62.364676836654148, 50.262879802594959 ], [ -62.386526001974786, 50.266804427807138 ], [ -62.38604681719098, 50.270883013043338 ], [ -62.400640075528173, 50.256960494966222 ], [ -62.405337804887957, 50.270904809691963 ], [ -62.397422961036909, 50.289145523242077 ], [ -62.417909187508847, 50.281065746507174 ], [ -62.447184585434641, 50.246630658662852 ], [ -62.468673279107215, 50.248469512369603 ], [ -62.478786117777943, 50.257857578244909 ], [ -62.497730243265707, 50.265456590412349 ], [ -62.505062474769609, 50.255698651149331 ], [ -62.519917306192156, 50.25332603550455 ], [ -62.529480885849118, 50.258834524889458 ], [ -62.528019576181052, 50.271667170471119 ], [ -62.544877130166313, 50.273361051429859 ], [ -62.563222561888615, 50.269535039153652 ], [ -62.566614093647026, 50.259632097399248 ], [ -62.591429274431214, 50.263431746568585 ], [ -62.610762758945185, 50.258201934239864 ], [ -62.626861042783425, 50.26561402778033 ], [ -62.651699220728865, 50.263230032822726 ], [ -62.659408812739208, 50.267170680926853 ], [ -62.675770602317428, 50.259938141155772 ], [ -62.677071389137282, 50.264023707200067 ], [ -62.703336184181602, 50.267995002442269 ], [ -62.718049937825654, 50.263310670987593 ], [ -62.723653756996399, 50.267754832354967 ], [ -62.740068842941398, 50.267827456896079 ], [ -62.734666852156394, 50.279385956692309 ], [ -62.754160641789753, 50.270928918917093 ], [ -62.761382019405005, 50.272359478607832 ], [ -62.707802616790929, 50.302643985887357 ], [ -62.723145728269316, 50.302514391810639 ], [ -62.771033194075386, 50.284932815958896 ], [ -62.773173169908809, 50.291055429979174 ], [ -62.763487185983585, 50.302488031706922 ], [ -62.765798886227216, 50.305406292171334 ], [ -62.786250439802544, 50.282743309425456 ], [ -62.79879739340749, 50.277643150364824 ], [ -62.800732401687497, 50.286687709066946 ], [ -62.810276832944531, 50.294359591320955 ], [ -62.806703006105195, 50.297705937186279 ], [ -62.807124292122587, 50.309131185301567 ], [ -62.799623044915272, 50.313321786346812 ], [ -62.801620644087592, 50.3159750417176 ], [ -62.823152728512135, 50.31100580320367 ], [ -62.808470991648164, 50.305480159420995 ], [ -62.813003428673355, 50.292192698626685 ], [ -62.805177383493195, 50.28674553870772 ], [ -62.810955949461231, 50.285454811789052 ], [ -62.813455025672049, 50.281264528074665 ], [ -62.810076407438771, 50.278842341740351 ], [ -62.846764803075949, 50.268259355960637 ], [ -62.876008946093442, 50.273947297836216 ], [ -62.879973528981118, 50.276610217791131 ], [ -62.878423624851578, 50.284827038937863 ], [ -62.884432879334618, 50.285117108381883 ], [ -62.939557774504564, 50.272903126415976 ], [ -62.9605141704345, 50.27869728278197 ], [ -62.985585085706433, 50.274402111908749 ], [ -62.981213119082106, 50.28434701328522 ], [ -62.992562054474, 50.288859900421684 ], [ -62.984108336781475, 50.296390046574302 ], [ -62.987976447979221, 50.301093615235473 ], [ -63.00619971178704, 50.301315011778414 ], [ -63.018410748505758, 50.308090020644919 ], [ -63.03462007594915, 50.293491267591897 ], [ -63.057714897252254, 50.291748122028729 ], [ -63.035951592527013, 50.286369236595029 ], [ -63.042013405073938, 50.280723513180412 ], [ -63.053488277437239, 50.281566643295527 ], [ -63.057905973603368, 50.27253347325756 ], [ -63.068755324346306, 50.269275805749487 ], [ -63.086478811179973, 50.272926621499401 ], [ -63.108310941393214, 50.268459754775833 ], [ -63.112442201539011, 50.27703905293896 ], [ -63.160931993048059, 50.281681945934317 ], [ -63.191626022284474, 50.271016257795814 ], [ -63.191240824279909, 50.265309471536924 ], [ -63.153707501832187, 50.242775724326656 ], [ -63.199183920432567, 50.229645866286866 ], [ -63.21372964047174, 50.233819272496149 ], [ -63.230549272190068, 50.224206360432369 ], [ -63.218834198359907, 50.214467327925554 ], [ -63.253045080503888, 50.224725328026899 ], [ -63.297354108816265, 50.215932795458436 ], [ -63.316553800823606, 50.225450630167643 ], [ -63.340835030130513, 50.220869347783839 ], [ -63.356696803784388, 50.228414953365366 ], [ -63.389317376362207, 50.215807615602927 ], [ -63.399533799521436, 50.19423935229338 ], [ -63.417898184022768, 50.196902159041933 ], [ -63.426992509759295, 50.204409559551621 ], [ -63.446104748635996, 50.197672943054968 ], [ -63.456999654130193, 50.205352029852051 ], [ -63.459204401399909, 50.216037021246549 ], [ -63.453741489007747, 50.224295821295797 ], [ -63.465464049971438, 50.23826535374738 ], [ -63.492453586636607, 50.246379420435687 ], [ -63.520946242601404, 50.250552933961195 ], [ -63.561760788970474, 50.247707482341049 ], [ -63.610877464080986, 50.228927012282462 ], [ -63.615076963822993, 50.230870558013585 ], [ -63.614355349375671, 50.243100665163226 ], [ -63.641100673408026, 50.258744026512311 ], [ -63.657577022585826, 50.245648265098005 ], [ -63.681385170449829, 50.244435366854795 ], [ -63.685779805446465, 50.245900271650058 ], [ -63.688197964002491, 50.267781394168921 ], [ -63.70363627758816, 50.278043072996482 ], [ -63.742535553865359, 50.286862969370418 ], [ -63.774484537444266, 50.284456125537034 ], [ -63.784731186449825, 50.27863115220169 ], [ -63.850925393265157, 50.284693226858309 ], [ -63.870193738178891, 50.293203982304242 ], [ -63.897393315122031, 50.289549684923635 ], [ -63.920758851743386, 50.295626692617255 ], [ -63.984072786802905, 50.295480941647014 ], [ -63.980395774758335, 50.298572224340596 ], [ -63.983456027429007, 50.30364400296606 ], [ -63.978385356030735, 50.304888291656056 ], [ -63.993737924045476, 50.303967288245509 ], [ -63.997195635301999, 50.307607548633804 ], [ -64.015709556900646, 50.294764985866962 ], [ -64.027545172041854, 50.297509971008338 ], [ -64.025860722704749, 50.303992866757454 ], [ -64.015433015813272, 50.306313460238719 ], [ -64.000000010110867, 50.320842572379043 ], [ -64.017678526241838, 50.306905384532648 ], [ -64.028917353688996, 50.307094260212814 ], [ -64.034024290146149, 50.302336194056522 ], [ -64.028147716070393, 50.295498996751697 ], [ -64.017547859801027, 50.291998140521642 ], [ -64.000604418712456, 50.303647680201507 ], [ -63.993509880048101, 50.298541227588494 ], [ -64.001648406796704, 50.291909441523096 ], [ -64.029362845883924, 50.286746207991122 ], [ -64.091352244610192, 50.290416847677768 ], [ -64.161757446388961, 50.255296628268468 ], [ -64.19724577737307, 50.264433744562439 ], [ -64.271719111237857, 50.270405612585037 ], [ -64.342502388466315, 50.283830051822413 ], [ -64.416771667648064, 50.315489062763504 ], [ -64.453143372953562, 50.316758007216521 ], [ -64.459827598655735, 50.319823552852959 ], [ -64.458096523419371, 50.323135809944858 ], [ -64.461094991692292, 50.32133483981557 ], [ -64.460896862535805, 50.314857523833382 ], [ -64.484873644133273, 50.315655462190165 ], [ -64.500064064421579, 50.306241464874702 ], [ -64.50128147430992, 50.300129830556664 ], [ -64.546697889171469, 50.283792375411899 ], [ -64.611022581885024, 50.28564378498541 ], [ -64.631469293524006, 50.275195002941089 ], [ -64.679048175494231, 50.273231110940287 ], [ -64.696085350595226, 50.279144812577137 ], [ -64.743579329981046, 50.266362487848788 ], [ -64.75372848335526, 50.272577795512838 ], [ -64.772559339599951, 50.271365624052486 ], [ -64.780357280311392, 50.275374866581828 ], [ -64.876646840918454, 50.259540318093059 ], [ -64.88134017854982, 50.26157601856611 ], [ -64.87922737459003, 50.263958971847593 ], [ -64.886117626028224, 50.266356727381975 ], [ -64.880024972230203, 50.263361251010842 ], [ -64.909384623883824, 50.262997740064357 ], [ -64.929439423625411, 50.272750841064045 ], [ -64.959509277959654, 50.262987228224432 ], [ -64.976809778877438, 50.268685727240729 ], [ -64.992389710823502, 50.267107804486592 ], [ -65.003614059859373, 50.274759061732546 ], [ -65.022677467449839, 50.276316830729364 ], [ -65.027423909989608, 50.281798124975801 ], [ -65.055652510603935, 50.27624549465115 ], [ -65.079713190205098, 50.284056475353665 ], [ -65.117275159556939, 50.282073869280417 ], [ -65.121844128329414, 50.292325468476029 ], [ -65.126194380909013, 50.28849516536981 ], [ -65.123043757059961, 50.283002997812318 ], [ -65.149437826033989, 50.288679153571223 ], [ -65.188975949297443, 50.283542598203674 ], [ -65.21240277152441, 50.288630700611549 ], [ -65.229969321669742, 50.286594876207921 ], [ -65.237287357545057, 50.290564827471592 ], [ -65.238134415838374, 50.305198518483301 ], [ -65.249629571321762, 50.298619815342384 ], [ -65.242094527797335, 50.294861668941067 ], [ -65.270989294178165, 50.301883209397914 ], [ -65.317570218112039, 50.293470722770628 ], [ -65.350447841690993, 50.302731772460518 ], [ -65.477728372657765, 50.290092060074478 ], [ -65.513427142918104, 50.282482681345826 ], [ -65.518506792196121, 50.292989363963635 ], [ -65.515707359330023, 50.281297573886377 ], [ -65.54140105702183, 50.27146952582055 ], [ -65.576052116252427, 50.27178163806289 ], [ -65.590752618228748, 50.276537033123304 ], [ -65.602364074568612, 50.270160675062975 ], [ -65.605504300402515, 50.271637492379426 ], [ -65.612349802433201, 50.271312824412334 ], [ -65.609214130512569, 50.268126979092365 ], [ -65.616400458073642, 50.268397109390754 ], [ -65.615145356114184, 50.272896064813189 ], [ -65.623575356791974, 50.269989362043191 ], [ -65.621663037990544, 50.266092581743088 ], [ -65.638823299509113, 50.268069783162488 ], [ -65.647088641814122, 50.263752815161013 ], [ -65.656188346037993, 50.267143261205973 ], [ -65.664114765998406, 50.260305114821215 ], [ -65.680077002422578, 50.257194264793199 ], [ -65.685494368801187, 50.260460418592437 ], [ -65.685875251050305, 50.253264242223246 ], [ -65.696016621646478, 50.257446037991926 ], [ -65.701989735085562, 50.254644581114889 ], [ -65.708449634317532, 50.261177738411412 ], [ -65.717403390826064, 50.256021080930331 ], [ -65.725451678792211, 50.261085858110647 ], [ -65.74000481063112, 50.256956310598632 ], [ -65.738294236435038, 50.259668335595443 ], [ -65.743853079247444, 50.261902970223218 ], [ -65.740278556724405, 50.267834436907442 ], [ -65.746094102751513, 50.271340278818151 ], [ -65.745256774094884, 50.258982238565011 ], [ -65.750169489285909, 50.255843493113062 ], [ -65.761572941911382, 50.255294039097592 ], [ -65.765412239475609, 50.259565537035392 ], [ -65.77838372602892, 50.256773147700699 ], [ -65.789238971619525, 50.261730408304111 ], [ -65.795728165887382, 50.258479886643421 ], [ -65.797994952795491, 50.263876622023055 ], [ -65.804830905435026, 50.261040057780662 ], [ -65.796046438064067, 50.27588769585789 ], [ -65.807993762251414, 50.262088058357151 ], [ -65.820068595125264, 50.266473215577705 ], [ -65.809756172202697, 50.253886416685781 ], [ -65.82361283216099, 50.249286404347657 ], [ -65.831479750299849, 50.254906046250177 ], [ -65.844631759750058, 50.253343229880777 ], [ -65.847781453782034, 50.256045688907996 ], [ -65.844790692543427, 50.261660326207483 ], [ -65.859157112877142, 50.260201058747015 ], [ -65.862488625848087, 50.263573331256296 ], [ -65.859328982675748, 50.267285421302851 ], [ -65.86451940086414, 50.264440833201299 ], [ -65.872477328963384, 50.268184383579602 ], [ -65.868966575188566, 50.274918982950332 ], [ -65.877214603918603, 50.268076109409542 ], [ -65.91472838899702, 50.284592433982766 ], [ -65.945230968125188, 50.281996825184486 ], [ -65.948566855038948, 50.290764043874667 ], [ -65.954341413438428, 50.283114809227691 ], [ -65.974326540185757, 50.281426283450237 ], [ -66.002715289689391, 50.266082816390245 ], [ -66.059479911334861, 50.2019093844197 ], [ -66.07302572844128, 50.193552721419408 ], [ -66.103753765209831, 50.185723467937088 ], [ -66.150657600654071, 50.189079268051231 ], [ -66.23099992783024, 50.212550056892859 ], [ -66.211423169884981, 50.210030485903374 ], [ -66.218452934942732, 50.212079219993157 ], [ -66.235797849612666, 50.213213119815741 ], [ -66.319022343150209, 50.203506453871341 ], [ -66.365055060549722, 50.185327989719511 ], [ -66.412790043976514, 50.219990382421827 ], [ -66.407848889911975, 50.217775272997926 ], [ -66.412156790328623, 50.224177110370604 ], [ -66.411204815256866, 50.228032895639139 ], [ -66.405462365932607, 50.225583926395508 ], [ -66.389066380041101, 50.229950143429576 ], [ -66.388051187455687, 50.230719764653884 ], [ -66.386961008861718, 50.23295090223332 ], [ -66.384313348163076, 50.233357949616483 ], [ -66.383951704163877, 50.234060731909807 ], [ -66.387142318833426, 50.232994968059742 ], [ -66.389022052041497, 50.23014759814594 ], [ -66.394018530168779, 50.2292226800813 ], [ -66.409870886972726, 50.258587309491432 ], [ -66.408245341977732, 50.262167166491764 ], [ -66.404455102948035, 50.261677747228191 ], [ -66.403225190922143, 50.262360886166888 ], [ -66.403498516833835, 50.263527390831761 ], [ -66.435702170392389, 50.263298286823783 ], [ -66.459884963851025, 50.271124788085267 ], [ -66.457443032803852, 50.267698150563035 ], [ -66.468538137039388, 50.257487998667195 ], [ -66.495324149908825, 50.248911557587512 ], [ -66.529159374296626, 50.230494478680122 ], [ -66.53449653012315, 50.216467449126597 ], [ -66.543852378730989, 50.209541494250395 ], [ -66.54880274238792, 50.21222771314801 ], [ -66.546064851389119, 50.213681108723918 ], [ -66.544661001038051, 50.219453314129275 ], [ -66.545026997021964, 50.220243654416308 ], [ -66.547006514223867, 50.221283944404917 ], [ -66.549551594966275, 50.211838746138817 ], [ -66.544941854851373, 50.209069807276414 ], [ -66.538786347694725, 50.20884053208178 ], [ -66.53322119962796, 50.184390308092624 ], [ -66.513875530531564, 50.160086151917405 ], [ -66.482334925291312, 50.164488714682321 ], [ -66.485774320488758, 50.165660706655316 ], [ -66.470373587563643, 50.165326116959299 ], [ -66.480363153256604, 50.160443014356169 ], [ -66.481075778614425, 50.158074704618166 ], [ -66.426245124782184, 50.164059223575585 ], [ -66.430154143892764, 50.159846039986853 ], [ -66.424053378144322, 50.150130671852828 ], [ -66.437687682721617, 50.152510399531657 ], [ -66.447665597821455, 50.147332981550733 ], [ -66.457819804850018, 50.133774861040607 ], [ -66.452460146583235, 50.12691976330251 ], [ -66.472604485234186, 50.127549113333238 ], [ -66.503750637788187, 50.146402842953577 ], [ -66.522150648610136, 50.141678762352392 ], [ -66.523245046664627, 50.149213218946826 ], [ -66.550959236184511, 50.150934668679476 ], [ -66.665089420061449, 50.124070149591304 ], [ -66.695973493948998, 50.10823518852424 ], [ -66.705321059930014, 50.110541677148866 ], [ -66.708840061383711, 50.109436553234758 ], [ -66.709292103277335, 50.110513763921773 ], [ -66.710888438559735, 50.111135788971261 ], [ -66.708914100325586, 50.111405534251382 ], [ -66.706920128041162, 50.113903056734124 ], [ -66.708295030395746, 50.113525449961074 ], [ -66.711231246653725, 50.111165717006983 ], [ -66.709393263942744, 50.108342649908323 ], [ -66.717391536114121, 50.108145715288138 ], [ -66.698831382430754, 50.106097086261094 ], [ -66.723397156607419, 50.077653152923801 ], [ -66.728913819284188, 50.056748500465147 ], [ -66.725587851371117, 50.05469540722158 ], [ -66.737769584624345, 50.039569776849653 ], [ -66.745345412450703, 50.044214858480295 ], [ -66.755946314101195, 50.035847987537011 ], [ -66.771405600236491, 50.03556134280241 ], [ -66.770890860183655, 50.030694035311527 ], [ -66.778676762378637, 50.02840569269511 ], [ -66.77836859984464, 50.034174704606151 ], [ -66.789138400637, 50.031987746456927 ], [ -66.781620357843323, 50.031493397654629 ], [ -66.796561007628142, 50.025418579456307 ], [ -66.811167083214755, 50.031021433414637 ], [ -66.817351573321133, 50.018327676780423 ], [ -66.824206383795087, 50.02357469175876 ], [ -66.828223277963119, 50.01995298145647 ], [ -66.828324301657574, 50.029165876853817 ], [ -66.841129654973045, 50.024790408706323 ], [ -66.839660248663051, 50.030465953125301 ], [ -66.843255170177187, 50.030907746706241 ], [ -66.84966748993277, 50.026199315739809 ], [ -66.843543121198266, 50.024835294669138 ], [ -66.861230698707615, 50.020465856578177 ], [ -66.870787871694446, 50.027263540222634 ], [ -66.875589447980133, 50.023834395526045 ], [ -66.876443435450653, 50.013953653860234 ], [ -66.893042850710003, 50.020608761759171 ], [ -66.896792640026121, 50.016584041887121 ], [ -66.891850019768171, 50.010224749499272 ], [ -66.90183371716455, 50.007896144611898 ], [ -66.907802505289695, 50.013472975843648 ], [ -66.909111085306634, 50.005194097659967 ], [ -66.921183304568331, 50.007138138889147 ], [ -66.92080698803268, 50.003245546096466 ], [ -66.934288982781268, 49.998674067886149 ], [ -66.934994151394321, 49.991661478489746 ], [ -66.945075266955243, 49.988215513920331 ], [ -66.943815058434581, 49.98459087782156 ], [ -66.957320046825274, 49.981739511547083 ], [ -66.962858223023517, 49.973480504354519 ], [ -66.959651052642187, 49.963241687502055 ], [ -66.967025954375245, 49.962948453016587 ], [ -66.97140891962124, 49.956539757366002 ], [ -66.973398840303631, 49.961611786858107 ], [ -66.97491078168909, 49.962465743737397 ], [ -66.966938758094742, 49.942510042363111 ], [ -66.970256430538939, 49.941506766488516 ], [ -66.963340888056806, 49.934621160769147 ], [ -66.969949379820733, 49.938533007645496 ], [ -66.971675919909785, 49.928947440960293 ], [ -66.981018594566734, 49.92778823352014 ], [ -66.98186924168256, 49.921767313818023 ], [ -66.96665521656648, 49.920772850276215 ], [ -66.965450168356, 49.913987379258252 ], [ -66.97706491721749, 49.908730571003666 ], [ -66.971354713819863, 49.904735885434761 ], [ -66.978885890973032, 49.906486570756805 ], [ -66.976473972368566, 49.901883935117347 ], [ -66.985824162608608, 49.903090226817568 ], [ -66.994633538418327, 49.897198243333129 ], [ -66.995930650670871, 49.890762138527684 ], [ -66.990975578600185, 49.888040785444666 ], [ -66.997270993190369, 49.882599725126198 ], [ -67.001276227332042, 49.884378622421487 ], [ -66.99773944303621, 49.881708298188855 ], [ -67.006006523398455, 49.865533579966311 ], [ -67.001491353207157, 49.861641855932085 ], [ -67.01358847658274, 49.860500554805036 ], [ -67.009082401267847, 49.856384386333254 ], [ -67.032850181816713, 49.831621760358487 ], [ -67.040563315356209, 49.830708997505432 ], [ -67.045054057107464, 49.82762754161611 ], [ -67.036182157917395, 49.830041144750901 ], [ -67.040657032868296, 49.824261018345723 ], [ -67.047112115175381, 49.825899182813075 ], [ -67.048253781768523, 49.821025045719672 ], [ -67.058948220586885, 49.81643723223155 ], [ -67.056559186752466, 49.825059558767208 ], [ -67.063721106476322, 49.827815068984769 ], [ -67.06066654135725, 49.840564100867553 ], [ -67.069466322420254, 49.846611867668756 ], [ -67.089994308982725, 49.847770588548393 ], [ -67.109311220641672, 49.839703898859199 ], [ -67.11160202902866, 49.835882365009709 ], [ -67.107063489369324, 49.829592676591403 ], [ -67.135445531532952, 49.814383333364795 ], [ -67.13780997125231, 49.80710831424971 ], [ -67.148648221395959, 49.808280480899384 ], [ -67.143435890798784, 49.803195777189849 ], [ -67.152616630132371, 49.798602081491225 ], [ -67.148434378218255, 49.792391633748366 ], [ -67.155656012887164, 49.788099191574261 ], [ -67.152073106396216, 49.785865290014598 ], [ -67.154581444342256, 49.780912954954943 ], [ -67.161409839911968, 49.778658814306034 ], [ -67.171228722422782, 49.751324896295863 ], [ -67.166135087121191, 49.67018519024662 ], [ -67.188997598648655, 49.65430858815278 ], [ -67.204009824386205, 49.63530149451848 ], [ -67.204069727731806, 49.628025189530895 ], [ -67.234529688649204, 49.592926256897165 ], [ -67.236852560265675, 49.568413281566528 ], [ -67.229034507424728, 49.486835858148311 ], [ -67.232497459870572, 49.4863621990105 ], [ -67.231157626964944, 49.475646031828568 ], [ -67.235598928900444, 49.473833810442265 ], [ -67.238787070670242, 49.458455062359484 ], [ -67.261903458849758, 49.445932236399592 ], [ -67.265606309539947, 49.438350608474835 ], [ -67.278343447222809, 49.430723833513831 ], [ -67.277918629543848, 49.423161236060388 ], [ -67.291987289640673, 49.423477883933593 ], [ -67.302912334817648, 49.418187483321034 ], [ -67.304465236256547, 49.391124574875995 ], [ -67.317423562089218, 49.384549234462298 ], [ -67.319967368901231, 49.37622032426593 ], [ -67.336980574073735, 49.364826055876428 ], [ -67.339615987908701, 49.354465012290852 ], [ -67.381371002871461, 49.316332512529371 ], [ -67.408469784887401, 49.31852850208351 ], [ -67.406351507502535, 49.321994871537022 ], [ -67.41106452028238, 49.325640035981074 ], [ -67.419329370271669, 49.31982526369957 ], [ -67.494115139355642, 49.324962093809511 ], [ -67.575407636422398, 49.321684017761882 ], [ -67.586100039735896, 49.325703117281854 ], [ -67.595011516214598, 49.321434386187875 ], [ -67.604600175436531, 49.306424013403166 ], [ -67.6469358947611, 49.313281649867029 ], [ -67.658345076538069, 49.303057899499038 ], [ -67.67156395571746, 49.300205046209562 ], [ -67.708901221999398, 49.310308187030778 ], [ -67.719528735437763, 49.304759303524818 ], [ -67.754839164048391, 49.30268042650593 ], [ -67.790416398931072, 49.314302652996204 ], [ -67.769519882997727, 49.306975611176284 ], [ -67.766142028307399, 49.303413382754471 ], [ -67.773235703198679, 49.30470329301189 ], [ -67.769973589787682, 49.300908512223756 ], [ -67.773285765002655, 49.295483491386001 ], [ -67.799070552663522, 49.272995846413536 ], [ -67.816968181414509, 49.273072553512556 ], [ -67.818251176155712, 49.26885782472813 ], [ -67.893667132153553, 49.291155278600549 ], [ -67.882120072601438, 49.294802236288767 ], [ -67.88325639446596, 49.295560955252313 ], [ -67.921070288424417, 49.290490287628998 ], [ -67.937750485857848, 49.28097424813533 ], [ -67.948926044083791, 49.286924006331539 ], [ -67.947604041430793, 49.283781570001999 ], [ -67.955246166018625, 49.283931882308714 ], [ -67.955587608449591, 49.278834572162005 ], [ -67.992953360792299, 49.282431631436268 ], [ -68.028123837694523, 49.279755356579926 ], [ -68.050672889181456, 49.294794146157962 ], [ -68.045843586125017, 49.282061922680008 ], [ -68.055317062954359, 49.282076805792975 ], [ -68.051608262897545, 49.271845676657371 ], [ -68.084749563272325, 49.252691955558731 ], [ -68.095396238388787, 49.261141509047285 ], [ -68.127812154565817, 49.271654495151665 ], [ -68.133205653661051, 49.268249865832509 ], [ -68.130924434534862, 49.257258391414908 ], [ -68.140615296379963, 49.260308354931219 ], [ -68.132360101470269, 49.256108774989833 ], [ -68.132025157712903, 49.251698521592111 ], [ -68.138341767767628, 49.250378523423564 ], [ -68.133015520079184, 49.248503606848018 ], [ -68.135042707817917, 49.23278284226366 ], [ -68.128899719804423, 49.233177522449225 ], [ -68.143894772164316, 49.226585279601025 ], [ -68.138999907058817, 49.21489657197624 ], [ -68.145916625519035, 49.201571694672808 ], [ -68.193886339358599, 49.200396263019506 ], [ -68.205995540593662, 49.190855015230269 ], [ -68.231086344981961, 49.185402641260524 ], [ -68.250238772348212, 49.187552541896537 ], [ -68.264673873745551, 49.179369560375598 ], [ -68.286543763134119, 49.190013403290784 ], [ -68.315039497037375, 49.187739186945365 ], [ -68.324785708137327, 49.195631576058048 ], [ -68.323501162160852, 49.188207378873159 ], [ -68.329619534364753, 49.191084766907608 ], [ -68.31619777008973, 49.180369793998366 ], [ -68.281736017068539, 49.181770788528318 ], [ -68.260162261197806, 49.166297354979996 ], [ -68.230920307085484, 49.15626522347285 ], [ -68.21504847945215, 49.155618694847931 ], [ -68.198547698244724, 49.161676268693121 ], [ -68.182599489166265, 49.154754874546889 ], [ -68.17792168716052, 49.12581002670931 ], [ -68.190602261561921, 49.098742000333324 ], [ -68.214728424565024, 49.097757215233827 ], [ -68.230018037583733, 49.089683220660369 ], [ -68.31304953802352, 49.092510102304907 ], [ -68.342866843023941, 49.081250324698111 ], [ -68.39111083838705, 49.048851949170484 ], [ -68.420367468153202, 49.042030999640289 ], [ -68.462297517726, 49.042962623415384 ], [ -68.478844389532682, 49.070565595656575 ], [ -68.51299590712911, 49.065700943733425 ], [ -68.527965110669797, 49.070362591446631 ], [ -68.540668441347847, 49.064770347962735 ], [ -68.550129292256344, 49.052994431024445 ], [ -68.569653358681563, 49.057488280734724 ], [ -68.590726468900627, 49.044861759463508 ], [ -68.599004593211319, 49.045403509745206 ], [ -68.623595180221386, 49.016240337280358 ], [ -68.616415894250508, 49.006131348543732 ], [ -68.63741937507254, 49.00007095531867 ], [ -68.634022955473824, 48.993394471390197 ], [ -68.64003408548264, 48.971140109661178 ], [ -68.635838803044052, 48.938690218338365 ], [ -68.625387893969204, 48.923780504534129 ], [ -68.617569944469992, 48.926967131269627 ], [ -68.634966332967508, 48.901632076202795 ], [ -68.649833486433693, 48.898126526931904 ], [ -68.705201620097654, 48.900969402227147 ], [ -68.78569589188703, 48.887536450999811 ], [ -68.768351962489362, 48.891757930471073 ], [ -68.763126520068795, 48.897621572663162 ], [ -68.782498935293276, 48.891812466918935 ], [ -68.793153459784847, 48.88565352123959 ], [ -68.789625417076579, 48.877871880686527 ], [ -68.81800407631556, 48.867380526725 ], [ -68.824383991935107, 48.856973054760154 ], [ -68.831082279430447, 48.860384316647171 ], [ -68.82974009017066, 48.856074618622785 ], [ -68.836472076959751, 48.855947017991156 ], [ -68.841826815380827, 48.845175759576556 ], [ -68.848654051480949, 48.845598753792913 ], [ -68.850269862425108, 48.838512107240028 ], [ -68.870028615072897, 48.839201769295983 ], [ -68.869623587027249, 48.832472404807149 ], [ -68.880467586465969, 48.827815305310416 ], [ -68.87242278507, 48.824820027796669 ], [ -68.879003514697445, 48.819060744368095 ], [ -68.885718414466936, 48.825535653806341 ], [ -68.895089975347261, 48.826507124530799 ], [ -68.905225722509954, 48.819822969055465 ], [ -68.947126937158657, 48.822413630365752 ], [ -68.925244045134619, 48.815564618108176 ], [ -68.937528245800152, 48.817640987391947 ], [ -68.953281211307811, 48.811603203882484 ], [ -68.930066587902743, 48.805429247507156 ], [ -68.941969893567602, 48.805147997430403 ], [ -68.949560756143512, 48.786458019701982 ], [ -68.980430556949756, 48.767755776920538 ], [ -68.989530980859442, 48.78634261436126 ], [ -68.995262656904529, 48.783392333483249 ], [ -69.001456011421439, 48.763475336711153 ], [ -69.012640780218533, 48.760595928493906 ], [ -69.000408318498771, 48.773802741092808 ], [ -69.002341180977254, 48.778075788736245 ], [ -69.019365276016387, 48.767746810984406 ], [ -69.026821839124935, 48.765784201517512 ], [ -69.033874594164203, 48.771242890073864 ], [ -69.044986864996233, 48.763538530070278 ], [ -69.04757547918868, 48.766901986909133 ], [ -69.042706860793601, 48.770745180000723 ], [ -69.049765458690956, 48.772925308642506 ], [ -69.048581253446926, 48.778953374361549 ], [ -69.052556265928814, 48.793042096020564 ], [ -69.050803643153159, 48.774507793788686 ], [ -69.063565237479011, 48.766678389984577 ], [ -69.066345346220075, 48.759372062583097 ], [ -69.06362420278731, 48.74870433639127 ], [ -69.049028567247774, 48.749817983294292 ], [ -69.044343106341728, 48.743324754166409 ], [ -69.048209714814789, 48.73779242886404 ], [ -69.056733277991142, 48.740324807055281 ], [ -69.067810550268305, 48.73502701112416 ], [ -69.067021653774873, 48.725654595453364 ], [ -69.072948446015829, 48.724499499767468 ], [ -69.084389589668888, 48.695551333784309 ], [ -69.086752387014272, 48.639143758452036 ], [ -69.092456478540953, 48.63694425077999 ], [ -69.10020964015709, 48.614177071621889 ], [ -69.140071401155879, 48.566390844147463 ], [ -69.147817361940753, 48.562995770751513 ], [ -69.197038757765171, 48.572082694625685 ], [ -69.189291923045616, 48.577540607307945 ], [ -69.19803200965876, 48.583310536700772 ], [ -69.215786366040973, 48.581380400292353 ], [ -69.233376910781942, 48.57067649056507 ], [ -69.245409970474739, 48.544526152980175 ], [ -69.282814546924058, 48.511231823644678 ], [ -69.277752932531357, 48.495041579284369 ], [ -69.283255440732745, 48.469850093940046 ], [ -69.296541486611588, 48.449052751814961 ], [ -69.315009947125731, 48.435194059586827 ], [ -69.322665418165755, 48.41222266567123 ], [ -69.351654586997356, 48.392966038309289 ], [ -69.356917407264731, 48.378654233415503 ], [ -69.387344729685609, 48.368788558574622 ], [ -69.409022785100575, 48.344312151474881 ], [ -69.412584277051849, 48.346907844331845 ], [ -69.423273065761293, 48.341974811160817 ], [ -69.408933910651768, 48.343805735000764 ], [ -69.405141941181242, 48.347326794857331 ], [ -69.389541399030477, 48.345858739869726 ], [ -69.397897149268616, 48.328829452945371 ], [ -69.414316485204282, 48.32349163083326 ], [ -69.411379298771678, 48.320228240862676 ], [ -69.423096564659915, 48.310855872215662 ], [ -69.419798895504499, 48.306729446889278 ], [ -69.426678405198928, 48.297230582356235 ], [ -69.448621051071612, 48.283984807020708 ], [ -69.456442759066661, 48.287390793970403 ], [ -69.461210417022315, 48.282396569249876 ], [ -69.456743006224443, 48.278734719091084 ], [ -69.466630295248535, 48.269203413371791 ], [ -69.479212130981637, 48.274468776416725 ], [ -69.499657936154435, 48.263477619212139 ], [ -69.514929415209906, 48.241161081438463 ], [ -69.553295826193079, 48.228479776923798 ], [ -69.556188912514173, 48.231311010933638 ], [ -69.549277883506676, 48.234691515341765 ], [ -69.551186250325955, 48.240807567644993 ], [ -69.563769717988322, 48.227967495613555 ], [ -69.572055118886723, 48.22956402116786 ], [ -69.564523375160434, 48.224257091791884 ], [ -69.572024557623052, 48.214737290192936 ], [ -69.580431181397302, 48.221271884888125 ], [ -69.577820804203256, 48.238154184147398 ], [ -69.593828889273908, 48.238873347235184 ], [ -69.579656764480418, 48.237344232747162 ], [ -69.584966515648134, 48.221113953393626 ], [ -69.582588761668262, 48.213271742372129 ], [ -69.611121324698914, 48.184531358578397 ], [ -69.646272623569374, 48.159642394814881 ], [ -69.651261079073649, 48.163851829099478 ], [ -69.663501594448292, 48.156746171715625 ], [ -69.66678368670199, 48.147496242771552 ], [ -69.6796276238465, 48.137677224282399 ], [ -69.701000673278756, 48.135274741075087 ], [ -69.726770992809094, 48.11298038868717 ], [ -69.726054511694016, 48.106276893775927 ], [ -69.706254593305943, 48.098093630230345 ], [ -69.719157796595283, 48.091362608511787 ], [ -69.730605069450206, 48.076571087098664 ], [ -69.749798944674396, 48.077167215855368 ], [ -69.75867307943092, 48.064359996965869 ], [ -69.764278847222755, 48.054965776087165 ], [ -69.766206199689691, 48.034718252792423 ], [ -69.777355745217946, 48.02592501456494 ], [ -69.766759234959395, 48.018645504603541 ], [ -69.762675512994846, 48.004538008345754 ], [ -69.776324897261603, 47.985849180712087 ], [ -69.777424500973254, 47.974289201295079 ], [ -69.784954762367306, 47.962793402455091 ], [ -69.814491255871985, 47.959258722674207 ], [ -69.810119778795482, 47.957247234817679 ], [ -69.811855851268419, 47.951782588706259 ], [ -69.801673124190103, 47.953266708003412 ], [ -69.793140791126547, 47.948854251376048 ], [ -69.802108440020575, 47.914745883953643 ], [ -69.81722736179519, 47.905947765473833 ], [ -69.826014904456386, 47.893918303447911 ], [ -69.843763751123419, 47.887068144138595 ], [ -69.838880646823995, 47.880400821264807 ], [ -69.846879275465199, 47.878785530437817 ], [ -69.847385814089066, 47.873761198119382 ], [ -69.866629152569971, 47.860085316968586 ], [ -69.869871974704509, 47.849335750843913 ], [ -69.874949631145327, 47.847641622933686 ], [ -69.872938405059813, 47.840099001471692 ], [ -69.878270030745014, 47.827380796681517 ], [ -69.8998843942734, 47.806267004290767 ], [ -69.898809564119446, 47.788091249981917 ], [ -69.905169359973399, 47.779898412579541 ], [ -69.905598140590556, 47.769997623032573 ], [ -69.922690011838114, 47.759145260634241 ], [ -69.949425318512411, 47.753699532423781 ], [ -69.951441357896442, 47.758163700267836 ], [ -69.958226883951653, 47.754184246983137 ], [ -69.978912248890722, 47.71599427451094 ], [ -69.99173404480652, 47.70311632801581 ], [ -70.002762783845796, 47.703389403077189 ], [ -70.027251506225667, 47.694004001628464 ], [ -70.126544304266417, 47.650908065609855 ], [ -70.14942789694183, 47.657258528606789 ], [ -70.14864921541772, 47.642401790841831 ], [ -70.14184737139874, 47.636369114459058 ], [ -70.140331259531152, 47.622977278149762 ], [ -70.198925162870978, 47.579027484301129 ], [ -70.204607987994493, 47.567630402729023 ], [ -70.20019025220509, 47.537200274566636 ], [ -70.202707620881952, 47.52409966949407 ], [ -70.211488013296417, 47.50907934294225 ], [ -70.22823553370776, 47.503997202033538 ], [ -70.231515165744156, 47.495467758003635 ], [ -70.227437642187269, 47.491417312693308 ], [ -70.231257381747483, 47.487849082518686 ], [ -70.266938813516276, 47.483906048955944 ], [ -70.295081777686192, 47.466701978687496 ], [ -70.349120743282867, 47.462731450476369 ], [ -70.362015036984971, 47.456463581233365 ], [ -70.36459914455159, 47.448645938413854 ], [ -70.373961955621766, 47.453645099197153 ], [ -70.383053629682237, 47.452285035976729 ], [ -70.452923713252304, 47.42617150606646 ], [ -70.484781407351107, 47.43588638283569 ], [ -70.4893437136475, 47.433541614967218 ], [ -70.494656644737603, 47.441795936309958 ], [ -70.496807665456316, 47.442811656874639 ], [ -70.499996515803602, 47.441141273753438 ], [ -70.49597920492117, 47.442129604669262 ], [ -70.488015381788017, 47.429215167282052 ], [ -70.498906644779296, 47.421917084128459 ], [ -70.502929051541685, 47.421162540012837 ], [ -70.505358666811972, 47.423605207709528 ], [ -70.507929294754675, 47.424012341786323 ], [ -70.508419332778558, 47.423528975962085 ], [ -70.495385652470091, 47.410886101154887 ], [ -70.497772023417056, 47.385182542612171 ], [ -70.551542085272118, 47.330224458740091 ], [ -70.565794891949793, 47.305527594371277 ], [ -70.569743009508457, 47.292317683094659 ], [ -70.567048087856193, 47.283472983746485 ], [ -70.572320956166664, 47.273538289547581 ], [ -70.58670527918666, 47.254055945529686 ], [ -70.619260511137995, 47.227261325765355 ], [ -70.636367482764186, 47.197646457862689 ], [ -70.673778538620496, 47.162631594326804 ], [ -70.685608536297266, 47.141202916336191 ], [ -70.697730500693183, 47.135867519169466 ], [ -70.715629456961651, 47.108514180510774 ], [ -70.734830876245709, 47.097885157334332 ], [ -70.742633009960556, 47.087408923411942 ], [ -70.76733228150745, 47.080101190727802 ], [ -70.806399484733845, 47.049920861556082 ], [ -70.844503253643509, 47.047270536780154 ], [ -70.845126744980462, 47.05084210637272 ], [ -70.846814587860621, 47.046720328266467 ], [ -70.883429686039435, 47.041543304032587 ], [ -70.888501969273207, 47.035691374957572 ], [ -70.956330449472901, 47.00942688739508 ], [ -70.981666750362038, 46.98872500979288 ], [ -71.003056380774083, 46.977616710518767 ], [ -71.00766406968431, 46.979173817632997 ], [ -71.004747777756592, 46.976786163235097 ], [ -71.046933808269458, 46.946288096813731 ], [ -71.052555621752745, 46.933507484201463 ], [ -71.060350322194608, 46.932242497847184 ], [ -71.06766344002547, 46.922913357195434 ], [ -71.139148793588063, 46.888364952646391 ], [ -71.154338653300599, 46.869082312950354 ], [ -71.169345608193652, 46.858548474099315 ], [ -71.199569914322808, 46.85237377969883 ], [ -71.205988042767459, 46.837725130706303 ], [ -71.195297877566603, 46.838965690080379 ], [ -71.191373394117008, 46.835018171232022 ], [ -71.198533448880639, 46.819266754465531 ], [ -71.211498131856587, 46.819241870188669 ], [ -71.198817008386428, 46.818505350189469 ], [ -71.203908382155888, 46.806114109244341 ], [ -71.233149004632551, 46.787422061474793 ], [ -71.234246100924778, 46.785438731814075 ], [ -71.233240303761974, 46.783928465402496 ], [ -71.233822505908307, 46.782801156262387 ], [ -71.235909491043472, 46.785109247746888 ], [ -71.241612430493689, 46.772263306118909 ], [ -71.260315947815286, 46.765037602853134 ], [ -71.271584171586909, 46.754878857388 ], [ -71.290232423837267, 46.747987612730313 ], [ -71.316309962040691, 46.750193053126907 ], [ -71.337518523603208, 46.746503739493221 ], [ -71.348378490878019, 46.750080600632934 ], [ -71.342871000607957, 46.74735716896425 ], [ -71.370358327353344, 46.733165401956846 ], [ -71.425614561831281, 46.733905771850523 ], [ -71.537084897965286, 46.714126827384 ], [ -71.560651333167513, 46.706131786136453 ], [ -71.573706753915346, 46.695929958159127 ], [ -71.609461923616607, 46.697972559913218 ], [ -71.63193847190098, 46.692939517606057 ], [ -71.643646504425604, 46.687620534658478 ], [ -71.643898430368381, 46.682601836375909 ], [ -71.652945305673711, 46.684687235203512 ], [ -71.666545874522811, 46.67538905739648 ], [ -71.693327326306331, 46.667300466050534 ], [ -71.710112825309636, 46.670422775086834 ], [ -71.771350823001995, 46.667073882990358 ], [ -71.78984262469173, 46.669477114217507 ], [ -71.843667071065198, 46.692117807778658 ], [ -71.882534976581638, 46.689335504267667 ], [ -71.876861528623351, 46.681018475557451 ], [ -71.884009539206332, 46.68829032038218 ], [ -71.898977493907481, 46.682052820721822 ], [ -71.927232396008563, 46.646395003011996 ], [ -71.939911252945151, 46.645475632188315 ], [ -71.988381544305682, 46.623896750270525 ], [ -72.038783262252025, 46.584985474552859 ], [ -72.067856291208557, 46.584213963177142 ], [ -72.067856622825872, 46.582755957774708 ], [ -72.064531279406125, 46.581005573616181 ], [ -72.063281560759307, 46.579011459253323 ], [ -72.070803210513773, 46.582093485740025 ], [ -72.069455919082174, 46.57682091487424 ], [ -72.070567784051988, 46.576048415513284 ], [ -72.078646141354824, 46.588684242971098 ], [ -72.079102591365967, 46.58407889539037 ], [ -72.087558926186688, 46.584852676986806 ], [ -72.086762588643509, 46.588018394832247 ], [ -72.088068762175183, 46.58483866311775 ], [ -72.099088436527225, 46.585037871496155 ], [ -72.09681495566312, 46.585322129226988 ], [ -72.095688685637825, 46.585878531449367 ], [ -72.094317162821056, 46.588579695314131 ], [ -72.106707323719917, 46.581198951965717 ], [ -72.115951860895152, 46.58163057328013 ], [ -72.114540259760687, 46.580190926585061 ], [ -72.114133538458944, 46.579001659876134 ], [ -72.130118881425901, 46.581294140697445 ], [ -72.177953527021714, 46.56804005279367 ], [ -72.171202617636069, 46.567621168289712 ], [ -72.181172361661254, 46.56535647841568 ], [ -72.172488453288651, 46.566482995200275 ], [ -72.184927387570255, 46.558104981802813 ], [ -72.180908860709593, 46.558356936431117 ], [ -72.217197850194793, 46.545512103630585 ], [ -72.236264472416082, 46.518614549435213 ], [ -72.242308176045768, 46.517698526062631 ], [ -72.238082604669358, 46.512070451668308 ], [ -72.250103235860152, 46.496286127974422 ], [ -72.261352545270441, 46.458872778920167 ], [ -72.267802075005264, 46.450747016758442 ], [ -72.293827414881761, 46.44400412798305 ], [ -72.346081093635959, 46.439604394951004 ], [ -72.362881607225916, 46.432460173407051 ], [ -72.38343779469885, 46.415283395822414 ], [ -72.410008728994612, 46.41119056747052 ], [ -72.46518501272007, 46.391970371143863 ], [ -72.486471595621865, 46.379930301767928 ], [ -72.508496500680096, 46.356310154701809 ], [ -72.539624001001826, 46.3401992127189 ], [ -72.580752376161172, 46.301035417566496 ], [ -72.66590995847244, 46.277254858536814 ], [ -72.708555855066081, 46.291096258545835 ], [ -72.729351177807487, 46.291187340369753 ], [ -72.817440753061845, 46.256911841608769 ], [ -72.814140869406231, 46.262239901372567 ], [ -72.818930302299023, 46.265481477753532 ], [ -72.830390849805852, 46.267409679372768 ], [ -72.833038296891829, 46.26148377286286 ], [ -72.837849132445015, 46.267506032221718 ], [ -72.847139017096438, 46.266565383102304 ], [ -72.858627384254447, 46.260481100510283 ], [ -72.849667422174093, 46.261644874037053 ], [ -72.855789007807701, 46.253407711687522 ], [ -72.891410379462783, 46.24205522090832 ], [ -72.918871052785008, 46.218734997721832 ], [ -72.935479518623126, 46.219108258453666 ], [ -72.95013301151792, 46.213836905826597 ], [ -72.94316150356137, 46.213045629117957 ], [ -72.946528950515614, 46.209659089311621 ], [ -72.988461065389231, 46.201305642986902 ], [ -73.007842324612227, 46.189026798561727 ], [ -73.000766855914833, 46.185807138348387 ], [ -72.983742332845665, 46.191403206398647 ], [ -72.996665920378845, 46.178130083043392 ], [ -72.988876621939241, 46.180684343838514 ], [ -72.991430069149715, 46.176391112230725 ], [ -73.005391674489303, 46.171514502419953 ], [ -72.991938311053858, 46.171683901922997 ], [ -72.979266279185936, 46.18270186981006 ], [ -72.991550825416766, 46.168094970690916 ], [ -73.095528169487821, 46.141596247191217 ], [ -73.111142940358789, 46.13327812216405 ], [ -73.122635262343081, 46.120435036309047 ], [ -73.15546322993184, 46.104391025473575 ], [ -73.161096037808861, 46.091422282040504 ], [ -73.175030185225296, 46.079990202678353 ], [ -73.180580919701924, 46.064184022984932 ], [ -73.179249774590801, 46.037422562137024 ], [ -73.195286455382188, 45.980685943968382 ], [ -73.239433370225839, 45.932807799267124 ], [ -73.270035111680258, 45.886589118743593 ], [ -73.324775878849977, 45.835858103735553 ], [ -73.365279717278597, 45.820234615669619 ], [ -73.379344278531903, 45.80002132758333 ], [ -73.446185302192333, 45.73740445593257 ], [ -73.437125128127917, 45.741943287875898 ], [ -73.438829838207383, 45.739356374042664 ], [ -73.46896610036633, 45.714696904073648 ], [ -73.489897667496521, 45.713706426155966 ], [ -73.527643265962354, 45.701111912041888 ], [ -73.565538664174156, 45.700577002972494 ], [ -73.56157228865635, 45.700464118207812 ], [ -73.597902680350558, 45.691077852064318 ], [ -73.612730854368309, 45.694949274257411 ], [ -73.632261399126733, 45.690432327006612 ], [ -73.645766230348798, 45.698135971552816 ], [ -73.658450634788665, 45.691958036264467 ], [ -73.687005728276546, 45.69453105494663 ], [ -73.709622798925565, 45.681188425554609 ], [ -73.728767768895494, 45.681799139930874 ], [ -73.781537297088121, 45.642509126274838 ], [ -73.780921278687273, 45.636003859083146 ], [ -73.792538156438297, 45.63098768642886 ], [ -73.799271159136794, 45.619394307024422 ], [ -73.831880642618884, 45.609029344933923 ], [ -73.828901216867564, 45.600600918247551 ], [ -73.837180358009505, 45.593358672046953 ], [ -73.834189083160297, 45.58736049141698 ], [ -73.853771394843548, 45.5819870247186 ], [ -73.866326053783325, 45.568340718247079 ], [ -73.885621390971139, 45.561437765575015 ], [ -73.890608889400468, 45.548263731274623 ], [ -73.883903783226927, 45.53428271774569 ], [ -73.911361163253332, 45.531064285170942 ], [ -73.924802373808234, 45.52196544719682 ], [ -73.949517892999907, 45.517019773817601 ], [ -73.95816760581576, 45.498583644604082 ], [ -73.988091495106033, 45.485071885872017 ], [ -73.985330640881443, 45.480618815608125 ], [ -73.991320286360377, 45.476954364508764 ], [ -74.002985118358509, 45.477893894254649 ], [ -74.053595368855213, 45.458359803770676 ], [ -74.061768736549098, 45.465277151817752 ], [ -74.058481729566736, 45.472163025892726 ], [ -74.065870953126748, 45.464743699139639 ], [ -74.090903992200239, 45.458401807983861 ], [ -74.127988217315519, 45.472174743407045 ], [ -74.136233286549285, 45.481823674050247 ], [ -74.131870803730948, 45.485103027095256 ], [ -74.134666216078443, 45.492244153684368 ], [ -74.148272850382412, 45.497180053781136 ], [ -74.174030893068036, 45.495875048632705 ], [ -74.169588374539273, 45.51076672436723 ], [ -74.180325438924228, 45.528675506153597 ], [ -74.226881693321303, 45.524526553424749 ], [ -74.233433451293237, 45.529575317704797 ], [ -74.254244070162841, 45.532467423029722 ], [ -74.293665119970925, 45.522168680896414 ], [ -74.311706603250016, 45.524304073661654 ], [ -74.307360243403068, 45.532045750812458 ], [ -74.321541650006253, 45.531707805268788 ], [ -74.321957831275782, 45.523717299001092 ], [ -74.333955214054157, 45.524842783231648 ], [ -74.346140673162296, 45.517565006888248 ], [ -74.329626121180979, 45.504473154566831 ], [ -74.339306215981452, 45.503143391013715 ], [ -74.335315488440799, 45.496360371782231 ], [ -74.322953644125661, 45.497582759339579 ], [ -74.325235830461324, 45.494798072903691 ], [ -74.310675384539167, 45.491299694508257 ], [ -74.309747261362517, 45.499179089715142 ], [ -74.286605627473833, 45.503240462966858 ], [ -74.287601026010904, 45.499421186092164 ], [ -74.26864083581377, 45.496763024790404 ], [ -74.270291389340372, 45.492840067417518 ], [ -74.240305478874149, 45.494741845526882 ], [ -74.245161729212853, 45.483783627410773 ], [ -74.236685213754328, 45.478506593649918 ], [ -74.218533095261137, 45.485638814109713 ], [ -74.204872192200696, 45.484320378342204 ], [ -74.197655605807313, 45.477978089257618 ], [ -74.187060993376406, 45.478020179814834 ], [ -74.132113058706281, 45.45848832129731 ], [ -74.122538263668517, 45.460629480052297 ], [ -74.124779552460041, 45.457136214009807 ], [ -74.107038221573305, 45.451562139058638 ], [ -74.103412840092219, 45.443072583825007 ], [ -74.067228144240588, 45.442170723290083 ], [ -74.067515518398451, 45.432487714136663 ], [ -74.050159415479968, 45.419220831073851 ], [ -74.044044954866251, 45.41875575804896 ], [ -74.035393893079274, 45.426434510869768 ], [ -74.007622625113697, 45.422873753624302 ], [ -74.004580401445864, 45.418096405473001 ], [ -74.013984530007988, 45.415007717053477 ], [ -74.02423966588799, 45.398380367877195 ], [ -74.019791871604809, 45.392554441870587 ], [ -74.003819364418575, 45.38764554546475 ], [ -74.00965511178606, 45.382646543187263 ], [ -74.006313896693086, 45.36483986081771 ], [ -73.970357565692041, 45.334902810305977 ], [ -73.952017782366866, 45.336558241591703 ], [ -73.95647103207088, 45.334528713398839 ], [ -73.949470685398282, 45.331431037714133 ], [ -73.981914516866937, 45.324820779051592 ], [ -73.98720224282637, 45.315947365861859 ], [ -74.010508591490421, 45.316115690276682 ], [ -74.047161594772291, 45.304023372677889 ], [ -74.067641444295404, 45.306694803507355 ], [ -74.063652667452899, 45.314205365791359 ], [ -74.070582374014762, 45.305485556703026 ], [ -74.087825569442984, 45.311223498130538 ], [ -74.13238897642151, 45.307397825885552 ], [ -74.131884595832105, 45.308992475518146 ], [ -74.129618510484619, 45.30952430576729 ], [ -74.129741952883194, 45.309795296685273 ], [ -74.133193157684886, 45.309344477373571 ], [ -74.150254234274783, 45.298742952677024 ], [ -74.161124305035997, 45.301109691263584 ], [ -74.170464685240148, 45.293780290335079 ], [ -74.17382221967172, 45.298006733741957 ], [ -74.171009311681104, 45.291487366898451 ], [ -74.191246126904488, 45.274857233258849 ], [ -74.194284107495648, 45.259878567822554 ], [ -74.203067482709031, 45.25429622527939 ], [ -74.200181417879776, 45.256526445700167 ], [ -74.198352313227389, 45.261429832978855 ], [ -74.205120688422681, 45.255536035918041 ], [ -74.219922339308084, 45.255663825284785 ], [ -74.252169199493409, 45.237975467888191 ], [ -74.270671078602703, 45.233810368543068 ], [ -74.272195105992864, 45.229193278473929 ], [ -74.274816525611186, 45.2324145165746 ], [ -74.275287402794561, 45.232453500176923 ], [ -74.272654018383989, 45.228170016807873 ], [ -74.275965625986814, 45.2322147660269 ], [ -74.274902418173184, 45.223656538789292 ], [ -74.2810119638537, 45.231085458981035 ], [ -74.27617309152852, 45.223898639524933 ], [ -74.283154390326075, 45.229892697842629 ], [ -74.287043739491452, 45.228557808649299 ], [ -74.275770508364687, 45.22250083279156 ], [ -74.286714483364108, 45.222290662791366 ], [ -74.287478958924481, 45.228389496697623 ], [ -74.286945408084648, 45.222157086843673 ], [ -74.290979911442918, 45.221390072760286 ], [ -74.294884409893328, 45.22597803436782 ], [ -74.291223244494461, 45.221283559405869 ], [ -74.298307595843113, 45.224180793616725 ], [ -74.294783105985971, 45.219748309921826 ], [ -74.308809491827219, 45.210013331211002 ], [ -74.308170369790389, 45.212313864450394 ], [ -74.31047380850849, 45.214551196493616 ], [ -74.308971594382641, 45.20819599219876 ], [ -74.316197726493016, 45.207618865707644 ], [ -74.322968516982954, 45.197279855775136 ], [ -74.343495817272498, 45.205422821469554 ], [ -74.471911279171096, 45.302734210584674 ], [ -74.420260758826402, 45.442946291877377 ], [ -74.381266998499015, 45.566116059493822 ], [ -74.436147937091107, 45.572833190173945 ], [ -74.475190298968897, 45.594394500161144 ], [ -74.535110060297413, 45.594832517352486 ], [ -74.598910700663978, 45.617158132601901 ], [ -74.631993370698538, 45.637640058543653 ], [ -74.724081768898316, 45.628059437946739 ], [ -74.786358474799755, 45.638797967745077 ], [ -74.835182896160219, 45.635821568087728 ], [ -74.932876829717031, 45.645500885001347 ], [ -74.946225703610935, 45.641933914362099 ], [ -74.978193430317404, 45.616950687171844 ], [ -75.011117485841567, 45.600751810091047 ], [ -75.045432469882613, 45.592004147902443 ], [ -75.080953179338096, 45.589708104149111 ], [ -75.113502288673914, 45.578618289167828 ], [ -75.173547235519322, 45.576993073541203 ], [ -75.205316426301167, 45.586853352546086 ], [ -75.242613949501646, 45.585508709087641 ], [ -75.342514403137471, 45.536983993051223 ], [ -75.391041940961955, 45.524177852499754 ], [ -75.459607159089458, 45.518794853533066 ], [ -75.575556797639578, 45.47482510600306 ], [ -75.677565558757152, 45.460849520114515 ], [ -75.696072424232952, 45.449494941607341 ], [ -75.704686360436781, 45.424663944597633 ], [ -75.721973257997561, 45.420694167162608 ], [ -75.722480755730686, 45.41654629720874 ], [ -75.756358946057503, 45.412393587494705 ], [ -75.791579341291197, 45.381205023317449 ], [ -75.817825325523543, 45.372698709348086 ], [ -75.842590326650722, 45.375974814448533 ], [ -75.895185098248888, 45.401634686957642 ], [ -75.928735736576584, 45.428849048565105 ], [ -75.954744150458382, 45.46026074888384 ], [ -75.987164606600743, 45.47964530863463 ], [ -76.089877186844561, 45.51385244539491 ], [ -76.201006389018247, 45.518879135146449 ], [ -76.233482682432054, 45.507828729602295 ], [ -76.238517624420169, 45.475253901989916 ], [ -76.245083932154486, 45.468608941189501 ], [ -76.291255755096458, 45.465889512635428 ], [ -76.31703736937142, 45.457022949669373 ], [ -76.361743703689172, 45.457094597175889 ], [ -76.386184597227071, 45.464726342830637 ], [ -76.45356576094764, 45.500389682786128 ], [ -76.481545132399731, 45.504828708305425 ], [ -76.501064717706114, 45.519040632702385 ], [ -76.521679928136848, 45.516357185348582 ], [ -76.6079829810962, 45.531825618586765 ], [ -76.660010143061299, 45.560633146803106 ], [ -76.673804720045794, 45.581514802423811 ], [ -76.671214566689486, 45.624662635408455 ], [ -76.711944539595308, 45.665482258430188 ], [ -76.707762353762377, 45.672983758362719 ], [ -76.689325582404763, 45.680942451701036 ], [ -76.686957075105497, 45.687310386134165 ], [ -76.696076478727889, 45.700995870097863 ], [ -76.692897389153472, 45.709161422982966 ], [ -76.704916799867462, 45.721277605699541 ], [ -76.744559790972701, 45.722946840580626 ], [ -76.767843545559387, 45.733469704886836 ], [ -76.765819329444184, 45.746831856523379 ], [ -76.771260488478006, 45.75039502197361 ], [ -76.767861056649295, 45.755519618312007 ], [ -76.781392820938407, 45.785282115989006 ], [ -76.765759209011819, 45.810989489525731 ], [ -76.770048500589567, 45.829738712519841 ], [ -76.764740138329088, 45.850985186505177 ], [ -76.783143190171572, 45.873517006696687 ], [ -76.802324436896171, 45.875774395235631 ], [ -76.841572234842303, 45.890399239127674 ], [ -76.894838600794628, 45.898146176256233 ], [ -76.927575154085375, 45.89225487824195 ], [ -76.929852811771724, 45.887836123037076 ], [ -76.922789546029506, 45.870125176817247 ], [ -76.902354787114959, 45.854041230564796 ], [ -76.905881679308266, 45.847540166027926 ], [ -76.927476385157462, 45.846861966377851 ], [ -76.911996683885008, 45.809670826031933 ], [ -76.913368209613466, 45.803663360381499 ], [ -76.935349422734049, 45.789086509658254 ], [ -76.9876833352901, 45.786634757206222 ], [ -77.016973341956287, 45.80712553621985 ], [ -77.053667939158231, 45.810582459570149 ], [ -77.066838929190325, 45.827924799378962 ], [ -77.081558341815139, 45.835582962220677 ], [ -77.131547887132754, 45.843984505134571 ], [ -77.190327216454321, 45.86386084694135 ], [ -77.230433871188964, 45.905540354092516 ], [ -77.236188377283952, 45.920532292179807 ], [ -77.263045667578865, 45.933858700864548 ], [ -77.278404071007415, 45.948889644922325 ], [ -77.286729237532896, 45.986546382958444 ], [ -77.276334181457557, 46.008539649899411 ], [ -77.279136013025166, 46.015513706437972 ], [ -77.314743495955227, 46.026851414476603 ], [ -77.362379345591378, 46.059486088338708 ], [ -77.441875115237451, 46.093308920173648 ], [ -77.566082710610686, 46.159220591088399 ], [ -77.618424519034974, 46.173968287329636 ], [ -77.675729029444483, 46.198764727857764 ], [ -77.694654970780064, 46.182698280017455 ], [ -77.722059580041218, 46.192002950048071 ], [ -77.795587897119148, 46.197570561869163 ], [ -77.926809155264536, 46.224098984554807 ], [ -77.999928320841619, 46.248952074706935 ], [ -78.055926918965227, 46.243883738187556 ], [ -78.11657538395319, 46.264792884674542 ], [ -78.129944200221885, 46.274504267856628 ], [ -78.170221773489629, 46.276301819317837 ], [ -78.216394997700974, 46.269179317647563 ], [ -78.23969514084844, 46.275011427074979 ], [ -78.260490548518405, 46.273944035465867 ], [ -78.288072909033005, 46.25862753613864 ], [ -78.312364072505176, 46.252370957896623 ], [ -78.388388730337041, 46.291687915189705 ], [ -78.502666711723307, 46.294591287125364 ], [ -78.597058374048459, 46.318852641317065 ], [ -78.675822343114405, 46.318233777786084 ], [ -78.697272556721359, 46.319741542682856 ], [ -78.711495597486532, 46.326007542725897 ], [ -78.728231263042986, 46.342338688080659 ], [ -78.722507431936151, 46.370840230457858 ], [ -78.727107172554156, 46.382872693042231 ], [ -78.758176413300689, 46.393425977172626 ], [ -78.811307138380528, 46.426586736289906 ], [ -78.852761433368499, 46.44111906611721 ], [ -78.892722000290746, 46.46191530951257 ], [ -78.98987072495072, 46.548855527688708 ], [ -78.997206594683433, 46.565942343390063 ], [ -78.995671330929838, 46.59089852108248 ], [ -79.009167680094464, 46.604406051821194 ], [ -79.01525073917044, 46.626852293890032 ], [ -79.071877242369879, 46.66417224870878 ], [ -79.094322891485902, 46.688295713797594 ], [ -79.102804283963025, 46.710919766162085 ], [ -79.121136411637167, 46.734417985516068 ], [ -79.143142775024657, 46.786041631078881 ], [ -79.170821536934696, 46.825218511894711 ], [ -79.214008108742235, 46.833235562203697 ], [ -79.223658231667116, 46.842655356186832 ], [ -79.238752428334877, 46.862603076892825 ], [ -79.276831059114926, 46.895258268161015 ], [ -79.329665750316536, 46.9571867780706 ], [ -79.337530407513725, 46.970924726810537 ], [ -79.346799183310594, 47.007858493380631 ], [ -79.376746273124439, 47.028854738900947 ], [ -79.434985940433208, 47.084229941978855 ], [ -79.442992860962178, 47.100997103754857 ], [ -79.442193430180012, 47.138509169890995 ], [ -79.431969485334989, 47.179985941780991 ], [ -79.437481711764576, 47.219266205439304 ], [ -79.426550024392256, 47.236821877631478 ], [ -79.426842650195582, 47.25006924019339 ], [ -79.548451270456837, 47.375652789262418 ], [ -79.581034361369831, 47.415114010023842 ], [ -79.586878084172852, 47.433114959069506 ], [ -79.58467726588394, 47.450633223583921 ], [ -79.56072907905147, 47.477665442817248 ], [ -79.553231731125194, 47.511193534522221 ], [ -79.517080533304991, 47.533163993130806 ], [ -79.510486022130308, 47.543582422939735 ], [ -79.517823163500822, 47.558321875035809 ], [ -79.518950762672645, 51.062285563105263 ], [ -79.515848713286587, 51.460677599233556 ], [ -79.499062741639932, 51.469954344150068 ], [ -79.49106023483408, 51.467684445568118 ], [ -79.505152931227201, 51.475247795199238 ], [ -79.503676241400157, 51.481208935116442 ], [ -79.52233369317338, 51.511722948993125 ], [ -79.520397440955691, 51.521221464914689 ], [ -79.541430645310228, 51.548650750212396 ], [ -79.537006546777121, 51.554377698421618 ], [ -79.522756226950278, 51.553443803947566 ], [ -79.520661609398232, 51.557095250887279 ], [ -79.503826351358072, 51.554471836599546 ], [ -79.488879855419029, 51.561069517007894 ], [ -79.48833326452197, 51.568849833171612 ], [ -79.475628833324507, 51.567750252832248 ], [ -79.474008749741998, 51.581226708048199 ], [ -79.454441378755547, 51.580673884846732 ], [ -79.457651012512173, 51.586480203657473 ], [ -79.453750229881038, 51.590403469582554 ], [ -79.445179841216074, 51.590263262906511 ], [ -79.442071503213825, 51.596723489689353 ], [ -79.431710814035227, 51.595290615515722 ], [ -79.433319351221115, 51.598054774000929 ], [ -79.420831455343247, 51.603417686141398 ], [ -79.42206316529375, 51.606626555003224 ], [ -79.41718991309456, 51.607226359791262 ], [ -79.420497138390772, 51.610553105138969 ], [ -79.412088531185759, 51.613119365720515 ], [ -79.417941875398981, 51.616336732058066 ], [ -79.403670666633275, 51.61674602148971 ], [ -79.376412562606546, 51.629312155874516 ], [ -79.373658322518224, 51.634813332562821 ], [ -79.37956066407915, 51.641522294826558 ], [ -79.363175676598459, 51.645413498434692 ], [ -79.358122115645756, 51.656466459949826 ], [ -79.311883309723669, 51.664344577144227 ], [ -79.310272844103238, 51.654384814270969 ], [ -79.285212106347402, 51.640011287291138 ], [ -79.245674910756222, 51.639517063820769 ], [ -79.226746356792987, 51.644601191961641 ], [ -79.225521746999377, 51.625248811435313 ], [ -79.247076390216222, 51.602794638728362 ], [ -79.257060061343779, 51.580408043653605 ], [ -79.258035874118804, 51.565458908855113 ], [ -79.24790097125053, 51.552475572944466 ], [ -79.250442626383801, 51.543377020357887 ], [ -79.288243551762349, 51.5022090851187 ], [ -79.292314583099184, 51.49159418052799 ], [ -79.293637170331209, 51.475462647839443 ], [ -79.284983674429199, 51.504220752628719 ], [ -79.251967457019688, 51.535576182776275 ], [ -79.238650495237565, 51.526069594993182 ], [ -79.220832236990447, 51.53234730792537 ], [ -79.169744011696807, 51.519501989887061 ], [ -79.124935200914464, 51.530241943980357 ], [ -79.095732609014831, 51.531776826269066 ], [ -79.078000832132957, 51.518016355330516 ], [ -79.049202039378685, 51.505859066257877 ], [ -78.981037518939374, 51.458661018915983 ], [ -78.97632536908381, 51.40245393671119 ], [ -78.948904954471629, 51.332593378194716 ], [ -78.937537190442768, 51.332180803341949 ], [ -78.935513729828727, 51.321106599360576 ], [ -78.925816456550578, 51.313478436118558 ], [ -78.920717562776133, 51.331568028509018 ], [ -78.892472968468581, 51.333004392002451 ], [ -78.872014231498127, 51.342781760029183 ], [ -78.88126079634641, 51.359558914075485 ], [ -78.900357651694364, 51.376907326284432 ], [ -78.891278111801981, 51.39686209406613 ], [ -78.851259220538083, 51.41393257278061 ], [ -78.785081233632667, 51.471768233467003 ], [ -78.758811599526368, 51.4868885213521 ], [ -78.765040195388977, 51.492009433895277 ], [ -78.762912303607237, 51.494864672213069 ], [ -78.786959578581033, 51.493945118939884 ], [ -78.826189145314018, 51.507584298688087 ], [ -78.829635742529234, 51.515418231781659 ], [ -78.814726724266208, 51.530879362698073 ], [ -78.826139782079224, 51.572459780643861 ], [ -78.813192933143597, 51.585717787823725 ], [ -78.809321989676789, 51.597683566167952 ], [ -78.813357195873351, 51.60108223937452 ], [ -78.842622678725419, 51.600147877246499 ], [ -78.849362186840125, 51.614597461737397 ], [ -78.870896333546369, 51.630718806044307 ], [ -78.854975246738505, 51.636777930734247 ], [ -78.843700110863693, 51.645357471481951 ], [ -78.806978981978958, 51.644272507069644 ], [ -78.796404290352513, 51.652788685335949 ], [ -78.807412215460545, 51.645179885240012 ], [ -78.844050416003483, 51.646200258305527 ], [ -78.869600041792069, 51.632170109466578 ], [ -78.894729997465632, 51.644332319863501 ], [ -78.926769236628374, 51.645738882345412 ], [ -78.945411060721128, 51.663746506324834 ], [ -78.937643217371274, 51.683538363811891 ], [ -78.941584103880487, 51.690424047218585 ], [ -78.95095104487919, 51.697350409754002 ], [ -78.96675594601345, 51.693749230736408 ], [ -78.968424443386425, 51.701080192774498 ], [ -78.993235811565498, 51.704222550988611 ], [ -78.990593719641922, 51.710607154098206 ], [ -78.995485261834773, 51.715870500589112 ], [ -78.992883303216942, 51.720358390098156 ], [ -78.997956570572114, 51.72481538451035 ], [ -78.99908283591671, 51.738656275845493 ], [ -79.01968683413223, 51.746109533404734 ], [ -79.035941039078068, 51.742767349668242 ], [ -79.029924589099991, 51.74554426207002 ], [ -79.033616489896588, 51.758267646080704 ], [ -79.045286633040874, 51.763848887819762 ], [ -79.036608055493758, 51.763461413747635 ], [ -78.974980683843839, 51.798880569653967 ], [ -78.940043031242155, 51.789928324617129 ], [ -78.898405648173437, 51.799703627143579 ], [ -78.840429853901369, 51.834641668479669 ], [ -78.832728037289769, 51.861109388738043 ], [ -78.844875111419896, 51.870424205163211 ], [ -78.84476166151353, 51.880997493831032 ], [ -78.865232302477921, 51.887494793196517 ], [ -78.866110273957077, 51.898409764946884 ], [ -78.872555316973447, 51.902905883408891 ], [ -78.901646743547047, 51.905982232701817 ], [ -78.88622417150124, 51.915211277406989 ], [ -78.868008194026473, 51.917265644617046 ], [ -78.867270521129328, 51.922090289277605 ], [ -78.876495250911645, 51.924469292087281 ], [ -78.874431474082286, 51.927822211259979 ], [ -78.880914116581636, 51.926068696411569 ], [ -78.85601562977088, 51.940050727914681 ], [ -78.728523208894487, 51.970437317849836 ], [ -78.709259969216532, 51.981295911799513 ], [ -78.698840642535771, 51.99165015811559 ], [ -78.71585647989022, 51.999049782076575 ], [ -78.711587771072786, 52.005045950487848 ], [ -78.724656509275988, 52.005074409451744 ], [ -78.718141885651974, 52.012547137911838 ], [ -78.708549646463069, 52.011749355293666 ], [ -78.687787603741, 52.021828971752477 ], [ -78.693841365209678, 52.035904339948729 ], [ -78.709328218634198, 52.039291050218388 ], [ -78.699719189916294, 52.040983226119245 ], [ -78.707439206690353, 52.046853075029112 ], [ -78.66819879955132, 52.04476081992452 ], [ -78.644886768569947, 52.051266340886109 ], [ -78.646150769648699, 52.054690856437006 ], [ -78.639075423387055, 52.055529472296463 ], [ -78.641720726877253, 52.059035664615372 ], [ -78.63253987939143, 52.062430611328203 ], [ -78.637359100942732, 52.070081254699865 ], [ -78.660698381444973, 52.077498365843468 ], [ -78.645148930328958, 52.08288095720858 ], [ -78.620702613724589, 52.08145454629863 ], [ -78.598960182049339, 52.091948663045848 ], [ -78.601815202833308, 52.097240583968215 ], [ -78.585829196782939, 52.096113760213207 ], [ -78.576388233338662, 52.103006255285919 ], [ -78.552678730658698, 52.084224815630094 ], [ -78.547450422367049, 52.085069350575161 ], [ -78.573263679536041, 52.102995926354282 ], [ -78.581715883230956, 52.103592333665681 ], [ -78.572581453166435, 52.115553743904741 ], [ -78.577057014797987, 52.120564888262336 ], [ -78.563990468212793, 52.129513126356059 ], [ -78.571693388005002, 52.138601855051228 ], [ -78.546690640352338, 52.158209928453111 ], [ -78.536596283141179, 52.196416430271277 ], [ -78.549693575489343, 52.211311394202781 ], [ -78.557486081643916, 52.211760783056192 ], [ -78.56299777236984, 52.217773977569799 ], [ -78.556075839749951, 52.226245712727341 ], [ -78.560671513047296, 52.231898299200701 ], [ -78.55789498569969, 52.233665443451336 ], [ -78.578858560698947, 52.254008036011889 ], [ -78.561131793034278, 52.260090668712891 ], [ -78.566426192707084, 52.265100943819036 ], [ -78.554688770140501, 52.265056128993152 ], [ -78.553110660403973, 52.272685115908672 ], [ -78.559025178244397, 52.274426271345533 ], [ -78.558014279271305, 52.283478869620566 ], [ -78.564245007447212, 52.289641620383222 ], [ -78.535027976224214, 52.302667851094647 ], [ -78.536693995040523, 52.298817827246289 ], [ -78.533597423310638, 52.305443663574842 ], [ -78.515240510061403, 52.313646655096292 ], [ -78.499345687106953, 52.34155687062465 ], [ -78.510227613537694, 52.361363653612642 ], [ -78.529081194019867, 52.363585045157734 ], [ -78.524277326186322, 52.367270306269731 ], [ -78.528081240506907, 52.37149552471093 ], [ -78.543012200283414, 52.370629013279967 ], [ -78.540533470735213, 52.374255354873526 ], [ -78.518149098704484, 52.373598334472653 ], [ -78.516993022377264, 52.383726611814026 ], [ -78.525890719222204, 52.393328424584389 ], [ -78.506281502931742, 52.40480427417198 ], [ -78.51363837162188, 52.416469695081062 ], [ -78.548043106712086, 52.419023008171784 ], [ -78.54434375822683, 52.42921555461988 ], [ -78.536461335682262, 52.434177191222261 ], [ -78.549043217106927, 52.437577120275684 ], [ -78.519210979246125, 52.44346525712465 ], [ -78.508605355593062, 52.440778278361563 ], [ -78.507747158582831, 52.4455531569889 ], [ -78.492608255526378, 52.441069468132362 ], [ -78.484187412285863, 52.441394109770449 ], [ -78.506078329261143, 52.448260651203348 ], [ -78.509501394675226, 52.456192225862836 ], [ -78.503864707457268, 52.459814204126459 ], [ -78.514674166613361, 52.465491339408523 ], [ -78.495599290312867, 52.479117045147646 ], [ -78.510212737017753, 52.470972770792024 ], [ -78.500004524067705, 52.482204748236896 ], [ -78.499451002130613, 52.490403105638038 ], [ -78.51531583633826, 52.47134991079789 ], [ -78.523033194236788, 52.470801442095869 ], [ -78.520293640206418, 52.475788757866979 ], [ -78.529328947070354, 52.483531498617857 ], [ -78.545279829579016, 52.478522252713226 ], [ -78.519684756895018, 52.489489383844585 ], [ -78.556169090232842, 52.502325659303686 ], [ -78.56303871293386, 52.519049186334613 ], [ -78.587147333002221, 52.517843876482324 ], [ -78.577374724814305, 52.525872038011769 ], [ -78.584279038333335, 52.526327949672911 ], [ -78.582010387716139, 52.530319113408616 ], [ -78.591046514220594, 52.527131375458573 ], [ -78.591382502416394, 52.530420370389677 ], [ -78.603540391332885, 52.530811143173736 ], [ -78.615914511254417, 52.519865909046608 ], [ -78.628109299287999, 52.5173324763567 ], [ -78.618397249845572, 52.517299192957601 ], [ -78.621927444196572, 52.513890251856942 ], [ -78.641342213493743, 52.514377879883014 ], [ -78.629815996708729, 52.523688170511107 ], [ -78.652038792577201, 52.524679843712278 ], [ -78.655050002992908, 52.529037798678253 ], [ -78.652110283270972, 52.532459436167542 ], [ -78.638079363198301, 52.530138944983008 ], [ -78.63275466650019, 52.538395214455917 ], [ -78.669052588871267, 52.536355316418323 ], [ -78.680357034987125, 52.54402290097164 ], [ -78.691738778962659, 52.538769334214713 ], [ -78.704488185479491, 52.542011728687399 ], [ -78.706195006129988, 52.549723996444314 ], [ -78.712153328610569, 52.551161148212792 ], [ -78.732341248490499, 52.544140389008028 ], [ -78.741338224759602, 52.547297786981126 ], [ -78.726880477747656, 52.556480479450194 ], [ -78.716242222834751, 52.553380228124425 ], [ -78.712810645734862, 52.559509423816301 ], [ -78.703340883059425, 52.557203924177138 ], [ -78.68678593041615, 52.564803427907194 ], [ -78.689118974074731, 52.566737331127896 ], [ -78.766577652360652, 52.557128410007451 ], [ -78.761168081461804, 52.562825958196008 ], [ -78.754030055943019, 52.561602694871361 ], [ -78.752379616739589, 52.565024267605544 ], [ -78.759753858217309, 52.565676603722657 ], [ -78.756683280638057, 52.569170235056056 ], [ -78.737932717813123, 52.570773602981362 ], [ -78.734929033681354, 52.564340867702491 ], [ -78.728820615900048, 52.566615675636001 ], [ -78.728079477345489, 52.572958744418834 ], [ -78.731838740354235, 52.573039822046013 ], [ -78.720665901801127, 52.581583335851107 ], [ -78.704460206121027, 52.587465618562156 ], [ -78.70341382545574, 52.584325116470467 ], [ -78.687938823887379, 52.58664051735019 ], [ -78.684875264764457, 52.593690367837333 ], [ -78.701245014571398, 52.594452903989207 ], [ -78.684995029928885, 52.605457611813364 ], [ -78.714295034854715, 52.610108733956665 ], [ -78.701943722901063, 52.616361793917598 ], [ -78.708244776171369, 52.622436553012143 ], [ -78.738625923434554, 52.61922609461292 ], [ -78.71674815144911, 52.631089146665708 ], [ -78.714578919120484, 52.64293457474605 ], [ -78.730512394255129, 52.646109331363505 ], [ -78.72904208378705, 52.636540815015799 ], [ -78.735307128644209, 52.627704932587235 ], [ -78.744581478215395, 52.624941598090309 ], [ -78.7440986760285, 52.628007594449009 ], [ -78.750207086689571, 52.625309354497908 ], [ -78.75512153550055, 52.628891463465635 ], [ -78.770877441308002, 52.621851787580532 ], [ -78.77732010517002, 52.623294679242285 ], [ -78.775512187592426, 52.635633404642356 ], [ -78.767198055604524, 52.629695239959254 ], [ -78.760276340345484, 52.631254987075714 ], [ -78.766211425622217, 52.642678751517032 ], [ -78.760103973098225, 52.644172930378161 ], [ -78.758822801102951, 52.640030468817066 ], [ -78.750929809737258, 52.646651662818769 ], [ -78.767255453396757, 52.645108225552477 ], [ -78.77173613926702, 52.639554773548241 ], [ -78.795321077559635, 52.639663462723156 ], [ -78.796640414427543, 52.632530598128852 ], [ -78.814438947571745, 52.63983793896135 ], [ -78.799904001378508, 52.638175132187996 ], [ -78.801155636847668, 52.646812430476864 ], [ -78.795079280178186, 52.640944770561894 ], [ -78.787428816231909, 52.648139369578985 ], [ -78.779227572638533, 52.644272291259306 ], [ -78.750208180769803, 52.652356738618373 ], [ -78.729270406955564, 52.661515493869317 ], [ -78.712036147090501, 52.678322295133029 ], [ -78.73158449987821, 52.689353434350906 ], [ -78.726531592134748, 52.690623354009389 ], [ -78.768611389855153, 52.683789273924148 ], [ -78.774222337698461, 52.687797220315339 ], [ -78.784822111211966, 52.683607893390374 ], [ -78.788083646879656, 52.688749141844433 ], [ -78.809132543761081, 52.682998893015153 ], [ -78.827181665381161, 52.693159072618045 ], [ -78.82611038096789, 52.700719361849963 ], [ -78.801447530931938, 52.697548896542578 ], [ -78.768059424633151, 52.700701280642122 ], [ -78.775704101534913, 52.700853988028385 ], [ -78.764135251102729, 52.712604235101608 ], [ -78.765408573425404, 52.717816441826059 ], [ -78.791694567638089, 52.727138867036807 ], [ -78.785568529203957, 52.731412520668947 ], [ -78.767816847758809, 52.730387207832138 ], [ -78.768309102484963, 52.725100400971364 ], [ -78.759007393719457, 52.728296769337497 ], [ -78.766864605239306, 52.733947969725655 ], [ -78.778616027892525, 52.732397398840554 ], [ -78.793997373547299, 52.740489330958148 ], [ -78.811092558546591, 52.726033029771479 ], [ -78.8129674170643, 52.730887142747079 ], [ -78.83730887393817, 52.729274644860389 ], [ -78.837881714081831, 52.735057663012952 ], [ -78.852781198154304, 52.745354005036731 ], [ -78.872202497183764, 52.741163434466934 ], [ -78.838260511597781, 52.763315929439514 ], [ -78.825197588471227, 52.764587639031269 ], [ -78.823667054089796, 52.767931392274697 ], [ -78.846972460618701, 52.764895090201193 ], [ -78.823751292792977, 52.778426025048233 ], [ -78.789901323708364, 52.763458489500245 ], [ -78.818262792235771, 52.761573971043433 ], [ -78.782643720461976, 52.754888903479397 ], [ -78.750934091344661, 52.770027037186139 ], [ -78.766224828788623, 52.769911423989058 ], [ -78.761028076000073, 52.774399128855421 ], [ -78.749131425671536, 52.77536982491371 ], [ -78.737652096219449, 52.765997893061972 ], [ -78.739986938685121, 52.769000674318377 ], [ -78.735847717466285, 52.771915914394036 ], [ -78.704602149088984, 52.782195197224937 ], [ -78.720837869098972, 52.783946984434223 ], [ -78.731125837485791, 52.776330500732136 ], [ -78.742304701419258, 52.777209229261146 ], [ -78.719868615248686, 52.789718994837145 ], [ -78.748671459853682, 52.797489456070082 ], [ -78.729791888710267, 52.804799489766509 ], [ -78.72845129033108, 52.814574684487887 ], [ -78.722291765373527, 52.818844499697846 ], [ -78.717718481720965, 52.816616604873396 ], [ -78.713081849648844, 52.822668610820649 ], [ -78.719068564603305, 52.826542356133473 ], [ -78.732022533845949, 52.83006360032163 ], [ -78.742513149162377, 52.827017693313564 ], [ -78.744793562389816, 52.819103507924126 ], [ -78.733518675137674, 52.814159080318341 ], [ -78.746138029286868, 52.809472118181375 ], [ -78.746817829265382, 52.814115692988231 ], [ -78.765697317955741, 52.810012934777156 ], [ -78.769240093589744, 52.805448965309481 ], [ -78.779836924524645, 52.805971434503455 ], [ -78.777236208067464, 52.808961875497637 ], [ -78.781939368350507, 52.81217896739296 ], [ -78.793356382027596, 52.814414955264866 ], [ -78.767529892302903, 52.82000107649155 ], [ -78.753688961798488, 52.833389001879972 ], [ -78.72537821340228, 52.837039763525887 ], [ -78.725584483273039, 52.843319841116887 ], [ -78.745622182727203, 52.84179597609608 ], [ -78.744880933671226, 52.84778825906303 ], [ -78.718457246777064, 52.851796966513 ], [ -78.704502972500919, 52.858685206121926 ], [ -78.702819659701007, 52.864677018334049 ], [ -78.707860470998725, 52.869108406595643 ], [ -78.700395896148663, 52.876229236587413 ], [ -78.703432294356944, 52.879515986514093 ], [ -78.705234864609707, 52.873526496517272 ], [ -78.71646519034995, 52.871630041059781 ], [ -78.721686369419317, 52.865858894243203 ], [ -78.756251346057212, 52.861724837482051 ], [ -78.774917132860438, 52.853768095257571 ], [ -78.819250925251893, 52.855337232125486 ], [ -78.820293012960519, 52.860625354494331 ], [ -78.829258023575818, 52.862273205719674 ], [ -78.824767871629376, 52.864124152889424 ], [ -78.826753551325979, 52.867199630397792 ], [ -78.838905133355098, 52.86635149241792 ], [ -78.834644250647784, 52.872846537642545 ], [ -78.849375435859329, 52.880855857020691 ], [ -78.870628252240195, 52.873596364606655 ], [ -78.866480293223916, 52.877873665436582 ], [ -78.869194564525841, 52.881015423213753 ], [ -78.878747606262664, 52.877742850297345 ], [ -78.870125603492596, 52.887793591389368 ], [ -78.88086964414569, 52.883598086120109 ], [ -78.887228380594834, 52.886103084131058 ], [ -78.869377972880613, 52.903640786335302 ], [ -78.879994206746673, 52.903363256034005 ], [ -78.875967941498885, 52.909063670140597 ], [ -78.879160766450724, 52.910073822742447 ], [ -78.90892471734729, 52.905674440816938 ], [ -78.905124616862139, 52.915084192082894 ], [ -78.912798355638841, 52.915731804583352 ], [ -78.869081781877696, 52.928757014713547 ], [ -78.864113867439769, 52.931742807948972 ], [ -78.871415046342037, 52.941242718807267 ], [ -78.861367110137792, 52.945800623253206 ], [ -78.846601460709607, 52.943996380362165 ], [ -78.82518596713463, 52.952534604785576 ], [ -78.827887298094367, 52.955964729094475 ], [ -78.824460142497202, 52.958095912896958 ], [ -78.80920350971185, 52.958292086913175 ], [ -78.802510609239249, 52.950220172673596 ], [ -78.772587758507342, 52.95573207706169 ], [ -78.7804695989838, 52.962596113069431 ], [ -78.775727136938755, 52.967084024196978 ], [ -78.830707731512405, 52.964459049208578 ], [ -78.831155159648389, 52.970095732767888 ], [ -78.838241249994752, 52.973740427285215 ], [ -78.812571404717929, 52.97799110138029 ], [ -78.798456926307736, 52.987809662658933 ], [ -78.832405655864548, 52.98736373827483 ], [ -78.843531051030936, 52.981173371518722 ], [ -78.839853355877821, 52.986807010403432 ], [ -78.855230773680148, 52.987678939452948 ], [ -78.846814445877683, 52.992732642352209 ], [ -78.819497139136573, 52.991910951954516 ], [ -78.80208413807847, 52.997947025879725 ], [ -78.801596011161237, 53.000000088782656 ], [ -78.875903724441372, 52.997544842062688 ], [ -78.880289554457249, 52.994413310762141 ], [ -78.865734463666271, 52.996751288652135 ], [ -78.867397170879599, 52.992042791953025 ], [ -78.857348315557545, 52.98974913168945 ], [ -78.878772742102626, 52.981277153468184 ], [ -78.8924888753331, 52.987788007852849 ], [ -78.929397413384194, 52.98274539485481 ], [ -78.907613370476454, 52.996075290005926 ], [ -78.912109018133506, 52.998644866249947 ], [ -78.918966934472394, 52.993945916248968 ], [ -78.953154419962914, 52.991033072200018 ], [ -78.935778249253005, 53.00000008634445 ], [ -78.964392308549108, 52.996036239863095 ], [ -78.966318848918306, 53.003873396136818 ], [ -78.988833904132292, 53.012977662837727 ], [ -78.991624852272082, 53.018365455543858 ], [ -78.984920490903548, 53.025615597844272 ], [ -78.951765874042934, 53.03043466830993 ], [ -78.957918034484024, 53.035323661539458 ], [ -78.98580929111921, 53.038541602954957 ], [ -78.961355540857255, 53.043078894220393 ], [ -78.964994731905762, 53.039931473022499 ], [ -78.947763913240593, 53.041217770100879 ], [ -78.942268855851054, 53.037571366693484 ], [ -78.929287019683827, 53.042956381114728 ], [ -78.928936123047052, 53.039695553697342 ], [ -78.921085985894237, 53.049071029682516 ], [ -78.922379575414936, 53.061258451357389 ], [ -78.931306865273285, 53.067438003484433 ], [ -78.937471800377594, 53.065872747142976 ], [ -78.939512891420662, 53.071266706986485 ], [ -78.954609489422694, 53.071491295333246 ], [ -78.958621154773283, 53.075992708279664 ], [ -78.965902291444465, 53.066272418152167 ], [ -78.976802671003739, 53.063635175140149 ], [ -78.989103374045868, 53.065830740846387 ], [ -78.986397907766744, 53.070711967236171 ], [ -78.989938789506226, 53.07257002295718 ], [ -78.979321388311959, 53.074871617805094 ], [ -78.958044724718079, 53.089747880575374 ], [ -78.966902963804699, 53.095087287048209 ], [ -78.949634878712743, 53.116476959348695 ], [ -78.941604002356016, 53.117543118924807 ], [ -78.942819074409329, 53.120576075177055 ], [ -78.971006807007427, 53.108176092803667 ], [ -78.959895337625355, 53.119125791452568 ], [ -78.947576204003724, 53.123616198435514 ], [ -78.951027805532703, 53.127092178286311 ], [ -78.973332800046052, 53.123841792444082 ], [ -78.935974677345214, 53.139275433711433 ], [ -78.93495087338782, 53.14253935412129 ], [ -78.942982219349858, 53.145007016913347 ], [ -78.935411198434053, 53.149775969017085 ], [ -78.947175763615206, 53.146751715314913 ], [ -78.949040337359349, 53.151243283908755 ], [ -78.936152662879721, 53.157700759451622 ], [ -78.94632789171331, 53.155116513147973 ], [ -78.942779693882585, 53.158939302842512 ], [ -78.921938098676847, 53.165221598318261 ], [ -78.933620509257821, 53.164328018315516 ], [ -78.942207136975838, 53.172469564714795 ], [ -78.960426736557025, 53.175740988959326 ], [ -78.969670881762795, 53.172653273498945 ], [ -78.953786921759303, 53.18067987656859 ], [ -78.963593828899221, 53.181854939574912 ], [ -78.960140692818982, 53.186183336907824 ], [ -78.906263425098231, 53.198006320757415 ], [ -78.904476074926208, 53.206713968572338 ], [ -78.94151122724638, 53.208870163825068 ], [ -78.92831230758749, 53.213631222365429 ], [ -78.927279068943534, 53.222001635406826 ], [ -78.904829893315593, 53.21603466044558 ], [ -78.89710626051739, 53.240686206444565 ], [ -78.919390091161361, 53.239800678870829 ], [ -78.915273282158353, 53.236932608148543 ], [ -78.925017175740763, 53.232841082677737 ], [ -78.934268242949244, 53.242055468082292 ], [ -78.948491212263093, 53.236106577584891 ], [ -78.904455837482615, 53.262645229166715 ], [ -78.942098215458486, 53.265027301988042 ], [ -78.920360581173213, 53.272319072685242 ], [ -78.933658241696449, 53.276479250883355 ], [ -78.983113509178693, 53.275483174482005 ], [ -78.963431366036943, 53.283123233335374 ], [ -78.967471169151551, 53.286824388681289 ], [ -78.962587887041224, 53.290759823447644 ], [ -78.944494109755937, 53.295412101443631 ], [ -78.950961022264693, 53.29856223579614 ], [ -78.941030925446157, 53.310627396773533 ], [ -78.956868625855307, 53.313444146020608 ], [ -78.946449538144975, 53.321581484961207 ], [ -78.958178383745903, 53.325630822310472 ], [ -78.983664105783092, 53.324625916746648 ], [ -78.972695422781683, 53.326984308979327 ], [ -78.970256886459907, 53.337542675982981 ], [ -78.959097107409107, 53.344445794370394 ], [ -78.979547215159442, 53.34405669650414 ], [ -78.9787876264853, 53.34995058839732 ], [ -78.933664177817349, 53.356522846905527 ], [ -78.938550237431173, 53.358036882665942 ], [ -78.936378413636518, 53.363483568161413 ], [ -78.958039985032244, 53.364045060563186 ], [ -78.949984875823262, 53.368716855294252 ], [ -78.941508241489856, 53.386453080878049 ], [ -78.955598833778623, 53.384888193619162 ], [ -78.950168446895901, 53.394315366847508 ], [ -78.952325030722989, 53.400683847527894 ], [ -78.975408241943043, 53.398091238998944 ], [ -78.986306959632017, 53.403651878070519 ], [ -78.984701440346043, 53.41151837019703 ], [ -78.981037317951959, 53.411681202531078 ], [ -78.980850696667929, 53.4064096593182 ], [ -78.971651611173741, 53.411288358925056 ], [ -78.975964633109712, 53.415838782551965 ], [ -78.973065424141723, 53.420158957782753 ], [ -78.981128488769244, 53.419603310700118 ], [ -78.978138816191176, 53.424884028738539 ], [ -78.990813698752021, 53.420387033038672 ], [ -78.986203232006673, 53.425272035896377 ], [ -78.991944224329274, 53.42673526300581 ], [ -79.064829934652224, 53.408115243310306 ], [ -79.041464034835073, 53.419250767900607 ], [ -79.030491202200096, 53.432960303831884 ], [ -78.995227063741638, 53.429262802965255 ], [ -78.992055035625938, 53.439710259073784 ], [ -78.985088346992043, 53.442793461068725 ], [ -78.991486289080001, 53.443467640965011 ], [ -78.989976867425668, 53.446732721515502 ], [ -79.02833793988448, 53.448576896231806 ], [ -79.03849395844054, 53.455316015537939 ], [ -79.043282504121876, 53.444534327548467 ], [ -79.069008205734789, 53.430128140348771 ], [ -79.059995158496065, 53.436652813976067 ], [ -79.076365421883366, 53.438212231511166 ], [ -79.075058695048909, 53.441805244094539 ], [ -79.081349355105914, 53.443884332671686 ], [ -79.045650569674493, 53.455927800964162 ], [ -79.059482461229436, 53.459461741857183 ], [ -79.070003397915187, 53.454669606693365 ], [ -79.09303885482133, 53.454877768639271 ], [ -79.089678397482075, 53.462294930055585 ], [ -79.104275459846022, 53.472110975326075 ], [ -79.080227426531806, 53.472095540983453 ], [ -79.105047110698493, 53.477787014745473 ], [ -79.10610069569131, 53.482892134542517 ], [ -79.085660396130962, 53.479941241738999 ], [ -79.088220643492477, 53.487354167719381 ], [ -79.103742189467582, 53.485758526674438 ], [ -79.105172260337511, 53.490195358664749 ], [ -79.11091295241998, 53.488560154922624 ], [ -79.106961329093352, 53.491994790484725 ], [ -79.120519146035278, 53.491192929416478 ], [ -79.116761850827459, 53.495017497180847 ], [ -79.120122043328564, 53.497443790293239 ], [ -79.113949257533775, 53.499962623501752 ], [ -79.133441246172808, 53.497301943731337 ], [ -79.134117481827829, 53.503875273198354 ], [ -79.090733581577055, 53.509258348427501 ], [ -79.084241020419938, 53.516112801901215 ], [ -79.101839418718939, 53.510810721547777 ], [ -79.107211176833175, 53.513458106218515 ], [ -79.082757745631923, 53.522570888820354 ], [ -79.071922631492455, 53.519654609647262 ], [ -79.059040050137241, 53.529551008877213 ], [ -79.023439517659867, 53.527097684229666 ], [ -78.995766205811364, 53.532894067043884 ], [ -78.999159491665367, 53.537095413701429 ], [ -79.027980454955681, 53.539120621234034 ], [ -79.013954875231192, 53.547608922352893 ], [ -79.029401834887636, 53.546533979037548 ], [ -79.029316630557446, 53.555513760989982 ], [ -79.040337729919386, 53.555847725971589 ], [ -79.035451204296137, 53.560622202537338 ], [ -79.022010183863202, 53.562935842360453 ], [ -78.998312767816927, 53.555358343500394 ], [ -78.991167092297644, 53.557998474283586 ], [ -78.987208740530647, 53.548510177866852 ], [ -78.972506504731754, 53.54659853100285 ], [ -78.981254670402862, 53.539131847226948 ], [ -78.964401781188812, 53.536823258666821 ], [ -78.955838724970775, 53.543842376319326 ], [ -78.945931507705978, 53.545515582599457 ], [ -78.955839125894201, 53.540075462589769 ], [ -78.946318071186525, 53.538779486282138 ], [ -78.884865781295062, 53.55626411997283 ], [ -78.894084550940363, 53.564599102102065 ], [ -78.890778634007191, 53.566392847575408 ], [ -78.899827876538339, 53.567855724119724 ], [ -78.924153248869203, 53.570114520654741 ], [ -78.933119273757413, 53.562484235859287 ], [ -78.945551704765464, 53.56737342398236 ], [ -78.935368009507457, 53.57118970400429 ], [ -78.942445877037983, 53.57410766811131 ], [ -78.975810393593164, 53.570352779767937 ], [ -78.955997551605748, 53.57905995652488 ], [ -78.955071127900197, 53.584168540007568 ], [ -78.973258070399467, 53.585188346376711 ], [ -78.961466959642081, 53.588772840847625 ], [ -78.95392927792679, 53.597481516386907 ], [ -78.982981974296479, 53.59451372993901 ], [ -78.985434198379778, 53.598555674636074 ], [ -78.980052904838544, 53.602375648666232 ], [ -78.984384267893162, 53.607591077866481 ], [ -79.003448859005104, 53.604332685713175 ], [ -78.997321314300478, 53.615953400641622 ], [ -79.012039726292983, 53.612584818952051 ], [ -79.004380251811128, 53.608942170176199 ], [ -79.023437738302547, 53.598371558683766 ], [ -78.999662108962994, 53.603541229386821 ], [ -79.024079343822876, 53.58754009386702 ], [ -79.044916215851387, 53.593078762435063 ], [ -79.054917241390015, 53.588531006918075 ], [ -79.068203261087206, 53.589753210885277 ], [ -79.06576806140491, 53.59840720829191 ], [ -79.051414340866174, 53.60160848287412 ], [ -79.057387749775117, 53.600878543373092 ], [ -79.053531415228605, 53.607171819146451 ], [ -79.059674369015028, 53.613969162955712 ], [ -79.044771923266509, 53.623354906127474 ], [ -79.046767600387028, 53.629257971471851 ], [ -79.015723928282867, 53.62847754115046 ], [ -79.018831460813118, 53.62606573466816 ], [ -79.014769253191929, 53.623040687004803 ], [ -79.032795779339025, 53.624318312056381 ], [ -79.03364261497785, 53.619765288942084 ], [ -79.045708478811832, 53.614541981994904 ], [ -79.037588027568205, 53.613923589884905 ], [ -79.042500193267898, 53.609706816194596 ], [ -79.03890842940298, 53.608596169477259 ], [ -79.017586228432791, 53.613593843709083 ], [ -79.026279722693857, 53.617801093568687 ], [ -79.024300943139835, 53.620672245613775 ], [ -79.008169492421018, 53.620611566624987 ], [ -79.013351499780995, 53.622639573665026 ], [ -79.014203118989769, 53.626402564850231 ], [ -79.009491079159943, 53.626908622769037 ], [ -79.014216927497188, 53.631904712957414 ], [ -78.997219583574065, 53.633428469903322 ], [ -79.002509838986825, 53.642471009484559 ], [ -79.046208733307481, 53.642005689800996 ], [ -79.038198322793264, 53.64998363040494 ], [ -79.026221928810244, 53.648519158765296 ], [ -79.02131102655062, 53.653868030600819 ], [ -79.036975403852409, 53.65480919628876 ], [ -79.051826171081316, 53.663232702173694 ], [ -79.012443518043511, 53.664149564194119 ], [ -78.998460509266849, 53.673976463334782 ], [ -79.000070440360503, 53.680260413481811 ], [ -79.007819108702023, 53.683239427799428 ], [ -79.000253739267137, 53.687896025460446 ], [ -79.028514730542497, 53.686602624283232 ], [ -79.029458390898753, 53.68131406363284 ], [ -79.037117089985571, 53.686600121817797 ], [ -79.050143893808837, 53.685239700580304 ], [ -79.047132110839001, 53.689451865060065 ], [ -79.054325566628066, 53.692095140731709 ], [ -79.046773298844315, 53.693275712390808 ], [ -79.070873217515228, 53.696237505476326 ], [ -79.088769223105629, 53.708471970159948 ], [ -79.0616290312648, 53.709833795170375 ], [ -79.063142289429607, 53.706909594886099 ], [ -79.057078548918042, 53.704671772602858 ], [ -79.012661034047682, 53.700364933843936 ], [ -79.010003229080041, 53.695367315456743 ], [ -79.006880735263081, 53.700538555558808 ], [ -78.982208360298088, 53.701662687904978 ], [ -79.01708646488683, 53.701939621846215 ], [ -79.050374254814045, 53.708437467627853 ], [ -79.047368794925234, 53.716074884391965 ], [ -79.057182236912624, 53.711299018655424 ], [ -79.083674948960109, 53.714872272566588 ], [ -79.076785168983662, 53.717072231931311 ], [ -79.081403954177617, 53.719483658381527 ], [ -79.068087443391008, 53.721004677246455 ], [ -79.062104597026064, 53.716628847859958 ], [ -79.058536491091814, 53.722693193034743 ], [ -79.026750195814628, 53.722380562960829 ], [ -79.023449453150093, 53.724564623791885 ], [ -79.027688501514248, 53.72597398975185 ], [ -79.015306603204479, 53.726875263179579 ], [ -79.047114739378443, 53.731695178344751 ], [ -79.049297031660572, 53.736297591611276 ], [ -79.057980299671641, 53.731799906177599 ], [ -79.0582770070598, 53.735229851688068 ], [ -79.078613727637574, 53.738128812626819 ], [ -79.055155866554955, 53.740105667826967 ], [ -79.072940092618339, 53.741498781461118 ], [ -79.069356913556049, 53.743248062631807 ], [ -79.075029935194763, 53.745541831387612 ], [ -79.07060507763687, 53.752743437880333 ], [ -79.080946126478239, 53.756154811983563 ], [ -79.080945321084712, 53.761162107967884 ], [ -79.071971905747446, 53.763634109388903 ], [ -79.06703448237235, 53.759149558381857 ], [ -79.056225136635504, 53.759316330813355 ], [ -79.051995227575915, 53.762861560058347 ], [ -79.055787405890641, 53.767804639002769 ], [ -79.041856898646827, 53.770103966647177 ], [ -79.041408671226407, 53.781684543916711 ], [ -79.035266436830511, 53.787418433448494 ], [ -79.068432702683438, 53.790816190340443 ], [ -79.082926336787708, 53.787605761188757 ], [ -79.077806071550896, 53.790022925448127 ], [ -79.08011061125822, 53.795076148773354 ], [ -79.054053029985681, 53.795779723098555 ], [ -79.053381907798951, 53.800434538880772 ], [ -79.061449795683899, 53.801329389455546 ], [ -79.041949926370606, 53.813273321612151 ], [ -79.057789384476052, 53.823348993845428 ], [ -79.058596183972952, 53.842233624651307 ], [ -79.065039546931587, 53.851307340963785 ], [ -79.084131645529055, 53.864046495346066 ], [ -79.07748868748935, 53.866628128945372 ], [ -79.082921119481469, 53.870895242161026 ], [ -79.076747322378807, 53.871515600672289 ], [ -79.072377844587294, 53.863660443175554 ], [ -79.07720801891864, 53.861805167160313 ], [ -79.068757202898723, 53.856419474555551 ], [ -79.065521537207545, 53.858327095957719 ], [ -79.069149817514997, 53.862421890930641 ], [ -79.059738527586703, 53.864337690465533 ], [ -79.06656605503774, 53.868322472516923 ], [ -79.064678481563959, 53.87197781564111 ], [ -79.070666993836227, 53.872083234449349 ], [ -79.052251611410568, 53.872936399133884 ], [ -79.066028760757021, 53.885897584586871 ], [ -79.099272283881461, 53.890698771984802 ], [ -79.105450256575736, 53.90215027445921 ], [ -79.077152631796807, 53.895830088179871 ], [ -79.03135070897568, 53.905623456996594 ], [ -79.039240244425713, 53.900673420804502 ], [ -79.033728431433545, 53.898434720702973 ], [ -79.037710999634726, 53.894328684054408 ], [ -79.006268995743298, 53.890124699498841 ], [ -78.99447989206007, 53.892876915092081 ], [ -78.987544780234515, 53.889290770169488 ], [ -78.995059628073392, 53.887762429157725 ], [ -78.973691088296846, 53.884679602599157 ], [ -78.954306376393987, 53.889951378615287 ], [ -78.954962084559583, 53.898026421982166 ], [ -78.950113464529537, 53.89881571858816 ], [ -78.966150931834932, 53.904895980404035 ], [ -79.008938464943782, 53.905676287439981 ], [ -79.004753106921171, 53.908204817482392 ], [ -79.015972500289138, 53.90887623874454 ], [ -79.00455401415671, 53.916849630079419 ], [ -79.043614841466649, 53.92627542743039 ], [ -79.067388810679091, 53.924017500332702 ], [ -79.096282024023438, 53.932362958783472 ], [ -79.088675328881834, 53.937141413355839 ], [ -79.122339478804292, 53.94507089458461 ], [ -79.132893135898996, 53.942143069755559 ], [ -79.155055826257808, 53.948517501204769 ], [ -79.148401549094316, 53.952181666623005 ], [ -79.133094951818521, 53.944105887316312 ], [ -79.130989130100801, 53.948262244119938 ], [ -79.119210739948741, 53.948905387496659 ], [ -79.039916862113557, 53.934980002876806 ], [ -79.050665282407579, 53.94199605397867 ], [ -79.067206010872496, 53.941813956321376 ], [ -79.068641212108631, 53.946367791861533 ], [ -79.107801117636726, 53.950146491210681 ], [ -79.040870231230542, 53.95429624045547 ], [ -79.0031988294417, 53.949702386949326 ], [ -79.018233947964845, 53.955309259179266 ], [ -79.039062272228961, 53.95547133753125 ], [ -79.036099345732282, 53.963055093116125 ], [ -79.04133098958313, 53.964623808933069 ], [ -79.037534751326135, 53.967546395366924 ], [ -79.097467389906484, 53.968240905510392 ], [ -79.103832811111772, 53.970759722303676 ], [ -79.04952766622111, 53.977468444558554 ], [ -79.075120910393863, 53.982681638719463 ], [ -79.053422373822983, 53.986170561872029 ], [ -79.068751028665858, 53.989815964867638 ], [ -79.07218845895143, 53.994986188379386 ], [ -79.067319931709051, 53.996669937753381 ], [ -79.008682192965736, 53.998040772212633 ], [ -78.998881374995989, 53.995288929946149 ], [ -78.994795697398573, 53.9876065931374 ], [ -78.972037722025618, 53.991350868457509 ], [ -78.968313009378903, 53.990460871339643 ], [ -78.971090134630344, 53.987936765163838 ], [ -78.959388988013757, 53.987648700333985 ], [ -78.951370873597213, 53.99219587235423 ], [ -78.960307092794935, 53.99601569806164 ], [ -78.960939685173216, 54.00773099173108 ], [ -79.010108167190623, 54.017400963351342 ], [ -79.005657760179361, 54.019170070379786 ], [ -79.031960012145845, 54.020143007087036 ], [ -79.03884786610206, 54.025918995779108 ], [ -79.025064408933602, 54.031644375289567 ], [ -79.039223026865571, 54.034168479285803 ], [ -78.983813807790682, 54.041234638707429 ], [ -78.978722198980137, 54.034424919992439 ], [ -78.942151745520135, 54.026612690362811 ], [ -78.932122869501512, 54.02994653107406 ], [ -78.920814949028227, 54.037149980378437 ], [ -78.897009684382468, 54.038273126992507 ], [ -78.918186328136215, 54.039019314770499 ], [ -78.942289191865655, 54.028466905548257 ], [ -78.976149550240009, 54.034885065497811 ], [ -78.982988202158765, 54.043144577508087 ], [ -79.000527190097785, 54.043059980528305 ], [ -79.085425061572906, 54.029681353940255 ], [ -79.067311574147226, 54.024177612822449 ], [ -79.090948880372281, 54.025094725043672 ], [ -79.100618232453343, 54.030677516156416 ], [ -79.069016749192613, 54.045033559899245 ], [ -79.085117813326065, 54.04467081983551 ], [ -79.075455694061219, 54.047168419860277 ], [ -79.079267647380291, 54.051292577933999 ], [ -79.098445006992037, 54.051525488146922 ], [ -79.100860306111244, 54.048812929546294 ], [ -79.087607795676348, 54.045330705794861 ], [ -79.111142422820393, 54.043059905048317 ], [ -79.113921158085617, 54.044433950620125 ], [ -79.103759236974795, 54.04620682179295 ], [ -79.110954273349392, 54.048891048221762 ], [ -79.107867319967582, 54.051269619491976 ], [ -79.069661748988764, 54.056820060667221 ], [ -79.093502098098313, 54.060715280397943 ], [ -79.106289483406684, 54.056737274474003 ], [ -79.102781135296866, 54.06130251994869 ], [ -79.110498135741352, 54.062979176073611 ], [ -79.075915049680646, 54.063671332044741 ], [ -79.07193822644669, 54.068695621781494 ], [ -79.085777193820107, 54.064880486181792 ], [ -79.143350843206363, 54.066448366990002 ], [ -79.12349033204552, 54.073754048498003 ], [ -79.137085048686274, 54.074981183738146 ], [ -79.127487374437649, 54.076980587602442 ], [ -79.131959392658516, 54.08019637624038 ], [ -79.147525829535851, 54.080113503978232 ], [ -79.138849309951794, 54.084060685969995 ], [ -79.176552002268465, 54.084404446868803 ], [ -79.1590645140774, 54.091239555080008 ], [ -79.166905189620479, 54.091673918205352 ], [ -79.164541608719873, 54.099836042634848 ], [ -79.168310264771307, 54.101430617524272 ], [ -79.162887091228455, 54.102318757004277 ], [ -79.143619892384862, 54.09603618811532 ], [ -79.163464135894614, 54.098606040150742 ], [ -79.160881208571126, 54.094764140652714 ], [ -79.132976905421543, 54.086136103743499 ], [ -79.09162423365234, 54.09765868059597 ], [ -79.083182105868687, 54.092679198571624 ], [ -79.065293177122157, 54.095242440623963 ], [ -79.071888347167985, 54.09120423216735 ], [ -79.055429145591759, 54.085105185485176 ], [ -79.048522768027212, 54.092175846791186 ], [ -79.052888294969236, 54.095285006426451 ], [ -79.047167312747547, 54.099543148941663 ], [ -79.04940797180231, 54.101988657963659 ], [ -79.041512984087461, 54.103011039984324 ], [ -79.058522190291157, 54.107925242642807 ], [ -79.043580924911709, 54.113993763796252 ], [ -79.051670469505552, 54.117019586503446 ], [ -79.067893508344298, 54.112337061356605 ], [ -79.101164703970639, 54.128849651427366 ], [ -79.090019610444756, 54.130902626905169 ], [ -79.080269471031784, 54.125938231713484 ], [ -79.072464799837576, 54.135153363805877 ], [ -79.077092692817104, 54.137690463407019 ], [ -79.109205885813992, 54.129731354806033 ], [ -79.115294893991745, 54.139903811176204 ], [ -79.062796831491468, 54.147798912975034 ], [ -79.084768696048812, 54.15446996124075 ], [ -79.029260392126375, 54.170069464292474 ], [ -79.037116952211662, 54.170458499736966 ], [ -79.032069847264381, 54.171562706780911 ], [ -79.036476038864294, 54.171697556378248 ], [ -79.056803617903668, 54.165249412198854 ], [ -79.065925545971425, 54.16641208918066 ], [ -79.058063755608245, 54.1700700407578 ], [ -79.083523534451984, 54.170145375884786 ], [ -79.088275391479129, 54.169097277562109 ], [ -79.086748168529198, 54.165009881987523 ], [ -79.101688236236683, 54.16224396836936 ], [ -79.114519190702367, 54.16606824501828 ], [ -79.122625367402861, 54.161619433041054 ], [ -79.180646008713055, 54.166555306965343 ], [ -79.178905581949735, 54.162582790339862 ], [ -79.219567466253622, 54.159172849590746 ], [ -79.199163115510885, 54.154653493105982 ], [ -79.213649585493201, 54.152550165194462 ], [ -79.205236064439035, 54.14915299329062 ], [ -79.210532070743326, 54.147074464095844 ], [ -79.199008332712651, 54.145167696645387 ], [ -79.254040339705597, 54.142904261564858 ], [ -79.250404895754173, 54.146698782239916 ], [ -79.256873542492812, 54.148716248972882 ], [ -79.250296312006242, 54.152540055226929 ], [ -79.263992719869336, 54.153133846079719 ], [ -79.225726201487362, 54.156989560444124 ], [ -79.246047243069114, 54.158141278134522 ], [ -79.215552572510305, 54.169540706340143 ], [ -79.235733584838556, 54.179519240933097 ], [ -79.228295152654368, 54.183967450571174 ], [ -79.249583845974641, 54.188647408554758 ], [ -79.238616823918122, 54.193521333597872 ], [ -79.247316642089913, 54.196587635082622 ], [ -79.234221627038778, 54.200971737682529 ], [ -79.244312007210326, 54.205263155784401 ], [ -79.226224385771403, 54.209420722953816 ], [ -79.25128100822522, 54.211252277457085 ], [ -79.256021291386787, 54.202844447206772 ], [ -79.245108244877741, 54.199863412416526 ], [ -79.254611027145515, 54.197017151023779 ], [ -79.257373312855748, 54.19002780440875 ], [ -79.249540786732425, 54.18712764114899 ], [ -79.276596425571014, 54.175976086324319 ], [ -79.281428494051056, 54.180647463446817 ], [ -79.286176978457249, 54.175879106631704 ], [ -79.313047813088886, 54.17185399085772 ], [ -79.297713060997836, 54.17778657225201 ], [ -79.313288217234273, 54.179875435031413 ], [ -79.312395524855887, 54.185615785963513 ], [ -79.301498231975643, 54.186001929615742 ], [ -79.307372896563479, 54.187010497035139 ], [ -79.331314891114886, 54.184297381250836 ], [ -79.31715919727128, 54.184549867969089 ], [ -79.323742020205032, 54.180560723156574 ], [ -79.314481862966574, 54.178408967326959 ], [ -79.322908417491348, 54.174274906456162 ], [ -79.331400223729759, 54.174186117823666 ], [ -79.331257816646129, 54.179244877381038 ], [ -79.340525427598521, 54.18162013556784 ], [ -79.334969622306986, 54.184878310728983 ], [ -79.366101970694146, 54.185502452183492 ], [ -79.372349187289743, 54.182917388843187 ], [ -79.361593994601677, 54.182070428959982 ], [ -79.368542794935891, 54.177616425948735 ], [ -79.392258974902518, 54.176919661768338 ], [ -79.378470756166152, 54.182739281364903 ], [ -79.38331328025599, 54.18784707895535 ], [ -79.392580788866397, 54.186793592059324 ], [ -79.388520102725451, 54.188743836416002 ], [ -79.346469090261294, 54.191274979446142 ], [ -79.355232563982483, 54.199098370937982 ], [ -79.349881488342106, 54.202575748262433 ], [ -79.359193433862373, 54.203601846885469 ], [ -79.354418428079597, 54.206853556290156 ], [ -79.32962137545077, 54.207671812424387 ], [ -79.346432961331729, 54.19985878628173 ], [ -79.311678341391328, 54.204716042073976 ], [ -79.327545328372082, 54.20516210716346 ], [ -79.309897606080355, 54.214156323239919 ], [ -79.326978941109473, 54.211967755922871 ], [ -79.300124319267908, 54.220598638220366 ], [ -79.281067729717876, 54.221101302947034 ], [ -79.280184122105595, 54.226859539120134 ], [ -79.296945921076002, 54.226639192136282 ], [ -79.278972200904079, 54.231651271198558 ], [ -79.290914443835618, 54.230410007256609 ], [ -79.278196897914214, 54.234795291534553 ], [ -79.278993273729156, 54.238887597946871 ], [ -79.290010079589834, 54.235583735865085 ], [ -79.298464751597521, 54.239316921279077 ], [ -79.296332776039137, 54.24152500536821 ], [ -79.30241958142868, 54.240172708300626 ], [ -79.303127739956167, 54.244605166067963 ], [ -79.314131425509999, 54.24386969942546 ], [ -79.319881373287899, 54.250044395057365 ], [ -79.33815621689007, 54.25135842112465 ], [ -79.344442308606332, 54.247714621769795 ], [ -79.367026232193211, 54.255339524468717 ], [ -79.376708797228517, 54.252324264701407 ], [ -79.372067559135132, 54.263371681983251 ], [ -79.360566408856002, 54.266865222350411 ], [ -79.373143353470127, 54.269974904672317 ], [ -79.358989907979918, 54.271374073066895 ], [ -79.372192392393629, 54.27656871016017 ], [ -79.361920432311507, 54.2857688114903 ], [ -79.385828344839538, 54.286082256604537 ], [ -79.371918898830899, 54.279998691887897 ], [ -79.386144669645262, 54.27445520783305 ], [ -79.381390969649161, 54.273088132646734 ], [ -79.383625228205446, 54.270547333392372 ], [ -79.409380205445515, 54.272121348776011 ], [ -79.413270163653806, 54.276801736709402 ], [ -79.420368801365399, 54.27352422031268 ], [ -79.409748562174769, 54.267739768095311 ], [ -79.42569648297922, 54.269135584324381 ], [ -79.417131823167367, 54.280241203059241 ], [ -79.403895355465139, 54.283698085402378 ], [ -79.411016413824782, 54.296250312170862 ], [ -79.426209686616048, 54.293950727617684 ], [ -79.414542402663528, 54.301267400879851 ], [ -79.442013385520568, 54.304330954755784 ], [ -79.478052749262176, 54.293986975925641 ], [ -79.464881228984993, 54.299024350717623 ], [ -79.4644479164308, 54.303234440068415 ], [ -79.47263494546678, 54.301289027658498 ], [ -79.470867186406579, 54.305859755441233 ], [ -79.484338846490516, 54.306497192862899 ], [ -79.478028644599917, 54.31297031180506 ], [ -79.463620285685636, 54.313075300043607 ], [ -79.463548937858576, 54.31952809368412 ], [ -79.453327205983982, 54.32150077844414 ], [ -79.462267875760162, 54.324194760889981 ], [ -79.456888949855355, 54.327397881403243 ], [ -79.433069292636986, 54.330596374413531 ], [ -79.404937725065921, 54.337409546740034 ], [ -79.376002798205988, 54.321823858584196 ], [ -79.388547815634681, 54.314405739205903 ], [ -79.342589623479213, 54.319149195544227 ], [ -79.337934472164235, 54.314482971157268 ], [ -79.321040838795867, 54.314428767234851 ], [ -79.318037528007778, 54.316822841957205 ], [ -79.331806204061337, 54.318137650465054 ], [ -79.322055905806849, 54.322730437494656 ], [ -79.333206007793436, 54.323064793122263 ], [ -79.33289950088853, 54.328741378035424 ], [ -79.317734217216739, 54.326139872151018 ], [ -79.32225183620065, 54.329627458514359 ], [ -79.316643863483904, 54.331374052335178 ], [ -79.323329444544058, 54.333381734019063 ], [ -79.321659791078702, 54.33850001316722 ], [ -79.309558950446672, 54.342115300260424 ], [ -79.310698462731708, 54.338338053846336 ], [ -79.303239270841502, 54.336435653410405 ], [ -79.286965644920727, 54.341598884811134 ], [ -79.28484912837061, 54.344768800529209 ], [ -79.290878323905233, 54.347407123910756 ], [ -79.281496891843602, 54.352100803916237 ], [ -79.323507352039982, 54.349042402782466 ], [ -79.310008917558122, 54.347272107958375 ], [ -79.338455877055935, 54.334732562664769 ], [ -79.337334127716929, 54.329368867774868 ], [ -79.359204438636567, 54.331277261349967 ], [ -79.341032178759747, 54.324610858904414 ], [ -79.353264391292257, 54.319430238790197 ], [ -79.358076126796547, 54.31983740754896 ], [ -79.346957812627139, 54.323712444881096 ], [ -79.384605334770157, 54.32948976745994 ], [ -79.390553532480837, 54.332337754520779 ], [ -79.38795708905316, 54.335017626848575 ], [ -79.403553250885579, 54.339000175486731 ], [ -79.459097677102548, 54.327551968203501 ], [ -79.467150768053472, 54.335546401223354 ], [ -79.481481829469786, 54.335664715115108 ], [ -79.483419940760641, 54.339005801009527 ], [ -79.448653838763747, 54.339858163766912 ], [ -79.456900572047459, 54.342282920486859 ], [ -79.450822164781329, 54.347238567859009 ], [ -79.458680425393155, 54.34939754769556 ], [ -79.45518703638605, 54.351465145055052 ], [ -79.477696790905981, 54.349018732455427 ], [ -79.475011281330211, 54.351735275145394 ], [ -79.480618985193317, 54.352803726857999 ], [ -79.473793551321094, 54.358434225862531 ], [ -79.479015599779132, 54.35955179961978 ], [ -79.469418385014947, 54.362693263596249 ], [ -79.478475989824119, 54.3691535823938 ], [ -79.510757298667571, 54.365313701056365 ], [ -79.488473026253274, 54.371912766683892 ], [ -79.49403363769207, 54.373932755512598 ], [ -79.482677955309057, 54.379606028932713 ], [ -79.496747831233279, 54.388554651009869 ], [ -79.47912685535313, 54.394023585821877 ], [ -79.503632950053131, 54.404189968389396 ], [ -79.491180486956821, 54.405967488476193 ], [ -79.486489923191073, 54.401127011906297 ], [ -79.473618785020633, 54.404641222233415 ], [ -79.465559944398962, 54.400125810022615 ], [ -79.459785386779984, 54.405813812243515 ], [ -79.464181286035824, 54.404863104346717 ], [ -79.46257408219374, 54.408698658698157 ], [ -79.470770984662309, 54.41451032760051 ], [ -79.479419326095353, 54.414017311684269 ], [ -79.477167336509552, 54.418644895381462 ], [ -79.493412918524314, 54.417779041240088 ], [ -79.483376498572866, 54.414525479279931 ], [ -79.504058912789404, 54.414073374802733 ], [ -79.472299854091332, 54.425612264780987 ], [ -79.473251328222474, 54.434019392366707 ], [ -79.49046369306474, 54.435961442611074 ], [ -79.468332081488128, 54.439413003521004 ], [ -79.483970592214902, 54.446027909619211 ], [ -79.47370966109591, 54.453206159074796 ], [ -79.488902122730124, 54.460785473950452 ], [ -79.523646226272973, 54.456505150480339 ], [ -79.52066487113342, 54.459183111568471 ], [ -79.534281802994357, 54.460202950766337 ], [ -79.48968341315117, 54.463869221172693 ], [ -79.507925738064358, 54.475609722423265 ], [ -79.500188392265287, 54.480807999206107 ], [ -79.509604304917573, 54.479531291287209 ], [ -79.501462973063894, 54.483942699306368 ], [ -79.51813797977222, 54.485990879416946 ], [ -79.488522695476391, 54.492005796646303 ], [ -79.490223851553424, 54.496539122823272 ], [ -79.541338852073721, 54.50122032835062 ], [ -79.509287767138446, 54.503507822770722 ], [ -79.5018172820985, 54.508026413992695 ], [ -79.503680891911216, 54.51451196073959 ], [ -79.510462391314462, 54.514946249005085 ], [ -79.526499202242931, 54.507188234631542 ], [ -79.51023875620551, 54.525333762701955 ], [ -79.515673676514467, 54.528861015482398 ], [ -79.51415359912626, 54.532419608118829 ], [ -79.528782526492179, 54.528320129664223 ], [ -79.531158422504248, 54.532735193430284 ], [ -79.514542370196253, 54.538311580222519 ], [ -79.509896223395984, 54.535162539504633 ], [ -79.491604221701735, 54.536616558224971 ], [ -79.487986919124864, 54.532445845438133 ], [ -79.481202447368346, 54.53201927687229 ], [ -79.464636685333303, 54.536079478219747 ], [ -79.484904590708339, 54.533045424907719 ], [ -79.491270406795067, 54.538122402816377 ], [ -79.48372080644603, 54.540796322981727 ], [ -79.50829322396882, 54.536311237146172 ], [ -79.513965107183466, 54.541009913426805 ], [ -79.550524929291569, 54.53968291921823 ], [ -79.549650304393694, 54.547779655761993 ], [ -79.589474057696023, 54.553706277652559 ], [ -79.568969811820267, 54.56916747878708 ], [ -79.557664614238135, 54.571720670528251 ], [ -79.556789349292927, 54.566281485098358 ], [ -79.580673083287422, 54.55600312256712 ], [ -79.543042414889101, 54.563132702172389 ], [ -79.550005258216387, 54.557823523260353 ], [ -79.539521657596509, 54.553455081401722 ], [ -79.527661226678276, 54.565049691206625 ], [ -79.515101396188811, 54.565480430131473 ], [ -79.512793489276874, 54.568543958463508 ], [ -79.519792203110029, 54.569636438805603 ], [ -79.512524285506572, 54.57466152293334 ], [ -79.521921919675819, 54.575333927945778 ], [ -79.502370484728743, 54.58871041504009 ], [ -79.509599606774685, 54.593329650741971 ], [ -79.524417213808263, 54.585916328941572 ], [ -79.544939382811208, 54.586299627648138 ], [ -79.53891442001796, 54.588168462385795 ], [ -79.547824079484769, 54.588734071439021 ], [ -79.543529808404912, 54.593275336181364 ], [ -79.555348215716307, 54.59347091220733 ], [ -79.550684032646373, 54.598412452902664 ], [ -79.554872840909724, 54.604709172505721 ], [ -79.525131877969315, 54.611963272011671 ], [ -79.53395204346532, 54.612142311258076 ], [ -79.532160316686785, 54.616317983240911 ], [ -79.541348439414804, 54.618792868429075 ], [ -79.558510639502472, 54.611736166284224 ], [ -79.554934507863607, 54.609087014221743 ], [ -79.562478574200711, 54.603721179437748 ], [ -79.587384355011395, 54.602072986643677 ], [ -79.568104952166792, 54.606628058654849 ], [ -79.565398003208941, 54.612276372246349 ], [ -79.570882791888849, 54.611307623821737 ], [ -79.555919468043498, 54.620189886091552 ], [ -79.571543457519397, 54.624275993515781 ], [ -79.575453501716495, 54.617437327075429 ], [ -79.589290271523012, 54.611874063597824 ], [ -79.583206339192401, 54.61761818606189 ], [ -79.595355282780105, 54.616519416465785 ], [ -79.592566286619785, 54.621942676497184 ], [ -79.574485509117935, 54.625191481645722 ], [ -79.570532346979604, 54.63102296156643 ], [ -79.607800628716902, 54.628491179923891 ], [ -79.609556700881612, 54.626057692455312 ], [ -79.594757094115408, 54.623990378221983 ], [ -79.600899556213477, 54.614714135068951 ], [ -79.615096523871188, 54.613915676829414 ], [ -79.614500396773323, 54.618699375532088 ], [ -79.619190049974947, 54.619705651002043 ], [ -79.65614234127797, 54.611780762936725 ], [ -79.64912197974401, 54.625507925553563 ], [ -79.658599588561557, 54.625109955839733 ], [ -79.644438997578078, 54.637301501962448 ], [ -79.673551339530391, 54.628797888735292 ], [ -79.688551857116721, 54.636349202230384 ], [ -79.708546582212975, 54.630254703265948 ], [ -79.707868492779767, 54.635028934117095 ], [ -79.714976687593747, 54.636120185351324 ], [ -79.731877710677651, 54.627751052408748 ], [ -79.73805640726934, 54.631824112475186 ], [ -79.752218579630181, 54.630236244115281 ], [ -79.756719217259416, 54.624386618524362 ], [ -79.75908199033961, 54.627673380312316 ], [ -79.75475884055929, 54.630756722772141 ], [ -79.761058673057477, 54.633481676912517 ], [ -79.750284702140135, 54.635204467804101 ], [ -79.749247551568388, 54.645268932997013 ], [ -79.743965258733553, 54.648710472485021 ], [ -79.745963085304112, 54.640705184197948 ], [ -79.72902002467238, 54.635935837100817 ], [ -79.713463619328252, 54.654106472980395 ], [ -79.691227979209188, 54.655297308783915 ], [ -79.693401452033783, 54.660992028904786 ], [ -79.68158283244594, 54.661142592671013 ], [ -79.68596525087095, 54.664183116963713 ], [ -79.675112187213003, 54.661791003539207 ], [ -79.668730526308195, 54.672038933563591 ], [ -79.648175109669467, 54.682066312655152 ], [ -79.647854955021344, 54.686565600047473 ], [ -79.643234648824489, 54.682298703299217 ], [ -79.623645829206808, 54.689555586053032 ], [ -79.619101755697017, 54.692703524337055 ], [ -79.620581527478933, 54.701222783010685 ], [ -79.615147022122869, 54.695840058178959 ], [ -79.597947176764038, 54.700091233405715 ], [ -79.565310049606865, 54.722547232663892 ], [ -79.53264342396912, 54.720745136913322 ], [ -79.479105034146059, 54.735724134870999 ], [ -79.447493150020378, 54.759761565494607 ], [ -79.462534675022084, 54.741797688852827 ], [ -79.436923787548793, 54.739214253505175 ], [ -79.387528514406938, 54.764156168672393 ], [ -79.37186728046278, 54.757017187132163 ], [ -79.340644529293556, 54.758175879430226 ], [ -79.320271574430905, 54.768258630281721 ], [ -79.288798172870045, 54.774739488289285 ], [ -79.280787068469607, 54.782895280417172 ], [ -79.257209933659411, 54.784014912538481 ], [ -79.226225493031379, 54.797991812508947 ], [ -79.189095730638826, 54.797874724636031 ], [ -79.101099255036985, 54.818865418411185 ], [ -79.043002543790351, 54.824135435597341 ], [ -79.009496020787481, 54.838466453379624 ], [ -78.980292916996319, 54.833849285742872 ], [ -78.94660850172248, 54.849850051152345 ], [ -78.954343892990067, 54.850600856659291 ], [ -78.938923605624183, 54.854834325756691 ], [ -78.937358186279369, 54.868713096539594 ], [ -78.944728986587833, 54.871184087954198 ], [ -78.889596084119134, 54.884386528895256 ], [ -78.891660638487551, 54.895604245607963 ], [ -78.885120440322794, 54.89451976071787 ], [ -78.885315989469035, 54.889300765071781 ], [ -78.877872430523553, 54.892370893430893 ], [ -78.884319104666986, 54.893741792554515 ], [ -78.868595310168828, 54.900900497561047 ], [ -78.862674199250932, 54.896958284684992 ], [ -78.847538428101245, 54.900016822934127 ], [ -78.844517274054951, 54.905473325889275 ], [ -78.852790239252485, 54.905377151689933 ], [ -78.833741067747511, 54.91238274422723 ], [ -78.813567459720318, 54.9060437772131 ], [ -78.766799209503958, 54.90858087057034 ], [ -78.764875165013848, 54.912591371803892 ], [ -78.733818825434142, 54.919926225795194 ], [ -78.712511001617429, 54.934053066455398 ], [ -78.680736670551084, 54.934142886731614 ], [ -78.646715785484218, 54.947026309120886 ], [ -78.628011236137496, 54.948280683239496 ], [ -78.631739880908938, 54.950735527951501 ], [ -78.628765533877186, 54.953769796268084 ], [ -78.616538867994777, 54.950285525927313 ], [ -78.606064227017043, 54.955715861775623 ], [ -78.60759427700917, 54.960195606682106 ], [ -78.590981267964736, 54.965530654187404 ], [ -78.590730258557571, 54.960590616775626 ], [ -78.578438371406321, 54.960804789890389 ], [ -78.561857726172803, 54.968887236714103 ], [ -78.563512181212943, 54.976399459639431 ], [ -78.546581926418966, 54.980832254079651 ], [ -78.555334332184472, 54.986752708181882 ], [ -78.552345021947218, 54.990405113345041 ], [ -78.52163601093298, 54.992246095413599 ], [ -78.488636044274344, 55.004927179458605 ], [ -78.4721107595538, 55.003092526533315 ], [ -78.426073273192216, 55.020600197108983 ], [ -78.406552713936605, 55.016391934139627 ], [ -78.399891319078563, 55.020933265204135 ], [ -78.388017925250907, 55.020418158545674 ], [ -78.381537610868975, 55.02597822240557 ], [ -78.315652302336957, 55.043132761985994 ], [ -78.303206735759076, 55.054535233074837 ], [ -78.293071436045309, 55.055281057950197 ], [ -78.276311944517758, 55.063393449028119 ], [ -78.280802309591564, 55.066469493591249 ], [ -78.267077936861, 55.070405237207005 ], [ -78.261880801359482, 55.076994834170129 ], [ -78.272111043204703, 55.080928380538211 ], [ -78.261309450368913, 55.086268496119992 ], [ -78.254700714817815, 55.080707717211688 ], [ -78.243451965524159, 55.08408539019117 ], [ -78.241042471922128, 55.087213212309827 ], [ -78.249168560444403, 55.086875712961771 ], [ -78.246162806096393, 55.090700353014576 ], [ -78.239504520755872, 55.093381359320603 ], [ -78.238016186396322, 55.088142447709565 ], [ -78.225469299837314, 55.093916307040722 ], [ -78.231154362837415, 55.098297964764484 ], [ -78.204777431229459, 55.106487360942396 ], [ -78.19074697353625, 55.116484921471631 ], [ -78.196755080776299, 55.118933803372549 ], [ -78.18210417612309, 55.12695632869157 ], [ -78.16668542020119, 55.129565293115121 ], [ -78.180245513635512, 55.123056593379424 ], [ -78.176630879376873, 55.122037891762986 ], [ -78.159497053241267, 55.128274078950021 ], [ -78.157808371925285, 55.135696405890691 ], [ -78.129622509656315, 55.149275731492587 ], [ -78.123416885109506, 55.150217134466551 ], [ -78.129826814628316, 55.139220588119883 ], [ -78.120105140842824, 55.14454702064787 ], [ -78.119091529544718, 55.150114912667767 ], [ -78.107255843752768, 55.15205498138026 ], [ -78.110656692486643, 55.155174376601288 ], [ -78.032515452723857, 55.176517957892955 ], [ -77.970293270049453, 55.205596205449737 ], [ -77.917711434558285, 55.217447601884807 ], [ -77.864087257753852, 55.246066722747585 ], [ -77.867813311041488, 55.249296483690529 ], [ -77.860690710248718, 55.247414043516869 ], [ -77.846076979537301, 55.257833636327057 ], [ -77.783284106345008, 55.271614465669479 ], [ -77.76617719492377, 55.284069612999446 ], [ -77.759644789146208, 55.298421182548871 ], [ -77.749214907061585, 55.298431791476233 ], [ -77.741888093312724, 55.30801770298077 ], [ -77.744397598822374, 55.312860636139973 ], [ -77.689668232463731, 55.340714364980116 ], [ -77.678038155836518, 55.348574947678422 ], [ -77.676665892830044, 55.355122311454672 ], [ -77.63765949839437, 55.377140484558552 ], [ -77.623848361831193, 55.383613410950275 ], [ -77.631533854098123, 55.374521850817345 ], [ -77.614615596234927, 55.377455951081153 ], [ -77.604542970795038, 55.385132066371284 ], [ -77.58983336504437, 55.38619974600136 ], [ -77.582360147747195, 55.381530763784809 ], [ -77.554265407718489, 55.395865430604857 ], [ -77.535653641707057, 55.414752202096864 ], [ -77.514524836953939, 55.422424610394422 ], [ -77.459661682136272, 55.458407781341748 ], [ -77.461484254796076, 55.46353963618327 ], [ -77.456460543757544, 55.467218082855389 ], [ -77.427882369501049, 55.478484968653007 ], [ -77.428101519241878, 55.484619835371724 ], [ -77.417409796051444, 55.489154981880354 ], [ -77.420301314464737, 55.491129244015582 ], [ -77.405435265160193, 55.491386357211553 ], [ -77.398125896246469, 55.500841887885194 ], [ -77.348185777180959, 55.518204848465068 ], [ -77.338150979069226, 55.5255695843193 ], [ -77.350183843656126, 55.530192937458921 ], [ -77.337628501884907, 55.529049048984717 ], [ -77.319469689837987, 55.538760135709133 ], [ -77.317045066131897, 55.54738980384397 ], [ -77.30414096053255, 55.550113963090112 ], [ -77.307107356286338, 55.552574840971836 ], [ -77.303232390309802, 55.561141620216496 ], [ -77.257802115380642, 55.575073925221737 ], [ -77.232937459039093, 55.593433662587422 ], [ -77.228802216949433, 55.589365431989656 ], [ -77.233054082393977, 55.600235445500473 ], [ -77.200140592356718, 55.611768886997034 ], [ -77.197646930724886, 55.619704974505098 ], [ -77.192623253708831, 55.620756625903844 ], [ -77.196580097459019, 55.622779985575271 ], [ -77.188461621933385, 55.624740698111609 ], [ -77.16872747008108, 55.648216924473999 ], [ -77.163133450873758, 55.646787779733394 ], [ -77.166355494578028, 55.651889916377719 ], [ -77.160218120933422, 55.655898835337567 ], [ -77.149833211185666, 55.659883081660745 ], [ -77.146651037520655, 55.653449653675011 ], [ -77.144584460375981, 55.658680686603255 ], [ -77.130452545427261, 55.657830398361149 ], [ -77.114831449699707, 55.666791743832263 ], [ -77.115063986223703, 55.682003824871067 ], [ -77.088155783039227, 55.708995904336064 ], [ -77.082326272477829, 55.708034389859449 ], [ -77.07691766434489, 55.719198612912095 ], [ -77.105715376607563, 55.718492462138109 ], [ -77.103995088198673, 55.709597278134375 ], [ -77.110373017925014, 55.703295352013491 ], [ -77.142943760194754, 55.692359343650431 ], [ -77.146829899303626, 55.68458897490946 ], [ -77.17078243754861, 55.678451435356855 ], [ -77.175086563297825, 55.672317469514809 ], [ -77.197289425455821, 55.667230239550236 ], [ -77.187212956449898, 55.675589177256967 ], [ -77.188796781941534, 55.678886429891804 ], [ -77.173731009442861, 55.683144791449806 ], [ -77.130360916893466, 55.70996947253289 ], [ -77.119020610862549, 55.722793322504572 ], [ -77.108122667997677, 55.725344623081298 ], [ -77.087566898654089, 55.746591742969393 ], [ -77.06296472771028, 55.746279388211157 ], [ -77.052486515182039, 55.749124180334299 ], [ -77.076340748279705, 55.75182399270053 ], [ -77.000981445427598, 55.80347522618284 ], [ -76.996685772017344, 55.814006194425758 ], [ -76.992288807633599, 55.814167384321124 ], [ -76.993321019287052, 55.822805357463935 ], [ -76.948683054526668, 55.820222506692289 ], [ -76.978985860132568, 55.827224890579998 ], [ -76.969861303800556, 55.834965538517487 ], [ -76.956704288194203, 55.835319346860615 ], [ -76.95992670623842, 55.847310784893764 ], [ -76.939654105778459, 55.8601151222746 ], [ -76.940319522033988, 55.866090003168182 ], [ -76.933538659528168, 55.864713871821543 ], [ -76.933080279021553, 55.871892733461394 ], [ -76.925018308694646, 55.871129391271687 ], [ -76.923250548070882, 55.877726520608483 ], [ -76.894460980039455, 55.891563596516171 ], [ -76.883713464791782, 55.904750531603753 ], [ -76.883493093307905, 55.91175467297041 ], [ -76.856401862192996, 55.919409488669061 ], [ -76.86734205076155, 55.922937665020164 ], [ -76.830164341270077, 55.929777508069094 ], [ -76.822233422720885, 55.949063771195078 ], [ -76.809694785695882, 55.956653614315471 ], [ -76.81203946776067, 55.961579811324171 ], [ -76.802308440592995, 55.976262924314021 ], [ -76.807893748935655, 55.978149191123229 ], [ -76.807233218781718, 55.98254436320952 ], [ -76.79718584265224, 55.984686300198085 ], [ -76.799011436024983, 56.001213018567555 ], [ -76.77480267651292, 56.00343466531789 ], [ -76.777591739132149, 56.010078898070574 ], [ -76.72939536016122, 56.016686325795924 ], [ -76.698165603752713, 56.046083411479252 ], [ -76.691017219877011, 56.047835092267988 ], [ -76.683471404237565, 56.06775310956958 ], [ -76.686095393776583, 56.073396641154481 ], [ -76.682224320392109, 56.074527803816927 ], [ -76.685589824203817, 56.074697558705012 ], [ -76.683006390851247, 56.080672765444795 ], [ -76.686955399791401, 56.086091501892625 ], [ -76.674974380641828, 56.092221533370804 ], [ -76.679860401592222, 56.094051226416177 ], [ -76.674186037931221, 56.105540846698858 ], [ -76.649467002775225, 56.124627684215504 ], [ -76.650737851869749, 56.132886949056619 ], [ -76.64228108182354, 56.146649629241374 ], [ -76.659756315689577, 56.164792787077609 ], [ -76.650798025313236, 56.173710173618417 ], [ -76.651626625577649, 56.189254046698373 ], [ -76.64148242280217, 56.19020686697948 ], [ -76.670323825516363, 56.193783446627819 ], [ -76.622419443555998, 56.195975915528656 ], [ -76.615197155740162, 56.202845934614309 ], [ -76.61680919209202, 56.208207470886421 ], [ -76.622435724380807, 56.208960507462763 ], [ -76.616773849835269, 56.211964090358656 ], [ -76.626840641894788, 56.223882297483634 ], [ -76.626018645973303, 56.237605745506933 ], [ -76.618573568045591, 56.247776614997704 ], [ -76.609334243596507, 56.249523585929872 ], [ -76.613942557159675, 56.251638167793104 ], [ -76.603167522532445, 56.252586956952676 ], [ -76.567513491798422, 56.275562255816972 ], [ -76.548110860711148, 56.301020509735189 ], [ -76.545205526745605, 56.315928212443019 ], [ -76.548939999757337, 56.323905835728134 ], [ -76.544527108824369, 56.33516613107664 ], [ -76.551176550833389, 56.337581068081249 ], [ -76.54239173621238, 56.344385088643314 ], [ -76.55899104471402, 56.348706178539246 ], [ -76.540096769234481, 56.358503188461803 ], [ -76.543456109632118, 56.362325237159325 ], [ -76.536047231012361, 56.364466019228558 ], [ -76.538477212355687, 56.367320274331526 ], [ -76.528653638946167, 56.374693196935951 ], [ -76.528133389030913, 56.385967593762523 ], [ -76.53367555137612, 56.387238012030572 ], [ -76.534628106809564, 56.395214450632061 ], [ -76.52956354670205, 56.398610678298503 ], [ -76.539474498867634, 56.405299132595793 ], [ -76.533829614493641, 56.40517140996068 ], [ -76.537692457304018, 56.410137529075897 ], [ -76.522495658208356, 56.427343641275058 ], [ -76.52760642908828, 56.443185239849313 ], [ -76.51836871531161, 56.451951663450743 ], [ -76.52370544173715, 56.464070613645632 ], [ -76.552448192294776, 56.477129912158446 ], [ -76.547889649938583, 56.48081696058842 ], [ -76.546619872834441, 56.496305842616067 ], [ -76.55030101094458, 56.499332978905215 ], [ -76.543573901820352, 56.501303707916044 ], [ -76.555310937403888, 56.518130889146818 ], [ -76.541791203757001, 56.528632682894035 ], [ -76.540382015239942, 56.535973287719983 ], [ -76.556747914106566, 56.555941678375632 ], [ -76.544575234772367, 56.565069952910697 ], [ -76.535452644111459, 56.591357320497991 ], [ -76.535477750097286, 56.599605550540367 ], [ -76.548773865237649, 56.604481498911376 ], [ -76.541169207833846, 56.623364262407208 ], [ -76.533042412398274, 56.629961034069687 ], [ -76.530412895571061, 56.645142581444524 ], [ -76.539607450038218, 56.658659852652399 ], [ -76.535342818939654, 56.67174113202703 ], [ -76.536197284129827, 56.71678245865705 ], [ -76.53065855304898, 56.720013374248879 ], [ -76.537296034453874, 56.732097590395703 ], [ -76.531730969021368, 56.751609944461336 ], [ -76.536978530633249, 56.767565853814482 ], [ -76.531703832279163, 56.777056128781815 ], [ -76.536368772982144, 56.789083690657378 ], [ -76.533492831493589, 56.820099568300215 ], [ -76.536391103476902, 56.834062594319754 ], [ -76.542187023352682, 56.837890629275776 ], [ -76.539750736612646, 56.842035848490816 ], [ -76.546196059478888, 56.85640409771176 ], [ -76.542004112410254, 56.858558424972308 ], [ -76.542972053613269, 56.86692948525814 ], [ -76.552643812534086, 56.895247102942037 ], [ -76.548954655692341, 56.898141129400841 ], [ -76.551497344595802, 56.907193375018061 ], [ -76.531624245032745, 56.913179873130844 ], [ -76.544803351605012, 56.910933155083164 ], [ -76.560426784426085, 56.923614518709456 ], [ -76.570023247283757, 56.924033453666993 ], [ -76.565786869518192, 56.932334771666014 ], [ -76.570860004661782, 56.942379213230033 ], [ -76.564328492020948, 56.957951077651387 ], [ -76.570207241170252, 56.966736523786608 ], [ -76.56610253153751, 56.97162185060953 ], [ -76.569612098193886, 56.975270669840484 ], [ -76.559374925512287, 56.988965824786092 ], [ -76.565797431952276, 56.996495810863394 ], [ -76.562794058988402, 57.003784118315494 ], [ -76.574250703992931, 57.021241880188427 ], [ -76.559464497354369, 57.024553634919606 ], [ -76.57147760385007, 57.025014404351211 ], [ -76.569793199224108, 57.036643909053744 ], [ -76.575044708740592, 57.04858166714989 ], [ -76.572605555928192, 57.056788477463613 ], [ -76.563979375796222, 57.05633943889346 ], [ -76.55680552192932, 57.068522272052419 ], [ -76.556045290890651, 57.079520052208146 ], [ -76.560189752308744, 57.082738951474489 ], [ -76.556762784534257, 57.085225407347295 ], [ -76.56223908988224, 57.088310921791113 ], [ -76.55345542811925, 57.089004099778698 ], [ -76.550784041288736, 57.095775704618163 ], [ -76.557695052100783, 57.097226396524611 ], [ -76.559408440778483, 57.108939119952602 ], [ -76.565421169354238, 57.110166970369846 ], [ -76.575249895020178, 57.1242576679441 ], [ -76.574855946499966, 57.138323648374097 ], [ -76.582710561543294, 57.138054083271697 ], [ -76.576737351127093, 57.146035841764217 ], [ -76.580617049475151, 57.152905217316665 ], [ -76.571673084973582, 57.156018455007484 ], [ -76.575960343349408, 57.160025738815669 ], [ -76.574938211887513, 57.156597450265075 ], [ -76.580591363576985, 57.155403270486879 ], [ -76.581546473857685, 57.164609505062145 ], [ -76.586267025220437, 57.165556200765316 ], [ -76.583672355182571, 57.176038129452358 ], [ -76.574730819449556, 57.178944863846482 ], [ -76.57993869692973, 57.182742813303911 ], [ -76.57531468249114, 57.187221352255584 ], [ -76.591241616902053, 57.195115627360472 ], [ -76.594919749148815, 57.209408432810186 ], [ -76.60260304956789, 57.21706433907179 ], [ -76.598800683772211, 57.23061666226819 ], [ -76.612022983552066, 57.235218513159055 ], [ -76.610804558837614, 57.2395737120777 ], [ -76.603317528124308, 57.240406228526922 ], [ -76.617432262149251, 57.250153298845483 ], [ -76.614351097859227, 57.255502819293433 ], [ -76.621402189593908, 57.26279739059602 ], [ -76.622955685482864, 57.281150820313201 ], [ -76.631503885992089, 57.297374156819181 ], [ -76.628663849507547, 57.308219385959625 ], [ -76.638508540442999, 57.310454470038465 ], [ -76.628091630882679, 57.31292573223979 ], [ -76.635980234024728, 57.315581619829679 ], [ -76.64040870607316, 57.321804160739667 ], [ -76.637624902284159, 57.323439678624339 ], [ -76.652708666592645, 57.330537899116571 ], [ -76.645982258067249, 57.333168712593647 ], [ -76.649501028754813, 57.337174653600556 ], [ -76.661490713944531, 57.337771595868318 ], [ -76.654082928611473, 57.341894280739041 ], [ -76.655347086473682, 57.349676261348783 ], [ -76.663901465802141, 57.351764670688333 ], [ -76.657252712503237, 57.360243950173242 ], [ -76.66060498230938, 57.369678467185409 ], [ -76.674605269605976, 57.385692147851593 ], [ -76.686471577304857, 57.3861447495687 ], [ -76.677878973935037, 57.389979128708774 ], [ -76.674757214928036, 57.403614277897375 ], [ -76.687521506952905, 57.408627984154727 ], [ -76.697428584135324, 57.406509292003207 ], [ -76.701661268284866, 57.428500273732581 ], [ -76.698307339595488, 57.435921795085889 ], [ -76.708856993469354, 57.43815110752292 ], [ -76.711592859726522, 57.447143440114445 ], [ -76.729683096571918, 57.448387944179245 ], [ -76.73664072870551, 57.456746384574771 ], [ -76.759627867097521, 57.459419856368427 ], [ -76.759601995605323, 57.465125453873398 ], [ -76.744782280122578, 57.469033036638749 ], [ -76.75494443082475, 57.471614341278134 ], [ -76.768785599095466, 57.483343519676644 ], [ -76.765978409376842, 57.48704857587667 ], [ -76.776141850441107, 57.49226966974669 ], [ -76.771242718016865, 57.496192949234221 ], [ -76.779948135118289, 57.500194331025234 ], [ -76.773033940795116, 57.509042686060937 ], [ -76.790706751322929, 57.530050651703853 ], [ -76.789355294894463, 57.536898095242542 ], [ -76.800058699449451, 57.543906639470784 ], [ -76.81139841042652, 57.560617501184879 ], [ -76.822391679021464, 57.564834822421744 ], [ -76.821042377901463, 57.573973652393029 ], [ -76.829898802165516, 57.582830275817038 ], [ -76.825126226625613, 57.58539702590074 ], [ -76.838372202019727, 57.590973072898848 ], [ -76.845526986332956, 57.599107645560629 ], [ -76.841797253365399, 57.602459419019347 ], [ -76.848690228178882, 57.604389276411808 ], [ -76.84576953528277, 57.611817324432749 ], [ -76.85783266225063, 57.616600069390387 ], [ -76.854242103447774, 57.626311251839269 ], [ -76.86605881417853, 57.626173288426472 ], [ -76.84427259119002, 57.629520832881369 ], [ -76.838133765875511, 57.643931602401302 ], [ -76.82007328577626, 57.643635811764412 ], [ -76.808773355225071, 57.647203078857054 ], [ -76.796292978295, 57.646257896063773 ], [ -76.76038703418962, 57.653932369970036 ], [ -76.739367944179207, 57.659838366719768 ], [ -76.712847012457019, 57.672580589568604 ], [ -76.759189129208195, 57.655152932558444 ], [ -76.80637201933915, 57.649124123291045 ], [ -76.822056432008182, 57.644424824093008 ], [ -76.853801294872781, 57.651510463290144 ], [ -76.859763491642454, 57.660928591944625 ], [ -76.840874060321994, 57.666281181864235 ], [ -76.86466173830398, 57.674710678998053 ], [ -76.858129123890706, 57.679775251616682 ], [ -76.873160591325728, 57.686345923355084 ], [ -76.872344311290192, 57.694911302542749 ], [ -76.884850976893148, 57.693413905640384 ], [ -76.885103976947363, 57.701190754978441 ], [ -76.892687937771598, 57.701481897633514 ], [ -76.895878274445451, 57.706330732502217 ], [ -76.889897157738645, 57.709762437417687 ], [ -76.891627173550631, 57.715253133385474 ], [ -76.901339547673189, 57.719896413870444 ], [ -76.899078777053049, 57.722895240200522 ], [ -76.910518149754267, 57.731249528886345 ], [ -76.908929798053975, 57.736170074797236 ], [ -76.921176645063994, 57.744735861449357 ], [ -76.917187386867042, 57.748093658169125 ], [ -76.927715534688843, 57.757727083134178 ], [ -76.925438856904663, 57.764221608976946 ], [ -76.937035589051192, 57.769498487332193 ], [ -76.949697522699537, 57.76670773559524 ], [ -76.946768657467558, 57.770706014647125 ], [ -76.979891855484652, 57.799240229929389 ], [ -76.978153637509536, 57.8034542154479 ], [ -76.984564094866755, 57.808017068031099 ], [ -76.980710108149523, 57.808948853226319 ], [ -76.994858268464156, 57.814288533615617 ], [ -76.98659046108105, 57.819153247126863 ], [ -76.993410394816237, 57.822217816169356 ], [ -76.993026821361056, 57.826859932729796 ], [ -76.999287606182719, 57.824353505508775 ], [ -76.9916962800569, 57.832352492980064 ], [ -77.004516680350093, 57.832698586270382 ], [ -76.997197412801867, 57.842274885452973 ], [ -77.011504462106458, 57.846253655988988 ], [ -77.008165098089421, 57.851041493414023 ], [ -77.015400343659209, 57.854457739903417 ], [ -77.035174840619277, 57.855435913786316 ], [ -77.050843399956463, 57.867771276766732 ], [ -77.049412599304588, 57.874335251456223 ], [ -77.040731839364824, 57.878275656217966 ], [ -77.04608676969049, 57.881693489697014 ], [ -77.055429985815024, 57.877831853628599 ], [ -77.047310565055454, 57.886902856383138 ], [ -77.048678728863479, 57.893754098567662 ], [ -77.074912914297798, 57.897218500286144 ], [ -77.076667176293256, 57.900424331092417 ], [ -77.072248888011373, 57.901359048338776 ], [ -77.082169094476555, 57.9030566047592 ], [ -77.078571211825519, 57.908847841941686 ], [ -77.089866412884106, 57.917611317883846 ], [ -77.082527781123758, 57.923544984974455 ], [ -77.092813799832655, 57.920096488385411 ], [ -77.093374413803431, 57.925666804148477 ], [ -77.088167583320342, 57.927028332975858 ], [ -77.093680595025248, 57.932085855116256 ], [ -77.09373942230728, 57.942084924825522 ], [ -77.112510692598846, 57.947263957468266 ], [ -77.116449487139178, 57.955895718133519 ], [ -77.12338327949594, 57.94995790290686 ], [ -77.11679035900886, 57.945045368629792 ], [ -77.123201803437269, 57.943455937378474 ], [ -77.150744017975171, 57.955895041931932 ], [ -77.131517762478268, 57.967144484832168 ], [ -77.143750708625006, 57.971539028183976 ], [ -77.161280226619382, 57.967792028970237 ], [ -77.174755441728436, 57.977831974785218 ], [ -77.155578809208464, 57.977871031211109 ], [ -77.173748658828941, 57.986897001098654 ], [ -77.164510946163645, 57.98884256249314 ], [ -77.154145369191639, 57.982729169839644 ], [ -77.150432318047706, 57.988227858179258 ], [ -77.201340485303461, 58.000681479269907 ], [ -77.187546143700942, 58.003983336210368 ], [ -77.19828692169115, 58.007185489899342 ], [ -77.18786314193899, 58.018326800392174 ], [ -77.189899131775732, 58.020888399243887 ], [ -77.217403478807725, 58.021786740868016 ], [ -77.23045861892804, 58.027758222954702 ], [ -77.226449288270061, 58.030829407536451 ], [ -77.237714992334944, 58.030317331951942 ], [ -77.235207145988426, 58.039526127015847 ], [ -77.251595286783086, 58.040144750268126 ], [ -77.256341891526517, 58.046907297952835 ], [ -77.25259334599987, 58.049273851822484 ], [ -77.263226389794639, 58.053676624935797 ], [ -77.271536892855053, 58.05109365029864 ], [ -77.269013595166058, 58.055667124488863 ], [ -77.292519751491568, 58.056405089386153 ], [ -77.286514863636185, 58.060843920864215 ], [ -77.287475772470387, 58.065265305598345 ], [ -77.335980823937561, 58.082355142670991 ], [ -77.330754397840352, 58.083367372203639 ], [ -77.333073555633106, 58.087709693309016 ], [ -77.341130057620418, 58.086124243683784 ], [ -77.339398889408344, 58.089480597304856 ], [ -77.352204756927293, 58.092515384683566 ], [ -77.367900694113771, 58.089196542395094 ], [ -77.373442535178285, 58.092678527953531 ], [ -77.368764706551232, 58.095829598045555 ], [ -77.378733515241294, 58.097728445838399 ], [ -77.377570812880336, 58.102440490434908 ], [ -77.394750285190881, 58.09818313202512 ], [ -77.397092337069154, 58.103745986501565 ], [ -77.388555880255794, 58.111121534420555 ], [ -77.400689155922308, 58.114577520870995 ], [ -77.399386723010153, 58.118438792466577 ], [ -77.417832813217444, 58.132799292253495 ], [ -77.427641859880481, 58.131408803931983 ], [ -77.423231045800691, 58.134493869465196 ], [ -77.437295898882425, 58.139940467465806 ], [ -77.450739430457375, 58.138757243176791 ], [ -77.454727575202568, 58.146093535181812 ], [ -77.471934605178603, 58.143038467453628 ], [ -77.510784808825065, 58.159028527195076 ], [ -77.527909023287862, 58.159813429930225 ], [ -77.485233097820441, 58.162682995649121 ], [ -77.468213299472254, 58.158745394721663 ], [ -77.464229574454592, 58.163333166892933 ], [ -77.44673111042448, 58.16402948700582 ], [ -77.46229749012565, 58.171538296773122 ], [ -77.470644502926831, 58.170514273789074 ], [ -77.472626266041061, 58.177502563726499 ], [ -77.510837049351565, 58.193774943303254 ], [ -77.506728916500521, 58.209131228510095 ], [ -77.497574349713119, 58.211377366136411 ], [ -77.508292112362398, 58.215120858273032 ], [ -77.516532369675275, 58.225930097009545 ], [ -77.579111246504539, 58.223827552427665 ], [ -77.605127623680801, 58.229984785153206 ], [ -77.605182281619008, 58.233982371509001 ], [ -77.590033439206394, 58.231837433752368 ], [ -77.577601725747328, 58.239879675747218 ], [ -77.630049849808287, 58.243788423321355 ], [ -77.629008460461861, 58.254350342327157 ], [ -77.643458459448567, 58.25450139631657 ], [ -77.63959532626356, 58.257798255578344 ], [ -77.645313869597302, 58.260411695503748 ], [ -77.646178933533761, 58.255550330687917 ], [ -77.651318133658478, 58.255884071584781 ], [ -77.650644550002113, 58.263527160069231 ], [ -77.673266402025419, 58.266623209728273 ], [ -77.678418427141281, 58.275231787441115 ], [ -77.695387601587186, 58.272502598987572 ], [ -77.703592369103134, 58.27788268064571 ], [ -77.719377321948045, 58.275732477635088 ], [ -77.740451229375097, 58.282893557530983 ], [ -77.749597365986162, 58.280270781109664 ], [ -77.769317556056649, 58.28636900205948 ], [ -77.76386404851975, 58.290611775474282 ], [ -77.772340174697675, 58.295343714614589 ], [ -77.790801384770347, 58.298302866487511 ], [ -77.787624158315666, 58.301526417047754 ], [ -77.804653194274152, 58.30078545068946 ], [ -77.81451727795212, 58.313428279592721 ], [ -77.828472503289007, 58.307917076445811 ], [ -77.828740341063281, 58.314048960126037 ], [ -77.840726619807924, 58.311473630898369 ], [ -77.8508866278911, 58.317834629612051 ], [ -77.881052387782901, 58.323134581412241 ], [ -77.866457919960922, 58.33022053505978 ], [ -77.87844095907279, 58.327569896132125 ], [ -77.878538183825626, 58.331494895097094 ], [ -77.889643716003164, 58.331702761593853 ], [ -77.901308702657275, 58.327062085655463 ], [ -77.910501901910607, 58.332281177254089 ], [ -77.910628789062699, 58.33776922666646 ], [ -77.963878030654939, 58.339601824828584 ], [ -77.964413988476451, 58.343957071047136 ], [ -77.977279157876126, 58.344503006194302 ], [ -78.035557000235414, 58.366522642505956 ], [ -78.033805830392097, 58.371694505997397 ], [ -78.03788263803871, 58.374278314043089 ], [ -78.058403807436065, 58.375389720580955 ], [ -78.070137453836963, 58.381392471704125 ], [ -78.062679668744735, 58.386919188649436 ], [ -78.069936554967484, 58.394122166045129 ], [ -78.052325847036514, 58.389179514768927 ], [ -78.020793573329016, 58.393284165447689 ], [ -78.053199140516952, 58.410696164793528 ], [ -78.044822235628246, 58.420541438773135 ], [ -78.052566687028872, 58.425024591646284 ], [ -78.077515915849375, 58.431356769354124 ], [ -78.104176960108703, 58.427810389024849 ], [ -78.091036706974904, 58.43278784292972 ], [ -78.099633067751455, 58.437224446709152 ], [ -78.088953151063876, 58.440585868327652 ], [ -78.098312037403304, 58.457358941848028 ], [ -78.080480137828999, 58.462374546590944 ], [ -78.096854598537064, 58.461619549825599 ], [ -78.109337992885671, 58.44631893783712 ], [ -78.133728081574546, 58.450661926282351 ], [ -78.131764873609413, 58.452973612350085 ], [ -78.146164641246614, 58.458740504739751 ], [ -78.148256498066274, 58.453026753605307 ], [ -78.141017889067541, 58.451382699622485 ], [ -78.149815625809666, 58.448379486770335 ], [ -78.145863460465918, 58.447015458077921 ], [ -78.177535241497068, 58.449864693948051 ], [ -78.181023751865069, 58.45296985835531 ], [ -78.161060593616227, 58.458163680096035 ], [ -78.170159478796606, 58.458239092711374 ], [ -78.168512582431703, 58.461446779307188 ], [ -78.184112155172471, 58.469231106500835 ], [ -78.200495162643492, 58.470488519788852 ], [ -78.196331781902245, 58.473443894467202 ], [ -78.204629274912463, 58.474802271021957 ], [ -78.194930273743836, 58.477897385575382 ], [ -78.205216265027417, 58.479074534307912 ], [ -78.202271893601576, 58.482874406344244 ], [ -78.216040789147939, 58.483210002888043 ], [ -78.213860001072149, 58.490378543146996 ], [ -78.241434877042636, 58.494155697877034 ], [ -78.236376066509237, 58.498683618467979 ], [ -78.223872625314073, 58.498548425834414 ], [ -78.23088452021905, 58.507596216720103 ], [ -78.255654915133746, 58.507679186287184 ], [ -78.240722262871799, 58.513730019783495 ], [ -78.239128604817893, 58.517182329992004 ], [ -78.246972128836433, 58.520100581973381 ], [ -78.243598879906557, 58.525437765455564 ], [ -78.232920136443141, 58.535380172280583 ], [ -78.219875049715, 58.538881445724499 ], [ -78.214683139857954, 58.545616310349764 ], [ -78.219450472802663, 58.550095886077713 ], [ -78.21233546365599, 58.552880054207058 ], [ -78.211082828875661, 58.557822185733563 ], [ -78.227330729070133, 58.543922141210238 ], [ -78.230512403688707, 58.549777841631681 ], [ -78.245201545167433, 58.548143907574527 ], [ -78.251580933796731, 58.55272869725983 ], [ -78.246106617771531, 58.556322605826466 ], [ -78.251953152841025, 58.558730310166432 ], [ -78.244878983414466, 58.566477429334725 ], [ -78.264934775135316, 58.56932332032541 ], [ -78.264845678413266, 58.562087743694605 ], [ -78.287451088389616, 58.567976704279609 ], [ -78.264075935442378, 58.550353700292426 ], [ -78.244457604519269, 58.546016244685482 ], [ -78.231468079115032, 58.546599441966933 ], [ -78.229972284714592, 58.541813525110321 ], [ -78.22395127677548, 58.54166549530558 ], [ -78.246594402758603, 58.534119674304961 ], [ -78.24083508219806, 58.529565875692526 ], [ -78.251071310511463, 58.525004958607084 ], [ -78.289237644429647, 58.531298208065785 ], [ -78.298043971536757, 58.523809970301009 ], [ -78.269967070269502, 58.521481463224575 ], [ -78.260215773792879, 58.512386502164055 ], [ -78.28854441583627, 58.508459392431924 ], [ -78.309514389282825, 58.512432297811031 ], [ -78.316643697520064, 58.520039801493091 ], [ -78.305239430866166, 58.524284745499564 ], [ -78.316058203856571, 58.527926087410094 ], [ -78.312593530816599, 58.536381113092041 ], [ -78.330773314955366, 58.544074796645212 ], [ -78.321543059756948, 58.547683550943987 ], [ -78.32385735675166, 58.557229734658421 ], [ -78.333700904660773, 58.561415161570721 ], [ -78.331728857231113, 58.554563026059569 ], [ -78.344031091364542, 58.553757769442988 ], [ -78.342129308584418, 58.556620800299648 ], [ -78.350261721586662, 58.565271297488181 ], [ -78.358985037840313, 58.567957977062257 ], [ -78.351179478347547, 58.570879297412205 ], [ -78.355022945741837, 58.578982644049219 ], [ -78.371729101117168, 58.581958296569944 ], [ -78.359477631131384, 58.58584943714596 ], [ -78.373242398074325, 58.591837403206519 ], [ -78.371865403634203, 58.597802584980869 ], [ -78.377465412040408, 58.593361340018511 ], [ -78.386231116101428, 58.594447473380704 ], [ -78.374411966039787, 58.58748533790601 ], [ -78.380354629803534, 58.585108688376586 ], [ -78.377091551172612, 58.580657154518114 ], [ -78.39561727259084, 58.589974592165028 ], [ -78.360699019679245, 58.613487168952275 ], [ -78.353805786594975, 58.615825448821539 ], [ -78.357350863453391, 58.607425006462748 ], [ -78.343275078797745, 58.606398006582857 ], [ -78.333891081531547, 58.614084103219888 ], [ -78.324704163547395, 58.613506836984222 ], [ -78.324823551671273, 58.618478381268005 ], [ -78.338383321183201, 58.617969133478404 ], [ -78.337425304959154, 58.625578073315324 ], [ -78.369906812892324, 58.612417915335925 ], [ -78.377155181973947, 58.61565704114922 ], [ -78.373555990914596, 58.617488464678296 ], [ -78.372836900119609, 58.623395233376094 ], [ -78.379823575695482, 58.616592018179063 ], [ -78.391078254289894, 58.62156522929574 ], [ -78.396769102845553, 58.618005561217252 ], [ -78.391419626583811, 58.615138593933004 ], [ -78.394516999505356, 58.61332344105859 ], [ -78.41219610515698, 58.616214429824275 ], [ -78.417606271504994, 58.611516067194941 ], [ -78.427300337130092, 58.612231594420784 ], [ -78.42851764263348, 58.61699121458512 ], [ -78.421900484542221, 58.615169450110123 ], [ -78.418131041738562, 58.61677404996427 ], [ -78.443828679763612, 58.619821443836507 ], [ -78.436835516273803, 58.624525269811564 ], [ -78.443659745530127, 58.624490413064372 ], [ -78.441045990224453, 58.627017194645127 ], [ -78.446866362789905, 58.622568385174844 ], [ -78.454153688676357, 58.627052766626655 ], [ -78.454806586052285, 58.634415582273377 ], [ -78.441359329261601, 58.633331086139989 ], [ -78.438074943470127, 58.634415804048743 ], [ -78.459901170152818, 58.637580269738542 ], [ -78.456092902670491, 58.628340091992193 ], [ -78.460846667078059, 58.626933502852744 ], [ -78.466106844283615, 58.631134517323247 ], [ -78.461958503399813, 58.63392796680926 ], [ -78.475726118285891, 58.6365530616794 ], [ -78.470719104659594, 58.631683571179586 ], [ -78.477528764524322, 58.631152428836138 ], [ -78.468532617319894, 58.623805456423447 ], [ -78.449373443332746, 58.619131864983487 ], [ -78.447628047155547, 58.615197625496087 ], [ -78.454931032041145, 58.609502013164551 ], [ -78.428781648004573, 58.598396862987244 ], [ -78.428471381357227, 58.594886365331398 ], [ -78.434861727124655, 58.596936943345447 ], [ -78.433571308312608, 58.590118273790608 ], [ -78.449085612045621, 58.592601638894102 ], [ -78.443763277043388, 58.587706708829366 ], [ -78.448148691118732, 58.582546462612875 ], [ -78.438730904408814, 58.585926244587256 ], [ -78.434133692537813, 58.581970818111799 ], [ -78.450571427026134, 58.578335529197062 ], [ -78.448284883903966, 58.576187587715189 ], [ -78.440110560516118, 58.574344676082085 ], [ -78.430375343948128, 58.564005844598931 ], [ -78.396215005554282, 58.570587071591298 ], [ -78.389601913484015, 58.567694293190321 ], [ -78.391177899229319, 58.562694437992668 ], [ -78.385473550495902, 58.563782506157111 ], [ -78.388991361718709, 58.561805361311997 ], [ -78.375883423165547, 58.555661645741139 ], [ -78.375016165037323, 58.546343855690274 ], [ -78.348468491279576, 58.53326331833518 ], [ -78.365249960532907, 58.531047964911124 ], [ -78.381379668358534, 58.53938418689043 ], [ -78.384129004110179, 58.53339296940775 ], [ -78.396495894414301, 58.540167883313757 ], [ -78.427392448090458, 58.541374792530256 ], [ -78.428047429221479, 58.546976836362923 ], [ -78.441487943441487, 58.548638094484183 ], [ -78.448944270687292, 58.558382792459447 ], [ -78.46150124941019, 58.563771187617036 ], [ -78.460294520001966, 58.567611013238619 ], [ -78.483285583591368, 58.576518624735932 ], [ -78.462953223762824, 58.579353391331445 ], [ -78.474880233172769, 58.593614285632242 ], [ -78.483557327424819, 58.589264947070447 ], [ -78.479029014826338, 58.604361138356204 ], [ -78.496810081748478, 58.622705827099978 ], [ -78.49625591513265, 58.630449186492278 ], [ -78.505397965263896, 58.6315073933525 ], [ -78.49960139007932, 58.627755853065182 ], [ -78.509191799324597, 58.62371900972618 ], [ -78.507771519749951, 58.629873226354576 ], [ -78.542719821636737, 58.642010569493813 ], [ -78.5837797602085, 58.643147838667225 ], [ -78.587110785975412, 58.648322702347031 ], [ -78.581258800846697, 58.650189449750229 ], [ -78.580552001052581, 58.658406253074695 ], [ -78.575882651931394, 58.661588824367954 ], [ -78.567991624581609, 58.656785778148411 ], [ -78.567612079953562, 58.665952125020759 ], [ -78.578086331436353, 58.672582792783501 ], [ -78.59409110607227, 58.668615239362182 ], [ -78.598516654811903, 58.674987206197002 ], [ -78.589303811822106, 58.67875029890611 ], [ -78.568775535849298, 58.675003843567794 ], [ -78.550998857751907, 58.663318918947901 ], [ -78.549878255110727, 58.667493518972975 ], [ -78.542948638974707, 58.666705502966913 ], [ -78.542287879021146, 58.658938902036695 ], [ -78.53665450236484, 58.655443841156803 ], [ -78.512883256605349, 58.655139241113922 ], [ -78.496794341979154, 58.64747740586369 ], [ -78.502504484051457, 58.651514883894883 ], [ -78.502517340594466, 58.659053581868633 ], [ -78.486216224593207, 58.656984004380959 ], [ -78.503019224954485, 58.66071656266233 ], [ -78.501769535767664, 58.668545218295243 ], [ -78.525436026660543, 58.676298279949734 ], [ -78.525863539176456, 58.6709964053967 ], [ -78.536994724320294, 58.666025632789761 ], [ -78.543715110176791, 58.673952982737418 ], [ -78.532766971484961, 58.672162201009542 ], [ -78.54413587631052, 58.686854325995064 ], [ -78.534026614288322, 58.690228047157703 ], [ -78.545152522181851, 58.688347226372017 ], [ -78.556222169488805, 58.692672909289875 ], [ -78.524890020164889, 58.695677290497976 ], [ -78.513597155645812, 58.693312288216028 ], [ -78.510253369886826, 58.6872007805271 ], [ -78.492549120993232, 58.685257781427694 ], [ -78.492607560614189, 58.691889870608428 ], [ -78.498991104511006, 58.690720203722606 ], [ -78.494399516734916, 58.692652564508805 ], [ -78.508939376573139, 58.703671757349774 ], [ -78.504422561055051, 58.70743885915919 ], [ -78.499909244632434, 58.706327040646848 ], [ -78.50141980905326, 58.701872825003569 ], [ -78.498136649704946, 58.704801086909448 ], [ -78.503738825829629, 58.716024235326699 ], [ -78.491283970171125, 58.71629436238301 ], [ -78.512552373872438, 58.723212005628348 ], [ -78.505706604026344, 58.727383399603411 ], [ -78.502120488442557, 58.724627402896601 ], [ -78.501939114821667, 58.729808223880823 ], [ -78.520394859031526, 58.72807128551743 ], [ -78.512466460213631, 58.735304044658029 ], [ -78.525086673956181, 58.743256118920058 ], [ -78.529259245955146, 58.738529283174437 ], [ -78.541290458001512, 58.743386608441078 ], [ -78.539471212447395, 58.755921659788932 ], [ -78.562652254735852, 58.757242598644147 ], [ -78.560392528311937, 58.762590692286501 ], [ -78.56610044387223, 58.768511698048741 ], [ -78.555330430901876, 58.770886549328253 ], [ -78.558566899741678, 58.774065583143631 ], [ -78.57208894330914, 58.769945367856451 ], [ -78.587075098571944, 58.774341707207476 ], [ -78.573811064766488, 58.773526744114321 ], [ -78.579518616790978, 58.782492910465749 ], [ -78.558073870756289, 58.793157766891575 ], [ -78.543459880063864, 58.789798487861795 ], [ -78.544714221930263, 58.781107151854577 ], [ -78.536624775130747, 58.777323022101747 ], [ -78.561240983371803, 58.780585190298723 ], [ -78.555254599715809, 58.772457436872863 ], [ -78.523106903433032, 58.776668716302453 ], [ -78.510725576396283, 58.770536174431442 ], [ -78.503743297800938, 58.772135268753843 ], [ -78.506236890508418, 58.779820693982245 ], [ -78.521322415701334, 58.783498838614243 ], [ -78.51254040345114, 58.783617254093159 ], [ -78.520953899621517, 58.792548473343132 ], [ -78.516159664505622, 58.795448169393111 ], [ -78.531836645668989, 58.796027663303924 ], [ -78.508514469127363, 58.798741933859816 ], [ -78.525188808457472, 58.801866191254952 ], [ -78.522891512653558, 58.808102480585028 ], [ -78.509647037564392, 58.811198824496017 ], [ -78.526639223818719, 58.816997429643905 ], [ -78.519559658479267, 58.82298916043414 ], [ -78.515926273940309, 58.820502370952269 ], [ -78.518575810653559, 58.818091513022132 ], [ -78.513267502503936, 58.819408918708199 ], [ -78.515543978555726, 58.826811320354487 ], [ -78.52243620893762, 58.827348148209346 ], [ -78.515495822968163, 58.834986579697691 ], [ -78.524825893528416, 58.833683353489533 ], [ -78.52136085063097, 58.837067007752424 ], [ -78.524852746965806, 58.839380199153744 ], [ -78.528037123009483, 58.833367520231469 ], [ -78.524520553502214, 58.830919169691832 ], [ -78.530420331221947, 58.828857863553971 ], [ -78.527436489733205, 58.822098115504673 ], [ -78.537043527247491, 58.821230595289038 ], [ -78.541680279826451, 58.824005466994741 ], [ -78.531900683482789, 58.828751411840777 ], [ -78.541000437832253, 58.827487569278809 ], [ -78.537899292214291, 58.838228069992809 ], [ -78.558826791864618, 58.84451948919839 ], [ -78.559731518307572, 58.85752838974858 ], [ -78.553684181983144, 58.861636734195677 ], [ -78.564931624224215, 58.864966965722537 ], [ -78.57081147425879, 58.875113472216754 ], [ -78.569338048686305, 58.883252748553481 ], [ -78.558256178916977, 58.88732942022822 ], [ -78.556125146510055, 58.896372581918541 ], [ -78.573939143457366, 58.894614833918084 ], [ -78.581344131994854, 58.898203712162811 ], [ -78.577030051942558, 58.919398256008648 ], [ -78.568596608725457, 58.922474334795147 ], [ -78.571889245493296, 58.919131082967169 ], [ -78.565028311147785, 58.916153950265929 ], [ -78.550531275691441, 58.916535945101913 ], [ -78.546858575639405, 58.926924369144579 ], [ -78.552905307867647, 58.931836715199815 ], [ -78.542524516144809, 58.938270482624631 ], [ -78.540600654755963, 58.935017409706738 ], [ -78.54325799854999, 58.941644643678174 ], [ -78.537500581806128, 58.947788428600724 ], [ -78.534401030047775, 58.945905530634484 ], [ -78.538296510096373, 58.942475723275209 ], [ -78.531891131172841, 58.939667237688553 ], [ -78.534516225825769, 58.937471155467215 ], [ -78.50627092481912, 58.931206300643822 ], [ -78.514252549775733, 58.927757143547502 ], [ -78.507584296719585, 58.922633250299569 ], [ -78.506084148742033, 58.911876548266662 ], [ -78.51844157105532, 58.903048820864718 ], [ -78.512945005949206, 58.897381608324757 ], [ -78.519084812544278, 58.889233680150276 ], [ -78.527854524420064, 58.885044213889778 ], [ -78.521784542448586, 58.884254067518341 ], [ -78.52235527850371, 58.880401573819022 ], [ -78.531982213010338, 58.873640674933952 ], [ -78.535902425714596, 58.863895244573953 ], [ -78.547026688976601, 58.862337052008094 ], [ -78.535993985714569, 58.860168340508118 ], [ -78.522953996711109, 58.868876659679046 ], [ -78.519693054305904, 58.863782623660001 ], [ -78.506731852916715, 58.863604918075829 ], [ -78.521463362045338, 58.87346620854516 ], [ -78.512412528757139, 58.893678645282719 ], [ -78.492690817798675, 58.897762900663793 ], [ -78.479434847400952, 58.893830206150163 ], [ -78.484894056438094, 58.891807178574439 ], [ -78.478569058292265, 58.889033388339755 ], [ -78.486984408510523, 58.865162876328547 ], [ -78.508015417856726, 58.857573941737293 ], [ -78.516446137751331, 58.844951035043913 ], [ -78.512589521114222, 58.842405965290254 ], [ -78.514589848170729, 58.836020358503703 ], [ -78.508276877185409, 58.850076688435145 ], [ -78.509165195172685, 58.84446933982418 ], [ -78.491689475780916, 58.859351307487039 ], [ -78.481975510726443, 58.862720271563653 ], [ -78.473559835854985, 58.85943813799112 ], [ -78.471809549124146, 58.866789459525819 ], [ -78.477055505251684, 58.866927995937651 ], [ -78.477930758608878, 58.878257040114725 ], [ -78.469609208982789, 58.87839079861822 ], [ -78.477878520098784, 58.885407985234067 ], [ -78.468848632794803, 58.895680808983009 ], [ -78.455370739285925, 58.898354146743522 ], [ -78.468832003904666, 58.896857486294614 ], [ -78.464478303033232, 58.901066924706562 ], [ -78.473512813357416, 58.902897068232114 ], [ -78.484468018478012, 58.899579756466615 ], [ -78.472296285927456, 58.908614623461681 ], [ -78.458742602162431, 58.908708237142328 ], [ -78.467326259196881, 58.910314288268268 ], [ -78.469468041142818, 58.916412022260126 ], [ -78.454487291696836, 58.913431427423752 ], [ -78.451428734224834, 58.910621764691918 ], [ -78.455663243032873, 58.909016031884526 ], [ -78.435996373305002, 58.901133889126136 ], [ -78.451204474694507, 58.898343931173628 ], [ -78.436616164330175, 58.89956483316152 ], [ -78.424282758489014, 58.907801448553684 ], [ -78.408898255091529, 58.910773473466712 ], [ -78.384187105810639, 58.90634022015248 ], [ -78.395465462614922, 58.902785259468779 ], [ -78.396660039354359, 58.898217948588496 ], [ -78.365650122690155, 58.904597918558679 ], [ -78.370324885862615, 58.895645045260849 ], [ -78.351722119252628, 58.903693269902604 ], [ -78.356920265092896, 58.899980969209309 ], [ -78.352086670022956, 58.893484494945731 ], [ -78.349377142244336, 58.909593445837388 ], [ -78.360885230117702, 58.903772918660565 ], [ -78.367820319085098, 58.906888457559248 ], [ -78.352942707278089, 58.922236867670875 ], [ -78.292692361390024, 58.932786949048904 ], [ -78.333201736204742, 58.929252983376614 ], [ -78.341682062273648, 58.933327233004384 ], [ -78.330599477535074, 58.944267628608934 ], [ -78.35062847429441, 58.945856551721583 ], [ -78.338811980831437, 58.955470756617657 ], [ -78.3398542361751, 58.960227415014018 ], [ -78.330592819598849, 58.960099525348916 ], [ -78.332091005020018, 58.963221367996105 ], [ -78.318423686365534, 58.973442610555374 ], [ -78.310029063862103, 58.973088657038531 ], [ -78.304561889989458, 58.979588099012915 ], [ -78.304957486682056, 58.975193527496252 ], [ -78.283766198357043, 58.978227772772613 ], [ -78.281925737343187, 58.987668728260445 ], [ -78.295084616534311, 58.98858236548633 ], [ -78.286533068664284, 58.996813697023548 ], [ -78.291476359879056, 58.999055720207203 ], [ -78.286434296993676, 59.004260481852931 ], [ -78.29455324902321, 59.003118538956883 ], [ -78.291399980477109, 59.009998299394923 ], [ -78.299854395244566, 59.021703041421567 ], [ -78.297141445405131, 59.02429710817308 ], [ -78.313182910733786, 59.035799548768153 ], [ -78.313721104694608, 59.040294346423941 ], [ -78.308072139080366, 59.041408065650671 ], [ -78.31810354236832, 59.044464421695338 ], [ -78.317550954199547, 59.049538641350743 ], [ -78.29498977447534, 59.055449158336891 ], [ -78.29792394771529, 59.062060634448898 ], [ -78.286348479359177, 59.064379600724749 ], [ -78.286782905534722, 59.059096344795542 ], [ -78.277653406211201, 59.059390107990069 ], [ -78.283166052608493, 59.052766785689435 ], [ -78.274964362932025, 59.045774668614641 ], [ -78.267216589359009, 59.045620475006935 ], [ -78.270772505282167, 59.049595100045714 ], [ -78.267475944269393, 59.050478051468851 ], [ -78.251016219081052, 59.045187910429966 ], [ -78.222194993310737, 59.047087919218278 ], [ -78.224362475913836, 59.05955359004146 ], [ -78.235832437982424, 59.070949733582495 ], [ -78.224224552529009, 59.078761692692893 ], [ -78.240707798532341, 59.07847559012172 ], [ -78.233426696172685, 59.081105918415282 ], [ -78.240787713131908, 59.082044537421716 ], [ -78.237220615607953, 59.089714016594314 ], [ -78.243617105362588, 59.090946374435163 ], [ -78.246058286690527, 59.100567716888101 ], [ -78.250766121415651, 59.100667591301935 ], [ -78.247678633268208, 59.105409298865133 ], [ -78.219864803187562, 59.101141045884063 ], [ -78.22965024295388, 59.098493053002336 ], [ -78.224471576537908, 59.089747261855095 ], [ -78.230228538831696, 59.086779369299308 ], [ -78.208339242872043, 59.068033270235283 ], [ -78.204108808186461, 59.077134343709851 ], [ -78.21399514028964, 59.079845161230203 ], [ -78.197884424246382, 59.083469580871601 ], [ -78.199916439749046, 59.088096131881159 ], [ -78.191263325297726, 59.085446927742112 ], [ -78.193813048442806, 59.088215798128246 ], [ -78.179467187745971, 59.091112394852274 ], [ -78.122865736864256, 59.093903468613412 ], [ -78.097234997283309, 59.08680842185872 ], [ -78.092693828103179, 59.088270238914568 ], [ -78.086398231140976, 59.084884947106872 ], [ -78.073506850868469, 59.084549661430493 ], [ -78.13182605503323, 59.098693715101412 ], [ -78.118675740038483, 59.099714142513193 ], [ -78.111308506795936, 59.105480951276277 ], [ -78.119280403545048, 59.109782778777543 ], [ -78.099826801285175, 59.114417318820514 ], [ -78.129778233104048, 59.114409569192276 ], [ -78.121268402056813, 59.11211831341317 ], [ -78.120564351794513, 59.104060318690699 ], [ -78.137726084739541, 59.102714935059076 ], [ -78.151383187350859, 59.106538043050094 ], [ -78.140611462310616, 59.108547459946962 ], [ -78.148303368880121, 59.112275168959961 ], [ -78.168583032688232, 59.114255953240026 ], [ -78.169678781911642, 59.11982402366889 ], [ -78.160044505154204, 59.123890658247824 ], [ -78.166394093567845, 59.12890870931426 ], [ -78.162946518841935, 59.130010508548267 ], [ -78.173751974000496, 59.136563201854052 ], [ -78.188734670262463, 59.136160788258564 ], [ -78.191239967628718, 59.142927263867286 ], [ -78.184361050183938, 59.146192743346404 ], [ -78.194149460957703, 59.149468755216368 ], [ -78.186295276039729, 59.152030367046251 ], [ -78.177890057823873, 59.148100920203468 ], [ -78.162748280343479, 59.155004308741063 ], [ -78.153948206727321, 59.151639732252491 ], [ -78.166837822239756, 59.150825435328322 ], [ -78.16010817008052, 59.14781197081296 ], [ -78.133356332835703, 59.149371520196055 ], [ -78.138404183234826, 59.151971930889047 ], [ -78.119483006663643, 59.149190198796106 ], [ -78.12678464822153, 59.161195296607218 ], [ -78.147904845946769, 59.161822683418841 ], [ -78.135073511619964, 59.166275686779258 ], [ -78.137834660973624, 59.172392952913214 ], [ -78.149289106170315, 59.175879746206903 ], [ -78.130111892318439, 59.182663961384954 ], [ -78.120103073166902, 59.175101051707017 ], [ -78.114587674550847, 59.176569112339266 ], [ -78.117719510245763, 59.180538487218406 ], [ -78.114146164591745, 59.182427039095977 ], [ -78.096102282384862, 59.183983785537464 ], [ -78.112292997443092, 59.187579643258843 ], [ -78.119802394361074, 59.18116877071067 ], [ -78.118755604780986, 59.176967151391359 ], [ -78.125341228102329, 59.179844774568217 ], [ -78.12347540798001, 59.183712264759315 ], [ -78.132949701778685, 59.185781775693094 ], [ -78.129122945928913, 59.18881531608298 ], [ -78.137871262883948, 59.195603868286085 ], [ -78.155078844775787, 59.194040904853942 ], [ -78.149765899849427, 59.199576444789486 ], [ -78.126463025120174, 59.195253215992111 ], [ -78.130546899748566, 59.197724686520374 ], [ -78.123247478644984, 59.200995822631398 ], [ -78.128005804133693, 59.20295214300171 ], [ -78.12392693264448, 59.207911926529945 ], [ -78.129236805227961, 59.20894588999699 ], [ -78.130032543904449, 59.214076330257555 ], [ -78.114045380439336, 59.214126661470644 ], [ -78.117201573833029, 59.205174996148756 ], [ -78.10409944227743, 59.203275201566143 ], [ -78.098863095625447, 59.205315004401434 ], [ -78.103771865482173, 59.207347457381488 ], [ -78.083423752978945, 59.212131125883538 ], [ -78.093847895487798, 59.220200315852153 ], [ -78.06076534062062, 59.221289547452457 ], [ -78.064367621321452, 59.228326078550744 ], [ -78.054941145433972, 59.229676440011694 ], [ -78.050138935448786, 59.226000090380246 ], [ -78.055487222385594, 59.221107169860929 ], [ -78.017996839895503, 59.216433347841935 ], [ -78.046605282274257, 59.222666929383522 ], [ -78.042619226341969, 59.224768895728083 ], [ -78.0457319642355, 59.228101596649402 ], [ -78.02415880115332, 59.227384873464004 ], [ -78.006422862992167, 59.222502522524387 ], [ -78.003002065349023, 59.217535190064645 ], [ -78.010327584818242, 59.214343084529034 ], [ -78.00401747955172, 59.210953763278617 ], [ -77.999355969675406, 59.214048069685653 ], [ -77.973182535515832, 59.211144922489922 ], [ -77.966406765216291, 59.203544776309847 ], [ -77.978431185088894, 59.197976840496302 ], [ -77.944870227026442, 59.182549107048295 ], [ -77.943961943423659, 59.176063812078368 ], [ -77.919389273042526, 59.164640233380766 ], [ -77.875650703515817, 59.163315924917995 ], [ -77.854884496478292, 59.168204143640843 ], [ -77.918848127551385, 59.166503513729587 ], [ -77.930470867256432, 59.174499841928373 ], [ -77.926493755613194, 59.177734607238499 ], [ -77.956982907284342, 59.194252322131135 ], [ -77.969089479392707, 59.196105902318514 ], [ -77.958949021634268, 59.206446590437317 ], [ -77.965143111719556, 59.221896221413601 ], [ -77.955588762443483, 59.22452209082482 ], [ -77.935627676548933, 59.218073211443425 ], [ -77.938040591468834, 59.211279209715116 ], [ -77.948556066213598, 59.208650755617121 ], [ -77.952414734736024, 59.206056061671383 ], [ -77.937325605577854, 59.210504611181904 ], [ -77.934231408737745, 59.207734937908604 ], [ -77.933882849754795, 59.212451458736631 ], [ -77.927069880693679, 59.212703951267244 ], [ -77.935595498633091, 59.21586339346306 ], [ -77.929322759461002, 59.215474752739176 ], [ -77.931668597676676, 59.224021409142075 ], [ -77.924734710003804, 59.225345772492929 ], [ -77.92466439032961, 59.231484739118052 ], [ -77.944015289879033, 59.233231555086824 ], [ -77.933507116517987, 59.226648750515849 ], [ -77.99709835357865, 59.230266320108583 ], [ -77.996196780562187, 59.234977885715288 ], [ -77.985194217337593, 59.233694361156481 ], [ -77.989031138193809, 59.239662854864847 ], [ -77.992030593825106, 59.23586460970489 ], [ -77.998350190687376, 59.239529171179271 ], [ -77.992565171631753, 59.243562444218966 ], [ -78.025005655931821, 59.245232662355185 ], [ -78.008444571323068, 59.245050420766049 ], [ -78.017306043220543, 59.250636653815199 ], [ -77.990661439230777, 59.246859214687241 ], [ -77.995882481813609, 59.25117820629297 ], [ -77.989642802441026, 59.252651727834738 ], [ -77.990599427863302, 59.261561969918816 ], [ -77.984373270105408, 59.254390266416969 ], [ -77.977902824851711, 59.258860882081457 ], [ -77.962001455834027, 59.256815729688356 ], [ -77.958763671029146, 59.253474747629475 ], [ -77.97286014216067, 59.256172589680631 ], [ -77.961192948965859, 59.248108699094814 ], [ -77.963334796581421, 59.252166519173969 ], [ -77.938456527646196, 59.253602656929061 ], [ -77.935047123260034, 59.24905187420238 ], [ -77.943648603413209, 59.247078258444716 ], [ -77.934821073098547, 59.24234450946939 ], [ -77.940889757261303, 59.238882578207921 ], [ -77.923765090737902, 59.236339374558057 ], [ -77.918509401205327, 59.238658998984981 ], [ -77.92589742765081, 59.240757412947424 ], [ -77.92202491735668, 59.242848339298995 ], [ -77.929793570002232, 59.250796792503181 ], [ -77.912985167716542, 59.2534567727743 ], [ -77.920963191132785, 59.257698871088543 ], [ -77.946838888352588, 59.256189656349719 ], [ -77.949672170146599, 59.260950897212602 ], [ -77.934806522469913, 59.261754421142172 ], [ -77.941920304675108, 59.263858182997772 ], [ -77.932893245068016, 59.26440346981596 ], [ -77.934201535565208, 59.26961275938072 ], [ -77.919334594154591, 59.271268122660409 ], [ -77.892054032379534, 59.260708129531672 ], [ -77.88207344568913, 59.263050247712201 ], [ -77.888088031297556, 59.266304477654792 ], [ -77.873875872897216, 59.265738624771707 ], [ -77.881766829696332, 59.273543363357383 ], [ -77.87049798600998, 59.274816827184353 ], [ -77.872493624068881, 59.277872833002917 ], [ -77.846175827833207, 59.278729698901387 ], [ -77.864232597666174, 59.286124031350695 ], [ -77.861907842275812, 59.291063336413394 ], [ -77.869617534641989, 59.294802352058177 ], [ -77.905277760242882, 59.294182001654399 ], [ -77.925723604835156, 59.302341456808065 ], [ -77.920899935457101, 59.307149349397584 ], [ -77.900402361988952, 59.305621764546771 ], [ -77.89850499042376, 59.310992538531139 ], [ -77.883256377944335, 59.306505804861786 ], [ -77.881772504474569, 59.31015089827978 ], [ -77.886240279333919, 59.310195699472708 ], [ -77.873832247064158, 59.310191596951327 ], [ -77.875569730500516, 59.304546219089289 ], [ -77.86673376752114, 59.298316365097939 ], [ -77.850417813204061, 59.297326808927941 ], [ -77.839736608035594, 59.289320543532391 ], [ -77.843778237109532, 59.288082155681231 ], [ -77.826145310100657, 59.279615517157602 ], [ -77.824946134776567, 59.286542416787384 ], [ -77.82941769999232, 59.287730209209911 ], [ -77.81857576526393, 59.289358194397863 ], [ -77.839850575425743, 59.299956917381728 ], [ -77.821846788186562, 59.297041764468602 ], [ -77.815084366978596, 59.303217382883858 ], [ -77.851809555142196, 59.310379292683521 ], [ -77.841236587400275, 59.311724635343467 ], [ -77.847562085995591, 59.316537493718464 ], [ -77.842999440366654, 59.320204406307532 ], [ -77.822032184259186, 59.315601651476065 ], [ -77.834984578786475, 59.31346930001655 ], [ -77.805226540011958, 59.3066199658522 ], [ -77.801701155020496, 59.302643483236793 ], [ -77.80444564761379, 59.298846471057026 ], [ -77.786374360825548, 59.301930119870129 ], [ -77.785278673306635, 59.305718402751175 ], [ -77.797346001883554, 59.314004763209951 ], [ -77.771817986287857, 59.31706114855384 ], [ -77.795982225944115, 59.317942672145492 ], [ -77.809285645252288, 59.323227309543377 ], [ -77.789038601601206, 59.335523039458501 ], [ -77.779945250475336, 59.332500682851894 ], [ -77.780006176607628, 59.340774806865269 ], [ -77.807072412399677, 59.341146889648087 ], [ -77.812273765338631, 59.34512306227353 ], [ -77.802953982235451, 59.347731958056791 ], [ -77.813014200422188, 59.348755134006986 ], [ -77.81583701838106, 59.352459029537599 ], [ -77.812097781340739, 59.355540883090967 ], [ -77.831077573550843, 59.355022125590352 ], [ -77.847906636027531, 59.362859192578455 ], [ -77.809375277530364, 59.363264098210429 ], [ -77.789915811041325, 59.356287192528832 ], [ -77.771107773320836, 59.361297870190256 ], [ -77.765223494770268, 59.357334586118888 ], [ -77.756313026997063, 59.360299746035828 ], [ -77.753858272977752, 59.368662884183166 ], [ -77.734935611900468, 59.357533412551263 ], [ -77.733803635714864, 59.354619044148698 ], [ -77.740483450790066, 59.353661128069383 ], [ -77.732370270287177, 59.349267045018195 ], [ -77.725841360188753, 59.354291655224053 ], [ -77.741429747079138, 59.367352444799934 ], [ -77.753352913400775, 59.374154472351321 ], [ -77.773756330117237, 59.376489411274058 ], [ -77.725708082930282, 59.374564672030175 ], [ -77.722509619919663, 59.377713332487104 ], [ -77.730354227261401, 59.381107386162782 ], [ -77.698537232080653, 59.385372674042017 ], [ -77.677543180710259, 59.377108103584 ], [ -77.649722223542923, 59.37371415470507 ], [ -77.660063688457029, 59.372676978652123 ], [ -77.660872284519058, 59.368392703530084 ], [ -77.641610075484195, 59.369467282571968 ], [ -77.6503149710027, 59.377924945228465 ], [ -77.65744257963695, 59.378327944901613 ], [ -77.649061598176672, 59.378785996332979 ], [ -77.649933446803118, 59.387699116569728 ], [ -77.658426076803082, 59.381892808874007 ], [ -77.679408234724733, 59.38802228576828 ], [ -77.672717275740951, 59.38961513994316 ], [ -77.683929975453808, 59.394641001425832 ], [ -77.696487721313147, 59.392162707363347 ], [ -77.690496195775467, 59.395467090534524 ], [ -77.702416896824445, 59.400917095892801 ], [ -77.727817843553638, 59.397315508022089 ], [ -77.729678123769816, 59.404230979726272 ], [ -77.735717338719923, 59.406350723405126 ], [ -77.741121342515513, 59.401475209804808 ], [ -77.731292985538772, 59.394304694278212 ], [ -77.740797589933877, 59.393979513285323 ], [ -77.742801401561735, 59.400460528237879 ], [ -77.751915197637004, 59.404419686386042 ], [ -77.742007328302677, 59.405895211870586 ], [ -77.745264170290497, 59.411729887188962 ], [ -77.734064854640479, 59.411210322695766 ], [ -77.722093562253974, 59.417534468283371 ], [ -77.739973620990199, 59.414967882578232 ], [ -77.756378695347394, 59.420956829793099 ], [ -77.770440987574304, 59.414396378448039 ], [ -77.791886221845147, 59.419222571470165 ], [ -77.800368175879825, 59.414548184543619 ], [ -77.851145546406983, 59.417366065992042 ], [ -77.85387889546665, 59.412139666138046 ], [ -77.879455244244298, 59.411505796027917 ], [ -77.876180187218495, 59.405315102230603 ], [ -77.885352569685111, 59.401266721708986 ], [ -77.893054206665113, 59.402722519830412 ], [ -77.887902627967392, 59.40410364851946 ], [ -77.896878671438955, 59.407265225006007 ], [ -77.894827654596497, 59.410491654523156 ], [ -77.912433915627943, 59.410252533169484 ], [ -77.923023999822405, 59.407553576254323 ], [ -77.909881465418991, 59.407622791391979 ], [ -77.89652516870369, 59.401064004453914 ], [ -77.921796686561635, 59.398424642191188 ], [ -77.935955343838927, 59.402195194624831 ], [ -77.934514087395044, 59.398777104383917 ], [ -77.914500285942722, 59.397177129939273 ], [ -77.930270223510902, 59.394730075018451 ], [ -77.929290410095533, 59.38460716430815 ], [ -77.942089111343748, 59.391238071340076 ], [ -77.940073298915806, 59.397250111138412 ], [ -77.952763497574622, 59.405589802832431 ], [ -77.952555891021106, 59.410087436083771 ], [ -77.939790643093417, 59.406592711123174 ], [ -77.936601778677513, 59.409252436951739 ], [ -77.939461157017533, 59.413159756856565 ], [ -77.924644423856634, 59.413465809219794 ], [ -77.92750182216281, 59.41858647445455 ], [ -77.937865079241931, 59.420168652075816 ], [ -77.922219743137177, 59.421328717336273 ], [ -77.927798380561072, 59.430998094645297 ], [ -77.917025073436008, 59.43042164414824 ], [ -77.917066737432208, 59.433772373741746 ], [ -77.86853992312065, 59.423121874843119 ], [ -77.843606561880918, 59.430891878371931 ], [ -77.840157797224478, 59.435405757172212 ], [ -77.855378105322501, 59.44667384669615 ], [ -77.87148107643705, 59.446796876037929 ], [ -77.876038828307742, 59.454127547950591 ], [ -77.896648040054444, 59.457364990739592 ], [ -77.87444071759117, 59.461701542253465 ], [ -77.908554507139456, 59.468359274444012 ], [ -77.886474242434872, 59.47176945186937 ], [ -77.89960459265491, 59.480329368659206 ], [ -77.88996657109935, 59.482879192578004 ], [ -77.891414857778557, 59.486800765177016 ], [ -77.903876247180534, 59.487081475242512 ], [ -77.909668797538671, 59.490340178955279 ], [ -77.884435611911059, 59.489479971110697 ], [ -77.885460280270323, 59.493824292561833 ], [ -77.899765971892279, 59.493741214193996 ], [ -77.887268723331047, 59.504234454612075 ], [ -77.890108481164134, 59.506642683244088 ], [ -77.860213802997038, 59.504308202504248 ], [ -77.856363132357245, 59.510816952619976 ], [ -77.848808034534187, 59.511790489725286 ], [ -77.859530228868636, 59.517944961251068 ], [ -77.848452295283892, 59.517423050921913 ], [ -77.846674679947782, 59.52150515662791 ], [ -77.836110031415515, 59.517421841839756 ], [ -77.832376745595951, 59.52350494145233 ], [ -77.811943267350699, 59.527027897438373 ], [ -77.797167579524782, 59.522888201977466 ], [ -77.798366672912451, 59.530311218981538 ], [ -77.775854320208069, 59.522632615610696 ], [ -77.77939463539677, 59.526969059869117 ], [ -77.750226674227832, 59.528888615567205 ], [ -77.754257206085356, 59.541211999243032 ], [ -77.769743184256882, 59.545781805464998 ], [ -77.744603312901603, 59.543472468224977 ], [ -77.759386637710151, 59.548974717737124 ], [ -77.732838003185535, 59.566639150830063 ], [ -77.735686743286962, 59.571629104708748 ], [ -77.761011139296883, 59.575724536771588 ], [ -77.74298312959975, 59.587721018537906 ], [ -77.756940839833192, 59.594157518648252 ], [ -77.733623579106691, 59.596614075405192 ], [ -77.734781365453131, 59.600174839188789 ], [ -77.725823790673161, 59.60556378430698 ], [ -77.709934595076831, 59.60505797403551 ], [ -77.72625670011989, 59.608061533802733 ], [ -77.752473142277864, 59.59760287586267 ], [ -77.765456136803749, 59.603969158155898 ], [ -77.737809553547308, 59.609725317068808 ], [ -77.75657767100266, 59.61806492947872 ], [ -77.750694277670846, 59.621153607187964 ], [ -77.753391515968133, 59.625068249964123 ], [ -77.760152707639861, 59.625752590856401 ], [ -77.754908031200827, 59.621496346978688 ], [ -77.76195187245726, 59.622174632908745 ], [ -77.761063506232958, 59.61718877819866 ], [ -77.791921398150009, 59.622321027781695 ], [ -77.784486781848287, 59.624213366451208 ], [ -77.785107919535776, 59.631495964351778 ], [ -77.792567902068171, 59.632451310087468 ], [ -77.784841323858771, 59.633631048561817 ], [ -77.787549216711099, 59.636116231032865 ], [ -77.781820209160188, 59.641287498594799 ], [ -77.796307806712079, 59.640934243984567 ], [ -77.801720876615931, 59.646470194472968 ], [ -77.793553527704361, 59.646653531838538 ], [ -77.800332825114182, 59.649833296210332 ], [ -77.791780117401302, 59.652010420604171 ], [ -77.803067961964629, 59.655165840619908 ], [ -77.80425458543705, 59.6606572642619 ], [ -77.797090638359748, 59.662481498465098 ], [ -77.81389378263475, 59.668034076815132 ], [ -77.796961153735168, 59.664550802015839 ], [ -77.806857512296119, 59.668849784676802 ], [ -77.803929650956235, 59.670583644939882 ], [ -77.819722516358368, 59.673353804091441 ], [ -77.812000408310624, 59.675747902052436 ], [ -77.826962037772617, 59.678526060739841 ], [ -77.818120783064202, 59.681142327359638 ], [ -77.780858385609434, 59.675324794490436 ], [ -77.785683322674771, 59.679517186860899 ], [ -77.7731385629763, 59.679073246887491 ], [ -77.764177638624204, 59.685677583196487 ], [ -77.783439357674197, 59.696150937355497 ], [ -77.778102781779523, 59.698249707495968 ], [ -77.799979175817171, 59.700929387475028 ], [ -77.796899683556887, 59.702801031800469 ], [ -77.810339292210429, 59.707230980428982 ], [ -77.797122360699703, 59.710792884349438 ], [ -77.787598994225789, 59.70405919091629 ], [ -77.774647346973609, 59.706328339846273 ], [ -77.767989546596269, 59.701715974428026 ], [ -77.771071092426524, 59.698991416530205 ], [ -77.762714728399445, 59.696391332846183 ], [ -77.756955987525899, 59.69877665418278 ], [ -77.762918064791705, 59.703170583594321 ], [ -77.755174150691218, 59.704348705697392 ], [ -77.744109395369776, 59.696898609170866 ], [ -77.740185236607999, 59.699343631648517 ], [ -77.749670598785769, 59.703799271518172 ], [ -77.735473279793638, 59.709567689696101 ], [ -77.726565918483502, 59.706967809693985 ], [ -77.72807385575851, 59.6961022361236 ], [ -77.694098770856272, 59.701897260544627 ], [ -77.697778857218864, 59.703663483036763 ], [ -77.665882514787754, 59.699859099143033 ], [ -77.663937139881156, 59.705576761083911 ], [ -77.658576504319825, 59.703672976240945 ], [ -77.653661187954086, 59.707833419551058 ], [ -77.626989023008818, 59.704425935519481 ], [ -77.61554300468417, 59.69358335894966 ], [ -77.598053231061698, 59.697886509828855 ], [ -77.589718102046717, 59.692260292098233 ], [ -77.571251320787965, 59.691943087387891 ], [ -77.562535652774827, 59.69785723566708 ], [ -77.554060434322039, 59.696737766122752 ], [ -77.541783168037554, 59.692349403328841 ], [ -77.548691934605557, 59.691119338069541 ], [ -77.538260335010307, 59.685724507622702 ], [ -77.53177460302426, 59.688311458276559 ], [ -77.529393918073566, 59.693029069998353 ], [ -77.534320332137412, 59.696365878946267 ], [ -77.525723562218303, 59.699747890854674 ], [ -77.525728019531172, 59.703817550845208 ], [ -77.509802319369555, 59.706000731385721 ], [ -77.497378677563191, 59.696750760432508 ], [ -77.50231065876703, 59.692101965567474 ], [ -77.483291070173706, 59.689651398276155 ], [ -77.474969157275268, 59.694875514597683 ], [ -77.475250997486256, 59.700377261719389 ], [ -77.470455949290539, 59.699955548259389 ], [ -77.526882238679534, 59.710164940569371 ], [ -77.531954314177256, 59.714927536426252 ], [ -77.5500244892702, 59.715880382951397 ], [ -77.547746994490424, 59.710956454115134 ], [ -77.560590254516043, 59.714273187487528 ], [ -77.561879788849595, 59.718344744864297 ], [ -77.555661972551178, 59.71913976434967 ], [ -77.562442288164007, 59.721046957065255 ], [ -77.570094529272126, 59.733376267048989 ], [ -77.579133654730015, 59.735912228409973 ], [ -77.566013474317771, 59.736313010485908 ], [ -77.57240043464833, 59.74578303746668 ], [ -77.579448944269686, 59.747621280945552 ], [ -77.569572363662004, 59.749288287038503 ], [ -77.570154654834752, 59.75663482524115 ], [ -77.532166222896734, 59.754892994740771 ], [ -77.512660810221661, 59.743166281629044 ], [ -77.514919213410522, 59.736744486866691 ], [ -77.523378786533371, 59.738720375269466 ], [ -77.511382940864507, 59.733254544266764 ], [ -77.511675523873706, 59.737390520887729 ], [ -77.507300437470505, 59.736476913519112 ], [ -77.510549166724189, 59.743251564484254 ], [ -77.497699085809998, 59.740639740822218 ], [ -77.50065619518935, 59.745201149960586 ], [ -77.470442629007763, 59.750408524212546 ], [ -77.47355184833053, 59.758749786795683 ], [ -77.484708582454203, 59.760794162385885 ], [ -77.48132079973648, 59.76529615816851 ], [ -77.487682440289134, 59.768212372991115 ], [ -77.485284751530457, 59.772138728872022 ], [ -77.474971084115396, 59.765173365719278 ], [ -77.477221536511308, 59.770305571479696 ], [ -77.464512770571432, 59.77768655869459 ], [ -77.457717634146732, 59.774202379656806 ], [ -77.448806870687051, 59.783639805858151 ], [ -77.433286699325649, 59.767263515338115 ], [ -77.428326941465301, 59.770337822099869 ], [ -77.435532685306967, 59.778532219986111 ], [ -77.42974358723292, 59.777327795280357 ], [ -77.431003755986666, 59.784608103693067 ], [ -77.421533245000489, 59.785483628719057 ], [ -77.426604976301235, 59.788327728457766 ], [ -77.420959443887739, 59.789123523827385 ], [ -77.418140601522438, 59.781207039940476 ], [ -77.405418243825238, 59.78244663618797 ], [ -77.399623185750556, 59.783882120970226 ], [ -77.404838644391305, 59.788009034151614 ], [ -77.395081836349618, 59.789885003681746 ], [ -77.403418256210998, 59.79179906580557 ], [ -77.389560778688804, 59.795671969853018 ], [ -77.383475211455291, 59.794327141324381 ], [ -77.393813806085205, 59.788605528570187 ], [ -77.386613684796799, 59.785116121006951 ], [ -77.35888865725758, 59.787943238783903 ], [ -77.342090789230383, 59.782467334152742 ], [ -77.288331716323171, 59.791310332837249 ], [ -77.280220824624806, 59.799383301267227 ], [ -77.29136978221365, 59.804157126473683 ], [ -77.322494612239765, 59.80354824523031 ], [ -77.327690745723899, 59.809537989831625 ], [ -77.358549466223721, 59.805853048968238 ], [ -77.352018743767019, 59.81186303635431 ], [ -77.331646527365265, 59.811534061895379 ], [ -77.326389418066711, 59.81696316650909 ], [ -77.329343548939093, 59.820953311390205 ], [ -77.313644332620285, 59.816828625138541 ], [ -77.310225138816051, 59.824120135822511 ], [ -77.299890017435899, 59.82326815613547 ], [ -77.303695788515213, 59.826192935612895 ], [ -77.300287179703602, 59.828767846709944 ], [ -77.322322919907819, 59.838235232375588 ], [ -77.311323363566871, 59.828897822378018 ], [ -77.320243501611543, 59.829387603567845 ], [ -77.330049104552913, 59.822881182143178 ], [ -77.341063060579543, 59.829072699657338 ], [ -77.350395455971665, 59.828061879399549 ], [ -77.352643015008894, 59.834121336577034 ], [ -77.341193050984018, 59.83143297488752 ], [ -77.336912335518718, 59.837572718570428 ], [ -77.350190047654991, 59.845906241431415 ], [ -77.341278217645183, 59.844843365867533 ], [ -77.349907872163683, 59.847474377230036 ], [ -77.36096469135839, 59.84503068015443 ], [ -77.384577359335708, 59.860909703747616 ], [ -77.37225214327502, 59.859641124082316 ], [ -77.370388710013984, 59.863070360334078 ], [ -77.389203791439698, 59.875603351152606 ], [ -77.385937575116358, 59.880890871311721 ], [ -77.393299595445725, 59.880874058671424 ], [ -77.382526595147482, 59.882174332416547 ], [ -77.393289586104274, 59.888438197293937 ], [ -77.383630804637605, 59.892098837838653 ], [ -77.394986984657251, 59.892647463630091 ], [ -77.395530328525012, 59.896715998143073 ], [ -77.413536102300128, 59.907311131753659 ], [ -77.406584038650365, 59.903189182945823 ], [ -77.410141295791576, 59.90168680955194 ], [ -77.405620155583037, 59.895058899462128 ], [ -77.414106319011381, 59.902602385802759 ], [ -77.422634008690281, 59.897163636994947 ], [ -77.431557710546514, 59.9037817187576 ], [ -77.448154418642915, 59.903537288895208 ], [ -77.452835235263294, 59.90759161021554 ], [ -77.444892047813696, 59.910245603187811 ], [ -77.450983521981371, 59.90916224291454 ], [ -77.461350054742397, 59.917988460390504 ], [ -77.458086957575802, 59.921283417447199 ], [ -77.458507475434132, 59.916568204214769 ], [ -77.449717083466339, 59.913093595461248 ], [ -77.43792382561378, 59.917184141865675 ], [ -77.416509153820115, 59.908595174844521 ], [ -77.417780300474689, 59.912299951004435 ], [ -77.412234981472793, 59.914521646924847 ], [ -77.399339311217375, 59.907130217909206 ], [ -77.398619104413456, 59.913260955914488 ], [ -77.381999869619762, 59.917002972928344 ], [ -77.369685032252931, 59.907891423471014 ], [ -77.369367662939794, 59.917239654963176 ], [ -77.364981633667526, 59.917956235421805 ], [ -77.379426124511085, 59.924784027346178 ], [ -77.376159635528495, 59.925651418042442 ], [ -77.380402704406691, 59.930919888479941 ], [ -77.393185013977188, 59.927975539829895 ], [ -77.382127995957916, 59.925777268934162 ], [ -77.379170735310083, 59.919219019285222 ], [ -77.416209365324164, 59.917512160404044 ], [ -77.418478172128502, 59.923363616165361 ], [ -77.407113367655299, 59.923095535124887 ], [ -77.409824841191408, 59.919524535751869 ], [ -77.403585352605646, 59.918605368251256 ], [ -77.396042544005823, 59.921689233846656 ], [ -77.40370306249055, 59.925673080685549 ], [ -77.4046893641992, 59.932374601452622 ], [ -77.397306738973839, 59.929041512640111 ], [ -77.338203582115113, 59.940406621722467 ], [ -77.374278829671013, 59.936141764304615 ], [ -77.389906047284015, 59.938617280834535 ], [ -77.38408745061983, 59.935623398654506 ], [ -77.396027597870599, 59.93239755643814 ], [ -77.409356272364008, 59.935514419458599 ], [ -77.409645284934413, 59.941716581048972 ], [ -77.39927836010213, 59.939237606154101 ], [ -77.401403361567418, 59.942378992454444 ], [ -77.396138056471642, 59.944594825418108 ], [ -77.401525394255927, 59.9490154169305 ], [ -77.394982189962505, 59.950661530951805 ], [ -77.389448188277484, 59.94817474461432 ], [ -77.394297032276199, 59.944888781606643 ], [ -77.390599224321903, 59.940536096817162 ], [ -77.374424413935927, 59.937926789717842 ], [ -77.382342451434326, 59.950971319607113 ], [ -77.359324430514675, 59.950154401679526 ], [ -77.365864643183983, 59.952714201731823 ], [ -77.364711221676558, 59.957639694350966 ], [ -77.354922550103112, 59.952730368116491 ], [ -77.342535628616574, 59.958664167790005 ], [ -77.332328462239104, 59.950050654633451 ], [ -77.324082603525568, 59.951983835197922 ], [ -77.317576331910161, 59.948064951025913 ], [ -77.315262822694919, 59.956486700476809 ], [ -77.306727243622646, 59.958926914144733 ], [ -77.334226454025668, 59.974738386310811 ], [ -77.320688134633755, 59.979244085513749 ], [ -77.302671490812443, 59.973271621493332 ], [ -77.296662282551992, 59.979915912749775 ], [ -77.303764060231188, 59.980483799950761 ], [ -77.303305019760415, 59.986258865975984 ], [ -77.293529756529935, 59.981272914823464 ], [ -77.297044215567638, 59.986978805988819 ], [ -77.292356676072259, 59.986341664491718 ], [ -77.286568828551225, 59.978070016260624 ], [ -77.2907111205093, 59.97628246842627 ], [ -77.28204247541133, 59.973504251094901 ], [ -77.270218662952573, 59.979582961017712 ], [ -77.283560615688955, 59.9843562172424 ], [ -77.276122327318248, 59.98907491920432 ], [ -77.264905543860195, 59.987866540993565 ], [ -77.259665138990542, 59.984372242459997 ], [ -77.264245475445136, 59.980305377543893 ], [ -77.254721249395232, 59.977315489924059 ], [ -77.239751097863845, 59.984675749705588 ], [ -77.250042899894865, 59.996582478992558 ], [ -77.266023307778596, 59.990578124357057 ], [ -77.290203714427179, 59.990987237646507 ], [ -77.325159528360643, 59.998011644363615 ], [ -77.336397657335638, 60.008561165483286 ], [ -77.267102639851174, 60.021020167360327 ], [ -77.243820877834082, 60.010360033995681 ], [ -77.236834644358794, 60.015562750059374 ], [ -77.248068566313307, 60.014788133854836 ], [ -77.242496653036596, 60.020209599415089 ], [ -77.225969630894213, 60.022896510683353 ], [ -77.230515695214294, 60.026969772499385 ], [ -77.225975563784942, 60.034341992477351 ], [ -77.242408171518107, 60.037969823081667 ], [ -77.231570625791775, 60.041809229096103 ], [ -77.243088401596395, 60.044821046669789 ], [ -77.252617149947227, 60.042815474671713 ], [ -77.258776377327877, 60.038570108577723 ], [ -77.255827185034406, 60.033666966351554 ], [ -77.262979453342624, 60.03193566233621 ], [ -77.283901586881854, 60.034625053223721 ], [ -77.297337432782456, 60.029224786974304 ], [ -77.311047639429319, 60.03248428970101 ], [ -77.309210748618995, 60.02648888423748 ], [ -77.32044310853577, 60.026426789818771 ], [ -77.330151157480387, 60.016446523972874 ], [ -77.369412121871122, 60.022179864822562 ], [ -77.383482254581608, 60.042093776331349 ], [ -77.394290818146942, 60.041808532697445 ], [ -77.402560477405288, 60.0463745882574 ], [ -77.375641279517438, 60.050939572784074 ], [ -77.406691916911967, 60.060438905499169 ], [ -77.411815836852369, 60.060722809829748 ], [ -77.409826878756292, 60.056366312444013 ], [ -77.416934628908948, 60.060934736675136 ], [ -77.428767822086684, 60.057151499864993 ], [ -77.412379934007575, 60.050238135428877 ], [ -77.425204874723335, 60.049733895651173 ], [ -77.421917094656592, 60.04752142255095 ], [ -77.42690457591624, 60.045238031099913 ], [ -77.439155643217532, 60.048668623503197 ], [ -77.428474769768272, 60.050230810155682 ], [ -77.44229458738279, 60.054440814224677 ], [ -77.437295375956325, 60.04024970511901 ], [ -77.45038655729816, 60.042666612803643 ], [ -77.444676669560081, 60.028111634219442 ], [ -77.453218787108142, 60.033397155194166 ], [ -77.468018773740724, 60.030821739878107 ], [ -77.486705208461785, 60.046300130146328 ], [ -77.495948010429416, 60.043583540909403 ], [ -77.497379206323615, 60.047787707596072 ], [ -77.504641503482887, 60.047147176123048 ], [ -77.501075137839379, 60.042507400277955 ], [ -77.507889221000994, 60.038578201449582 ], [ -77.501047662324041, 60.035734364599051 ], [ -77.506162675559665, 60.02930402764504 ], [ -77.534531560918936, 60.044340319553669 ], [ -77.530543508556676, 60.041281503855949 ], [ -77.551197075487153, 60.044540658315377 ], [ -77.569816034656114, 60.039598109742109 ], [ -77.593377192317789, 60.051490453107427 ], [ -77.601335924902671, 60.050121204184144 ], [ -77.602935267655354, 60.053548484681933 ], [ -77.598379887830205, 60.055479819827866 ], [ -77.638714276546438, 60.05948703721365 ], [ -77.643201878856004, 60.068183681453412 ], [ -77.594891561533416, 60.065969563618623 ], [ -77.609449800477549, 60.070516287694488 ], [ -77.59761276880036, 60.070174457385093 ], [ -77.598936956475328, 60.076949161517547 ], [ -77.616940169514621, 60.082918671049335 ], [ -77.600975719090442, 60.083655908713624 ], [ -77.610880427137673, 60.094061635829384 ], [ -77.618871173913902, 60.094334859652726 ], [ -77.607333435070146, 60.098344993614283 ], [ -77.61449675111146, 60.10382747173044 ], [ -77.607383167519018, 60.106483351412848 ], [ -77.61670671406867, 60.112174675665102 ], [ -77.584010472814967, 60.109511298747073 ], [ -77.563235158375235, 60.118449863038613 ], [ -77.56980745208277, 60.121933837857945 ], [ -77.546837557629928, 60.123599649614107 ], [ -77.521277429142003, 60.115914083044274 ], [ -77.533401632456915, 60.114406866797772 ], [ -77.514698081085044, 60.111781118098342 ], [ -77.520267732791098, 60.115421264732753 ], [ -77.500290357959912, 60.115926019660421 ], [ -77.500316683737069, 60.122204933012881 ], [ -77.506319656559697, 60.124912174908062 ], [ -77.504054645699625, 60.130407975180397 ], [ -77.500313757703637, 60.124064544666645 ], [ -77.483193009752526, 60.121215764832115 ], [ -77.476350813383405, 60.124074908720708 ], [ -77.435661741596419, 60.119449028663539 ], [ -77.484209582713561, 60.12849116742418 ], [ -77.486922295627608, 60.133417000700767 ], [ -77.483377519384149, 60.135846161534609 ], [ -77.50565910755445, 60.140609703972437 ], [ -77.490233052697619, 60.141475694710145 ], [ -77.517953754174869, 60.146386362694983 ], [ -77.54214125949197, 60.157000851831938 ], [ -77.539297250418358, 60.160783573355424 ], [ -77.552480923004552, 60.167618147870925 ], [ -77.544767418124721, 60.169051211338534 ], [ -77.55935257514939, 60.17274993681923 ], [ -77.563665103152388, 60.176026403334262 ], [ -77.559534542590882, 60.179025918705989 ], [ -77.565980249214292, 60.182584500834324 ], [ -77.563132481166718, 60.184229709587768 ], [ -77.573729925051964, 60.187572808207683 ], [ -77.568462802274837, 60.191502004662127 ], [ -77.573911702743032, 60.19542094868725 ], [ -77.571516572322821, 60.202627340928466 ], [ -77.535716531737918, 60.191961933731385 ], [ -77.530457204842463, 60.199105456222114 ], [ -77.528583607041256, 60.195395119683809 ], [ -77.525722306373069, 60.199249660332775 ], [ -77.51484612365995, 60.195548686763267 ], [ -77.486833656057939, 60.201628910436511 ], [ -77.490568623180422, 60.209473052408541 ], [ -77.506869669932414, 60.205464693110088 ], [ -77.502884438913838, 60.209537570031728 ], [ -77.514473295348694, 60.21024357668221 ], [ -77.514795934859748, 60.219876591527424 ], [ -77.534866181623173, 60.227705279121693 ], [ -77.519108760284425, 60.227367692867851 ], [ -77.53616045261569, 60.229495195042752 ], [ -77.505381865426727, 60.234221445718234 ], [ -77.514994899857086, 60.238495273667162 ], [ -77.510285905549139, 60.242357443746094 ], [ -77.518880630333044, 60.242275389309491 ], [ -77.524625162729492, 60.24812216045693 ], [ -77.540677038796602, 60.24746541013846 ], [ -77.548581556517547, 60.252667933019204 ], [ -77.527937298524833, 60.250763095087358 ], [ -77.547441023467073, 60.254738043444917 ], [ -77.542583928133112, 60.256672808041166 ], [ -77.54659890198829, 60.259021347335526 ], [ -77.576271431331222, 60.261844406920886 ], [ -77.561478137789194, 60.253012526124159 ], [ -77.556487225121714, 60.259010906702777 ], [ -77.551608307769968, 60.25602347809437 ], [ -77.558601203996389, 60.251585745297582 ], [ -77.57081042100063, 60.256075092033072 ], [ -77.573649794675177, 60.251716932871993 ], [ -77.580806622473375, 60.252853588582624 ], [ -77.584409676851465, 60.2559097385166 ], [ -77.573384155522007, 60.256851683946095 ], [ -77.588737342284887, 60.260119523917687 ], [ -77.586473509982611, 60.266254523507634 ], [ -77.578440592340598, 60.265054307630223 ], [ -77.584898533849199, 60.264398667404699 ], [ -77.579856538600581, 60.25984328428067 ], [ -77.574439187649546, 60.264988233211689 ], [ -77.525551832963217, 60.264606932520465 ], [ -77.545483102054163, 60.266301335163426 ], [ -77.557996081999846, 60.272780386909723 ], [ -77.546536387121819, 60.276360504127638 ], [ -77.53763809261703, 60.272874657938978 ], [ -77.544087427712512, 60.275572018788871 ], [ -77.539814721407751, 60.282283546523587 ], [ -77.56137453831515, 60.288687805743955 ], [ -77.572081043399777, 60.28147375582742 ], [ -77.567177276392172, 60.275693479545353 ], [ -77.585718078523442, 60.281882624817499 ], [ -77.582952909639104, 60.277103320644549 ], [ -77.592987246582609, 60.275667975385865 ], [ -77.5907421298473, 60.282727971657202 ], [ -77.602104733653192, 60.288425953980749 ], [ -77.596804174640326, 60.289356197860194 ], [ -77.612188487974109, 60.294830917093684 ], [ -77.59553605606628, 60.294357890353403 ], [ -77.601301405595848, 60.298125986629188 ], [ -77.589424719140638, 60.303352909961681 ], [ -77.597736478689512, 60.302696525553543 ], [ -77.591180386877895, 60.30791822370373 ], [ -77.600675061378695, 60.312332267632911 ], [ -77.59220875180597, 60.314267491313579 ], [ -77.595394535820276, 60.319038439547747 ], [ -77.604009445084358, 60.317818806182608 ], [ -77.594134782663602, 60.324390255606438 ], [ -77.608359711613659, 60.324444187018706 ], [ -77.614408874935251, 60.328502682991285 ], [ -77.613591085656935, 60.333001575958733 ], [ -77.632533143898172, 60.330831001393037 ], [ -77.628338431397708, 60.327338535401772 ], [ -77.631050447936872, 60.325694784884391 ], [ -77.634692322603115, 60.333114985026434 ], [ -77.647650272105054, 60.335372928369253 ], [ -77.643890021660255, 60.333022186358157 ], [ -77.6471717541896, 60.330809751548358 ], [ -77.639999451073777, 60.331742992067888 ], [ -77.641409124136615, 60.327887926632094 ], [ -77.651623875750175, 60.330298753447828 ], [ -77.652841343973776, 60.33792859858444 ], [ -77.636935334473478, 60.343168137932359 ], [ -77.64326750470056, 60.344587583849147 ], [ -77.638703032322695, 60.350014530274102 ], [ -77.644529852502785, 60.359277717537935 ], [ -77.65416927789974, 60.361403449868213 ], [ -77.653056806777798, 60.366681114460384 ], [ -77.679665427807066, 60.368204940287072 ], [ -77.687372151103887, 60.361122930411319 ], [ -77.728277551661776, 60.369453654221104 ], [ -77.729632929183609, 60.374160385011926 ], [ -77.707777284915466, 60.375783975714299 ], [ -77.71457939213758, 60.380334934075535 ], [ -77.746785963285589, 60.378335223503079 ], [ -77.752903845613986, 60.385027654819268 ], [ -77.749908631395726, 60.387173894055344 ], [ -77.776500453450268, 60.385893903182222 ], [ -77.775293415055842, 60.393888005961749 ], [ -77.768716882575887, 60.396828034533698 ], [ -77.774129019812776, 60.405160393880543 ], [ -77.744976514496315, 60.41115518684331 ], [ -77.738694952372441, 60.415947253389014 ], [ -77.743510878888884, 60.421570883071766 ], [ -77.734188705225932, 60.42523941920966 ], [ -77.738860123003434, 60.430650589051758 ], [ -77.70071050014073, 60.434160768798591 ], [ -77.699053820169212, 60.44157901632083 ], [ -77.716067219056228, 60.442832330439579 ], [ -77.712337862309766, 60.444552366827267 ], [ -77.719698186902335, 60.446028354578033 ], [ -77.71065682019848, 60.449689389425153 ], [ -77.724408526139726, 60.454933963452184 ], [ -77.709417572855344, 60.455113853992771 ], [ -77.700141447869967, 60.449642393762531 ], [ -77.708765061457441, 60.446628430596924 ], [ -77.700977444877694, 60.446570963364941 ], [ -77.704006837428011, 60.447138358875968 ], [ -77.697109921036272, 60.449928387792362 ], [ -77.703185709810825, 60.451916429305136 ], [ -77.697705836387868, 60.452288026260284 ], [ -77.697367138007465, 60.460919291295404 ], [ -77.677334419543755, 60.463308661157235 ], [ -77.680389002216231, 60.466373589516358 ], [ -77.666277513651821, 60.468686942901272 ], [ -77.669642293345618, 60.473318018463075 ], [ -77.661298693128984, 60.476323687147293 ], [ -77.681818016912672, 60.479496955759018 ], [ -77.676058676114337, 60.482721016366661 ], [ -77.649411075351779, 60.488337916134263 ], [ -77.632809494629697, 60.486582575995818 ], [ -77.618566557272644, 60.492378870006142 ], [ -77.624332603390627, 60.492301454038639 ], [ -77.627819892224451, 60.495790227922107 ], [ -77.619601569442622, 60.495727324440828 ], [ -77.627698112111261, 60.498784113230066 ], [ -77.586126996678459, 60.497063365169844 ], [ -77.588457870510211, 60.501626596077685 ], [ -77.584712378443498, 60.502624509691429 ], [ -77.591521437487216, 60.50782845517552 ], [ -77.571518910118243, 60.519552368067387 ], [ -77.582114121247571, 60.528106429471869 ], [ -77.592091081077115, 60.527948966790383 ], [ -77.586318413471545, 60.52916589622177 ], [ -77.587512592804813, 60.53419248473751 ], [ -77.580449069594479, 60.539017344347457 ], [ -77.526673952190166, 60.537144491649052 ], [ -77.508056525785108, 60.546083313533579 ], [ -77.462494610285063, 60.540535648124418 ], [ -77.462087190525523, 60.547891084681929 ], [ -77.486383207935262, 60.549093709106195 ], [ -77.512598406074531, 60.561134222451713 ], [ -77.551775864236831, 60.557669508592632 ], [ -77.587519258145505, 60.562695049044194 ], [ -77.59993730445629, 60.559399575937263 ], [ -77.596896618289946, 60.556979346744583 ], [ -77.620005655383224, 60.553949719890845 ], [ -77.614469873256311, 60.547751934651615 ], [ -77.623252540718397, 60.542459125643042 ], [ -77.636258191326689, 60.541367453767648 ], [ -77.645834568283391, 60.547196929642716 ], [ -77.644786516445606, 60.541064000654252 ], [ -77.676449767656706, 60.542436239641212 ], [ -77.6786660779957, 60.548285027375989 ], [ -77.692284664919669, 60.550607371737385 ], [ -77.686523085752157, 60.552403362842817 ], [ -77.689003550870069, 60.55547074182526 ], [ -77.718419008644318, 60.562035146585409 ], [ -77.729902999011415, 60.581133934587925 ], [ -77.800520367132478, 60.592151010920944 ], [ -77.80347822861448, 60.596347429947194 ], [ -77.791938204697274, 60.599589652279384 ], [ -77.800919048826415, 60.599491582711074 ], [ -77.806940026251056, 60.606965742641037 ], [ -77.79814985198189, 60.610132742790796 ], [ -77.806743037686999, 60.613321575646502 ], [ -77.795450094598067, 60.614205056313587 ], [ -77.81442459302076, 60.613582342465961 ], [ -77.816788854197725, 60.61721599556514 ], [ -77.807357685232034, 60.617028053775186 ], [ -77.828645618194997, 60.626309111762382 ], [ -77.818556445779194, 60.63076264358736 ], [ -77.828438473234229, 60.631874657092126 ], [ -77.824124870209388, 60.635667242194351 ], [ -77.832925608412012, 60.632570277494978 ], [ -77.839168501839126, 60.642823522501992 ], [ -77.831971898657869, 60.647126743096081 ], [ -77.836349199113002, 60.649253070735959 ], [ -77.833298003234674, 60.658679147578972 ], [ -77.804607265168968, 60.660909643039034 ], [ -77.796356281098511, 60.663076757069767 ], [ -77.79077464414172, 60.669652703466348 ], [ -77.794299087341955, 60.672498928335528 ], [ -77.755614131887469, 60.677738898523231 ], [ -77.708705820052487, 60.691192344868192 ], [ -77.699530906064595, 60.703262819284944 ], [ -77.703077175910053, 60.709039561024227 ], [ -77.716033274510181, 60.7107179504142 ], [ -77.706435871829626, 60.710175545431674 ], [ -77.710525976170416, 60.712590273029925 ], [ -77.67707307868892, 60.724573004264606 ], [ -77.693654108608541, 60.725893706585879 ], [ -77.676811203636007, 60.729357407519217 ], [ -77.669081584519986, 60.741423487895652 ], [ -77.678521693067637, 60.739977524130218 ], [ -77.661828814568111, 60.745358643176083 ], [ -77.653662894401364, 60.741594824878298 ], [ -77.651819974240382, 60.747946532472582 ], [ -77.644861297332284, 60.750814888710337 ], [ -77.628317658875304, 60.749380264900644 ], [ -77.621077764877569, 60.760552510087088 ], [ -77.610319296584493, 60.763502194162818 ], [ -77.671496565350608, 60.751266051123785 ], [ -77.619829694188084, 60.770907493205904 ], [ -77.65953263685924, 60.765059667348048 ], [ -77.669749941447094, 60.768674592693714 ], [ -77.791512047471912, 60.739639569813328 ], [ -77.648920299066177, 60.785553800186065 ], [ -77.772272066871182, 60.75974021814995 ], [ -77.520499378903523, 60.829311877919835 ], [ -77.511525617343736, 60.842513807310887 ], [ -77.734914368964809, 60.789793690576566 ], [ -77.771109966482356, 60.783499192981523 ], [ -77.775776073964181, 60.784121445575607 ], [ -77.771155610146437, 60.788493194089675 ], [ -77.774971641695402, 60.789689997818606 ], [ -77.871092525247619, 60.760293160284498 ], [ -77.878971116915849, 60.761121483159272 ], [ -77.855288553553336, 60.774609799863264 ], [ -77.826187543204597, 60.775845954489228 ], [ -77.829728833269172, 60.779544552769728 ], [ -77.841953520321468, 60.778576420521922 ], [ -77.83866579644976, 60.783155974069786 ], [ -77.866922975710409, 60.773642897852682 ], [ -77.859658068556939, 60.774166334542365 ], [ -77.875398378438732, 60.766337069337659 ], [ -77.871092031079499, 60.770346412952676 ], [ -77.884010284599739, 60.767948988221661 ], [ -77.863070891766228, 60.778441823967626 ], [ -77.892417811103371, 60.774416244881607 ], [ -77.844726045907095, 60.799683929297814 ], [ -77.894959928711842, 60.787316641040206 ], [ -77.901568176029798, 60.791288652259375 ], [ -77.967127437266555, 60.783466976635268 ], [ -77.990133599804594, 60.775166529820211 ], [ -78.008981026574745, 60.778947264867405 ], [ -78.000004992802914, 60.78356259088541 ], [ -77.999442641664714, 60.790034911499383 ], [ -78.039879416466007, 60.787790552331764 ], [ -78.038259671029337, 60.79358573734573 ], [ -78.043564907599631, 60.797053932390533 ], [ -78.092453583402261, 60.793971322886563 ], [ -78.07325240533315, 60.815817039010021 ], [ -78.131740480316992, 60.797835433458559 ], [ -78.179689650466429, 60.792580878834798 ], [ -78.18953049734688, 60.784324540040792 ], [ -78.201798930784946, 60.785245766387128 ], [ -78.220423029235178, 60.778787252655803 ], [ -78.217747576484186, 60.782307335883871 ], [ -78.226228515871028, 60.783677757813422 ], [ -78.226512909514625, 60.789100815313134 ], [ -78.206217757698369, 60.799280663839632 ], [ -78.198710112801479, 60.801459974712131 ], [ -78.201111154212583, 60.798599307366366 ], [ -78.193770026499507, 60.796775042104009 ], [ -78.183111026542633, 60.801546748340968 ], [ -78.178635844706662, 60.809565203951372 ], [ -78.153296800174076, 60.810350909353957 ], [ -78.029747403564272, 60.850116615252979 ], [ -78.154365758864131, 60.811981708870441 ], [ -78.174625588738053, 60.81187058351675 ], [ -78.223752749901223, 60.800812402325974 ], [ -78.17256410869615, 60.817513983084872 ], [ -78.215945273656033, 60.80878094943283 ], [ -78.225327864596693, 60.810861786957638 ], [ -78.210423260123363, 60.821297476817001 ], [ -78.214709531925479, 60.823839004410104 ], [ -78.205340163396315, 60.827893653131419 ], [ -78.203535875752664, 60.837172227708116 ], [ -78.182970804318828, 60.849562445571578 ], [ -78.199353021978837, 60.850893123778398 ], [ -78.193701111354329, 60.85885160770902 ], [ -78.145804517139496, 60.876664247245309 ], [ -78.13946552223301, 60.880976587239914 ], [ -78.140465599563015, 60.892452389062029 ], [ -78.136328941853961, 60.897045000235487 ], [ -78.119000088347562, 60.899630657008046 ], [ -78.113784525608551, 60.908152503072635 ], [ -78.102224184649742, 60.908281336916296 ], [ -78.112498521109117, 60.909724081192898 ], [ -78.109920889161472, 60.912516669389454 ], [ -78.114933359074357, 60.914421071161222 ], [ -78.103149513570145, 60.910484384397343 ], [ -78.08873341202856, 60.912985240307854 ], [ -78.110124828699966, 60.915153376421252 ], [ -78.092643322966893, 60.924946782186055 ], [ -78.083701232585867, 60.923423655513048 ], [ -78.096848027541441, 60.929853034283369 ], [ -78.080563610133055, 60.927856664527319 ], [ -78.073027865218606, 60.937952934149855 ], [ -78.056624709932152, 60.937810892955582 ], [ -78.037178954655886, 60.945964316441064 ], [ -78.028448313580654, 60.955996102154536 ], [ -78.030232657143742, 60.964399875101876 ], [ -78.00681149086499, 60.957376663574983 ], [ -78.007354225996451, 60.963004009070417 ], [ -78.018137198664547, 60.968238499534564 ], [ -77.990218734318532, 60.971988421320418 ], [ -77.988308018330756, 60.979200383014906 ], [ -77.994501435429413, 60.980958577893311 ], [ -77.988525316852261, 60.983481125130155 ], [ -77.991737338117701, 60.990103238694061 ], [ -77.988729147295487, 60.993323507097799 ], [ -77.953558776497616, 61.005814318582445 ], [ -77.964858925036509, 61.009708017599088 ], [ -77.930959877145582, 61.017007620509126 ], [ -77.939260695433035, 61.019288600280468 ], [ -77.927999591971528, 61.020036691543844 ], [ -77.926898125306167, 61.025963165699238 ], [ -77.913241046106933, 61.02545029536374 ], [ -77.924691257953725, 61.029344122745144 ], [ -77.910646817430091, 61.030681093314129 ], [ -77.910515960684577, 61.026829777470361 ], [ -77.901943109750377, 61.025621994270296 ], [ -77.887939822242913, 61.02780918121384 ], [ -77.91554601844463, 61.032201394186337 ], [ -77.90680209632913, 61.037636759033177 ], [ -77.912422867509008, 61.042366910414934 ], [ -77.902168952905669, 61.039030206328817 ], [ -77.883097712754974, 61.043410004424132 ], [ -77.863901725195745, 61.052209689679877 ], [ -77.868377758680737, 61.054162928691447 ], [ -77.864760463270827, 61.055767025668551 ], [ -77.85245886477513, 61.052730527856383 ], [ -77.856566931937451, 61.044639097752594 ], [ -77.846371957021361, 61.042725406339457 ], [ -77.840927896979892, 61.046478545569094 ], [ -77.848253323835067, 61.050267976063118 ], [ -77.825649057897408, 61.054669009283934 ], [ -77.830484256087928, 61.062329582810669 ], [ -77.825737686291703, 61.065438548528199 ], [ -77.825361690787275, 61.07557095363601 ], [ -77.831134860203662, 61.076671811044712 ], [ -77.830983534727821, 61.084733309693007 ], [ -77.816436941915669, 61.106184761082822 ], [ -77.826159847747761, 61.119232532396808 ], [ -77.826647538113804, 61.128637111206153 ], [ -77.816137204053589, 61.13514494863724 ], [ -77.823902745456138, 61.146571742548396 ], [ -77.804535520296611, 61.149085862975994 ], [ -77.808723781129814, 61.150615993510883 ], [ -77.803590066629127, 61.159795783556419 ], [ -77.78823373215856, 61.171827488039931 ], [ -77.776177265597866, 61.172641330161817 ], [ -77.78561963645852, 61.176983870117986 ], [ -77.777895511553027, 61.180116102923016 ], [ -77.769591647653826, 61.174330375271694 ], [ -77.761445144406551, 61.177110983065745 ], [ -77.759360512878061, 61.172419342044591 ], [ -77.751546643489874, 61.17219217027241 ], [ -77.75119495140649, 61.179466744544634 ], [ -77.767849615694558, 61.188191290971972 ], [ -77.754309780187697, 61.18871898369445 ], [ -77.757608669021607, 61.190475417453939 ], [ -77.754609297259307, 61.193213473281887 ], [ -77.740974801859011, 61.186896582843609 ], [ -77.725073321162469, 61.18765779530024 ], [ -77.723695241700099, 61.181397367187429 ], [ -77.704683476662368, 61.172328471858791 ], [ -77.722941441665256, 61.167273127144881 ], [ -77.724733669821845, 61.163688713762262 ], [ -77.720020182318507, 61.154521987679736 ], [ -77.721145258789008, 61.166500789145566 ], [ -77.704338617372187, 61.170691471088119 ], [ -77.697405124443677, 61.175312371388912 ], [ -77.716843965562916, 61.183942512304256 ], [ -77.704453618053904, 61.188529454032725 ], [ -77.713190063452444, 61.194031911104396 ], [ -77.702038133977879, 61.200956252463143 ], [ -77.717601737655329, 61.221242911880204 ], [ -77.754250395420257, 61.226817903253639 ], [ -77.766653115786482, 61.235853862002834 ], [ -77.76128403571316, 61.238604437781582 ], [ -77.791943694450296, 61.241075489630525 ], [ -77.759254005846586, 61.23968783472354 ], [ -77.751720967600107, 61.235187715200006 ], [ -77.755561977424918, 61.244146721770768 ], [ -77.749619433516955, 61.247402527819389 ], [ -77.757029088425071, 61.248123393969131 ], [ -77.745178975093822, 61.251858322648864 ], [ -77.749006674079396, 61.255966910520208 ], [ -77.742048380351974, 61.259799857307932 ], [ -77.746566751248039, 61.267110490559112 ], [ -77.770271622062324, 61.281405645632859 ], [ -77.764699561763933, 61.28744818977524 ], [ -77.750116311170999, 61.289128001978796 ], [ -77.760760468425758, 61.293610013346729 ], [ -77.75597692750253, 61.305061904349557 ], [ -77.768667569919373, 61.308316012417421 ], [ -77.763970427848946, 61.309498697793487 ], [ -77.769231585553101, 61.31216726336929 ], [ -77.748482189913872, 61.315894734787328 ], [ -77.762896386873891, 61.321701677458016 ], [ -77.756342308378109, 61.324961004404507 ], [ -77.77654457154199, 61.322384446346817 ], [ -77.771005703295046, 61.325273391414427 ], [ -77.77625707484512, 61.326738178709327 ], [ -77.776424584631187, 61.332007868781616 ], [ -77.76158687827224, 61.335697037719569 ], [ -77.765818565545416, 61.338305861230488 ], [ -77.75999593862025, 61.341200091084652 ], [ -77.774419445567048, 61.342729804605554 ], [ -77.761861175777739, 61.352391014225823 ], [ -77.774213819663984, 61.353926986755404 ], [ -77.766972722059634, 61.354344130552931 ], [ -77.772242169472619, 61.357228115049409 ], [ -77.766512797095032, 61.36290539064062 ], [ -77.778258833070154, 61.363671883464633 ], [ -77.764414860090355, 61.366487437972125 ], [ -77.770141386020441, 61.369227443376737 ], [ -77.76124064802876, 61.373576698252634 ], [ -77.76796454307528, 61.375092836910198 ], [ -77.759240576431964, 61.37615951091027 ], [ -77.785894234471698, 61.379020509645329 ], [ -77.782215749715888, 61.384189266182524 ], [ -77.788356189583212, 61.38563551822336 ], [ -77.780632936387377, 61.389979834556421 ], [ -77.787758098627634, 61.389851913142941 ], [ -77.782488584198035, 61.400730597739603 ], [ -77.795509211860178, 61.407623177357678 ], [ -77.78205163880294, 61.409084830816113 ], [ -77.805119519420202, 61.423235762315002 ], [ -77.800453203415529, 61.425775288953403 ], [ -77.80651025920416, 61.433286205961018 ], [ -77.814102949606266, 61.433866060576094 ], [ -77.807783901123429, 61.435559630661317 ], [ -77.816518851338571, 61.442763378109433 ], [ -77.810727883469525, 61.451587746987641 ], [ -77.811984172070325, 61.46177569394235 ], [ -77.769100044572482, 61.465115652202257 ], [ -77.779017912842463, 61.459263352008534 ], [ -77.770957487547506, 61.454325239470741 ], [ -77.776166461565538, 61.450006108336503 ], [ -77.721960183761979, 61.43851552524179 ], [ -77.736657474117209, 61.428555293209392 ], [ -77.725338121470969, 61.428000894874991 ], [ -77.724259366180078, 61.422084836367802 ], [ -77.73515268005734, 61.419297213490907 ], [ -77.701961712270631, 61.422035347054319 ], [ -77.691150943276227, 61.413419552986454 ], [ -77.674295914250024, 61.411182837925196 ], [ -77.687975627015078, 61.407230354442618 ], [ -77.68066949392869, 61.401580663485461 ], [ -77.665629551805097, 61.400331212607661 ], [ -77.673767781495386, 61.394494436751067 ], [ -77.671554777743893, 61.39029810029843 ], [ -77.692621054485627, 61.385013955810123 ], [ -77.679924986011045, 61.382183716156447 ], [ -77.672492651479487, 61.386587807557035 ], [ -77.641628629126473, 61.386804646415193 ], [ -77.599046011331254, 61.402859322414145 ], [ -77.621926922369681, 61.39842302984048 ], [ -77.631061126413925, 61.400995278808949 ], [ -77.629467028308341, 61.407215053980721 ], [ -77.671813587291595, 61.412839509513439 ], [ -77.68968112818186, 61.418990954589873 ], [ -77.696154466612995, 61.426004115482272 ], [ -77.715426340289838, 61.424866391519245 ], [ -77.700429245118087, 61.429683116851407 ], [ -77.71772126358826, 61.431198381321281 ], [ -77.704508082224891, 61.436500894453857 ], [ -77.710560591824731, 61.439883809939971 ], [ -77.700407668458368, 61.44309478738603 ], [ -77.708781103721051, 61.444671107720275 ], [ -77.696911701541282, 61.44519418806906 ], [ -77.71125478109677, 61.447226870933356 ], [ -77.701537434197292, 61.450510091201124 ], [ -77.713506950783611, 61.452841158108882 ], [ -77.701321721347469, 61.452786977855105 ], [ -77.708187760055608, 61.458588228199169 ], [ -77.690515497286853, 61.459145072894025 ], [ -77.718726259850683, 61.466858006686401 ], [ -77.640398257801621, 61.464500314736078 ], [ -77.619881904090761, 61.459857334379784 ], [ -77.569735836990674, 61.470243929747312 ], [ -77.55901204097367, 61.480514769650512 ], [ -77.621589146415346, 61.497801996153477 ], [ -77.612792671042826, 61.502497982042861 ], [ -77.61630617751203, 61.505610336447226 ], [ -77.609859882720116, 61.509219014937202 ], [ -77.612462816891806, 61.511558469965443 ], [ -77.637113581576102, 61.508676707392418 ], [ -77.615945144886396, 61.508249102634807 ], [ -77.624525305178764, 61.506548240108565 ], [ -77.618108866831108, 61.505809273846936 ], [ -77.618173959086761, 61.503454663220062 ], [ -77.666798690778123, 61.509967723031352 ], [ -77.66782860964868, 61.514744248531976 ], [ -77.704680472487226, 61.515967569848215 ], [ -77.703756260983269, 61.519614887544996 ], [ -77.709300487538442, 61.520645683315337 ], [ -77.704985235221415, 61.525312493168691 ], [ -77.692055642828578, 61.521984218050889 ], [ -77.689132797313334, 61.528644075138665 ], [ -77.693355618349614, 61.534390493681087 ], [ -77.712426766209177, 61.539024986318971 ], [ -77.706556653888498, 61.541423159742934 ], [ -77.710673579300774, 61.544386569413497 ], [ -77.679353057171767, 61.544403281353951 ], [ -77.660587936727282, 61.54068338942605 ], [ -77.652937139738214, 61.534176362146709 ], [ -77.640462926712289, 61.540616209847201 ], [ -77.656453416459712, 61.542075401590559 ], [ -77.656112304500496, 61.545351646926697 ], [ -77.629184039261105, 61.547894119702228 ], [ -77.640987059042573, 61.558301374604945 ], [ -77.599379939220128, 61.558866424704895 ], [ -77.597572555492505, 61.553242035601166 ], [ -77.611468857899069, 61.554153543598979 ], [ -77.575688698078835, 61.544539868208716 ], [ -77.536991121208246, 61.547779682160382 ], [ -77.538226626157936, 61.543777683702807 ], [ -77.545263002811538, 61.544661602554925 ], [ -77.528831465395783, 61.532634822971154 ], [ -77.519419462920993, 61.537686146686063 ], [ -77.523586407456762, 61.531528366937742 ], [ -77.507349770076175, 61.526627193838507 ], [ -77.502422726234784, 61.520098015793039 ], [ -77.497880290580738, 61.529109250522865 ], [ -77.480536612206535, 61.533135163355851 ], [ -77.501194917487197, 61.535937619068577 ], [ -77.49906229028629, 61.540305937784488 ], [ -77.514106332008012, 61.545284010584865 ], [ -77.494651379420901, 61.548892447204366 ], [ -77.524756347801045, 61.553350805324435 ], [ -77.521220112480066, 61.55501494630132 ], [ -77.534318195051014, 61.558859180535094 ], [ -77.596945698172675, 61.567589548691195 ], [ -77.594294366877449, 61.56403809357235 ], [ -77.606374288624338, 61.563673284211305 ], [ -77.609956945656165, 61.568428326554873 ], [ -77.656960781300398, 61.57288428173986 ], [ -77.642364732425875, 61.574272322086159 ], [ -77.647510632477122, 61.581367530919685 ], [ -77.635180108937433, 61.583519232806381 ], [ -77.599526353759842, 61.57456452743196 ], [ -77.570053935533124, 61.577682260472258 ], [ -77.591451578910963, 61.579397709421848 ], [ -77.584244102274198, 61.583360657167461 ], [ -77.600154704635642, 61.586112644192184 ], [ -77.606720081956027, 61.593398889666432 ], [ -77.649767840464989, 61.596764457683108 ], [ -77.668182436235767, 61.588142242138161 ], [ -77.704199544685721, 61.58895204307634 ], [ -77.734924936165129, 61.596209195259142 ], [ -77.732149410597629, 61.598519372786221 ], [ -77.738104795210972, 61.602325616456831 ], [ -77.732701940805669, 61.606071764323751 ], [ -77.737031922902332, 61.610251886768516 ], [ -77.730672795273435, 61.616864595420282 ], [ -77.734431606665268, 61.621828739337275 ], [ -77.755306416709573, 61.628658672462791 ], [ -77.765980034931872, 61.643552234140138 ], [ -77.787671532064195, 61.647881741453055 ], [ -77.771652389300186, 61.651854303936638 ], [ -77.77953535599238, 61.654865294137146 ], [ -77.775942315257211, 61.66345396893793 ], [ -77.780830217768894, 61.665905822422239 ], [ -77.775758049712309, 61.671084122421298 ], [ -77.795072464007973, 61.679206768517574 ], [ -77.78896540927029, 61.680040982760431 ], [ -77.786850610847921, 61.684054462543216 ], [ -77.791696464536798, 61.685366056111349 ], [ -77.78615480962894, 61.689548172280261 ], [ -77.804012788352821, 61.686264153754749 ], [ -77.80737283550296, 61.692231808415336 ], [ -77.781534077570342, 61.698930357785272 ], [ -77.779543243068275, 61.710648391733201 ], [ -77.791986512928816, 61.710332450376981 ], [ -77.790659451644018, 61.715120401975646 ], [ -77.812385644095258, 61.714873702121032 ], [ -77.798761403655377, 61.706780692683886 ], [ -77.78773476232648, 61.708936900679802 ], [ -77.782752289371345, 61.703630561122331 ], [ -77.785895660765647, 61.699254894083758 ], [ -77.802367172411977, 61.698766095901725 ], [ -77.812647975979601, 61.692833189352783 ], [ -77.810154621592872, 61.686219051328862 ], [ -77.81741010919221, 61.683662496003528 ], [ -77.840982035338499, 61.680902604594216 ], [ -77.850838121140313, 61.684237009676764 ], [ -77.882808797410291, 61.681537252177343 ], [ -77.891518752875584, 61.686312302005092 ], [ -77.943711684392525, 61.679926545599521 ], [ -77.965759992147014, 61.684077127319135 ], [ -77.968885588247275, 61.687477048888475 ], [ -77.964460946578555, 61.688866580434031 ], [ -77.972662948106006, 61.695282716204247 ], [ -77.995781181765778, 61.699773765696541 ], [ -77.994646231324182, 61.70484746038759 ], [ -78.006608975818509, 61.70673453553394 ], [ -77.998260287613846, 61.708739194160373 ], [ -78.007267364714068, 61.711654032853453 ], [ -77.995984610487142, 61.715320155798956 ], [ -78.026727801557712, 61.72851786822374 ], [ -78.015328335017301, 61.735546794925327 ], [ -78.019692131950848, 61.735866359910034 ], [ -78.020800362007336, 61.737139172747142 ], [ -78.012828441710028, 61.736714108120687 ], [ -78.018737085749052, 61.738298129942699 ], [ -78.016652322892895, 61.74202588171481 ], [ -78.02569669248156, 61.75000224415141 ], [ -78.01776523275106, 61.754213940633839 ], [ -78.023336069541841, 61.758153022763182 ], [ -78.016492617521976, 61.759720172032843 ], [ -78.015211450237089, 61.764723126255248 ], [ -78.030283753951608, 61.769649927804679 ], [ -78.022275412924188, 61.771865907086784 ], [ -78.032708788895619, 61.776754492515188 ], [ -78.028301731673722, 61.782713992707926 ], [ -78.031888590624291, 61.786043672143585 ], [ -78.021815323285253, 61.78955357113508 ], [ -78.035470501869739, 61.788645475117512 ], [ -78.051225072874942, 61.795120641383228 ], [ -78.039209283706015, 61.802237388666057 ], [ -78.055471346181918, 61.809639190631096 ], [ -78.052045612102944, 61.813877689442357 ], [ -78.057735614075298, 61.820099474869288 ], [ -78.055909726279012, 61.826465498603724 ], [ -78.062207533335567, 61.839671133928746 ], [ -78.083596208338449, 61.849801800498334 ], [ -78.087498847896683, 61.862964137681004 ], [ -78.094794028191089, 61.867672987001242 ], [ -78.086581970790746, 61.869610247630177 ], [ -78.094678642374106, 61.881935797478796 ], [ -78.090809924570976, 61.883192509429783 ], [ -78.097136191688676, 61.886128937024743 ], [ -78.077570352703248, 61.907651559801707 ], [ -78.085993052795516, 61.91041736015675 ], [ -78.079205480472382, 61.917262369622087 ], [ -78.099642351557364, 61.918556952290594 ], [ -78.0848393559681, 61.925125309220299 ], [ -78.090266746688684, 61.934986830076944 ], [ -78.088210259207813, 61.93936306722096 ], [ -78.097895945862973, 61.943187697552254 ], [ -78.097865992646206, 61.952538458453226 ], [ -78.110696355475483, 61.965528133738651 ], [ -78.109911382788511, 61.971602137634811 ], [ -78.126437849000325, 61.979143044432341 ], [ -78.114257244758548, 61.98055043761785 ], [ -78.117586043928881, 61.987150687706205 ], [ -78.127970461422436, 61.992676293646753 ], [ -78.137106154383616, 61.990584655897543 ], [ -78.134757347223228, 61.995458480720032 ], [ -78.142574457109404, 61.997453195290348 ], [ -78.146867900396458, 61.99526046327238 ], [ -78.140851332064443, 61.989548497027549 ], [ -78.149295787333656, 61.992175659534674 ], [ -78.155626041076687, 61.998028430369402 ], [ -78.148171126095065, 61.997461260653097 ], [ -78.148351476420672, 62.002477390378388 ], [ -78.159066942981411, 62.013585625198871 ], [ -78.143323723325395, 62.022279259910654 ], [ -78.149171722750722, 62.032928011247165 ], [ -78.147194585203209, 62.044636620115554 ], [ -78.152401332186116, 62.046450840412419 ], [ -78.146541431083264, 62.047928780842518 ], [ -78.150845209384457, 62.065722644957077 ], [ -78.15892206349335, 62.074359684756558 ], [ -78.154719540397281, 62.075674505444006 ], [ -78.155130130998458, 62.082949947872315 ], [ -78.161907245965011, 62.085460744883548 ], [ -78.153437708016298, 62.090379725941993 ], [ -78.15689454230521, 62.101760049963666 ], [ -78.152801826546167, 62.101657850116545 ], [ -78.152113260785626, 62.111856977737077 ], [ -78.159838929870318, 62.12335197535868 ], [ -78.178111331062539, 62.131900115063175 ], [ -78.177182782156351, 62.139399552459629 ], [ -78.183282566076826, 62.147904540414643 ], [ -78.17872118190985, 62.155859977194218 ], [ -78.170483599734283, 62.155646904819051 ], [ -78.157157673145463, 62.165452345312687 ], [ -78.175515705144022, 62.167579651627825 ], [ -78.165645883378517, 62.172659705655704 ], [ -78.171883236690022, 62.184662139598387 ], [ -78.179352995302736, 62.18474259318586 ], [ -78.172435004606882, 62.195003294824772 ], [ -78.162435565240457, 62.196649265830906 ], [ -78.153439715998488, 62.204576001981579 ], [ -78.149527134430173, 62.214448284241058 ], [ -78.16137155243409, 62.216990874038657 ], [ -78.152539300631744, 62.221480686781177 ], [ -78.163501031412181, 62.228738703868423 ], [ -78.164319668299399, 62.23436950056584 ], [ -78.170603954712405, 62.235315261053906 ], [ -78.163223360410356, 62.241937302087464 ], [ -78.169396699190031, 62.243671293409513 ], [ -78.153666709650281, 62.251783990396696 ], [ -78.155712937928143, 62.26154503522217 ], [ -78.125287011342579, 62.294450240282629 ], [ -78.149874558575036, 62.284977424354111 ], [ -78.152211408109906, 62.274336204912288 ], [ -78.16904654460734, 62.254586806178338 ], [ -78.195793772253666, 62.255147948094873 ], [ -78.179016429740983, 62.255930658757755 ], [ -78.168271615878169, 62.262224066506285 ], [ -78.169174134058352, 62.270057189485364 ], [ -78.164161152766454, 62.270889036075758 ], [ -78.171586632347712, 62.273106520480823 ], [ -78.161322012271455, 62.276472011825923 ], [ -78.162246025204368, 62.284880514307311 ], [ -78.148033382367004, 62.289350044493702 ], [ -78.153345008820168, 62.296007278918886 ], [ -78.160194941180819, 62.295384004793817 ], [ -78.143702725917322, 62.300435314195653 ], [ -78.148567863134417, 62.303463559398331 ], [ -78.117921164405033, 62.302067550877133 ], [ -78.108432806373628, 62.306424562238725 ], [ -78.111050169831415, 62.302481721704289 ], [ -78.096471708087677, 62.301171683198369 ], [ -78.105298089267563, 62.308515130640224 ], [ -78.100466667600486, 62.305773444678017 ], [ -78.093697780486679, 62.309314915573502 ], [ -78.103004871431523, 62.312886805064132 ], [ -78.13914055190213, 62.313312216644952 ], [ -78.113023831098658, 62.33199483516357 ], [ -78.103289823835979, 62.32957360662752 ], [ -78.117317221951808, 62.336171042374254 ], [ -78.100177264420282, 62.345219425828454 ], [ -78.088147701509257, 62.360067984746813 ], [ -78.090982736738241, 62.362337047634334 ], [ -78.078614253938511, 62.363856409388362 ], [ -78.081741152078038, 62.356556189476997 ], [ -78.076109015737174, 62.357812268316572 ], [ -78.07719785484278, 62.362515183017585 ], [ -78.069753420460742, 62.369050734069091 ], [ -78.065277235289798, 62.367950321109817 ], [ -78.070551765722755, 62.365627147057374 ], [ -78.068012630205359, 62.362717132798544 ], [ -78.040311777452288, 62.363998908249101 ], [ -78.048400361139386, 62.354307565519221 ], [ -78.041339328670233, 62.353573627226574 ], [ -78.049676190027242, 62.346241036662249 ], [ -78.043852684166126, 62.341787561246065 ], [ -78.036907479530569, 62.353820620172598 ], [ -78.025552777838172, 62.35818651026343 ], [ -78.031451415500612, 62.360710992524808 ], [ -78.029726943454392, 62.364069750827419 ], [ -78.007152060510876, 62.367439609960122 ], [ -78.013857031012506, 62.370610992929613 ], [ -78.006340524031714, 62.370727912793853 ], [ -78.003061413247067, 62.378382777929261 ], [ -77.955989323051142, 62.390253767277287 ], [ -77.952360946501727, 62.387213722915561 ], [ -77.958101788401748, 62.384396952774964 ], [ -77.949986896236652, 62.3845242704732 ], [ -77.940588012035874, 62.393068217231189 ], [ -77.925258631129509, 62.388315932975317 ], [ -77.975475961567852, 62.360958208063721 ], [ -77.982884510212656, 62.348142424642774 ], [ -77.979793961916499, 62.347382234462607 ], [ -77.968839542126773, 62.354659223599882 ], [ -77.967880985923159, 62.363150648211196 ], [ -77.947869774033009, 62.375191033647283 ], [ -77.918564021907031, 62.38515084933033 ], [ -77.89522013435618, 62.378667887199555 ], [ -77.938330588975518, 62.404991162804947 ], [ -77.939905332964457, 62.416896059172913 ], [ -77.926021697501398, 62.424688984063643 ], [ -77.910184418039066, 62.429206625928337 ], [ -77.907718105477102, 62.418380136919716 ], [ -77.874602961700418, 62.40396790502632 ], [ -77.883543927237909, 62.416394524937409 ], [ -77.880216648150224, 62.418053278493332 ], [ -77.888558684722369, 62.419784816638185 ], [ -77.891679558002323, 62.426825289427335 ], [ -77.856494299063144, 62.431745912310227 ], [ -77.832445684692715, 62.429110977410858 ], [ -77.829374193022758, 62.434544777900982 ], [ -77.81718942773324, 62.432761650093227 ], [ -77.817141353211127, 62.442957458258007 ], [ -77.790416781866426, 62.449099842450217 ], [ -77.791886673010964, 62.452797995722413 ], [ -77.771817323952789, 62.462036730833994 ], [ -77.751608679428713, 62.459356140631044 ], [ -77.738406131368905, 62.466846440256823 ], [ -77.720679850142957, 62.464795230142187 ], [ -77.705771642068541, 62.479060790504938 ], [ -77.691443343221181, 62.485050239873132 ], [ -77.691875492365142, 62.497598230722623 ], [ -77.666634964539213, 62.512902197681846 ], [ -77.65035507036545, 62.507913097450412 ], [ -77.629174890743059, 62.519558182788117 ], [ -77.594483465788144, 62.526269270564264 ], [ -77.575250663746218, 62.510656734587194 ], [ -77.570265512161569, 62.516164210497443 ], [ -77.576275506517391, 62.524774109316674 ], [ -77.562318380245046, 62.528389756974022 ], [ -77.567609701810994, 62.53136414400295 ], [ -77.55788348554627, 62.539463820404201 ], [ -77.538426524740899, 62.546662114454456 ], [ -77.536523047369457, 62.551950496835502 ], [ -77.517735455817075, 62.553870798056344 ], [ -77.518591999735705, 62.569059947776019 ], [ -77.506193597330494, 62.576018282950841 ], [ -77.509235293277698, 62.582070676893323 ], [ -77.47595678905995, 62.576978916057925 ], [ -77.452094612229715, 62.581117226562029 ], [ -77.419657443847711, 62.57928430404489 ], [ -77.412474385582669, 62.573310674213594 ], [ -77.415890958794336, 62.551842315226729 ], [ -77.407711945921008, 62.526470015660685 ], [ -77.398729667976639, 62.521855939408461 ], [ -77.386702181736752, 62.521891330228314 ], [ -77.400585492963415, 62.523422591071608 ], [ -77.389210793246903, 62.525305904200721 ], [ -77.387709694909262, 62.541999119894655 ], [ -77.377680905693481, 62.554509050393769 ], [ -77.361841492946766, 62.558899485553617 ], [ -77.333478987585465, 62.546839446577714 ], [ -77.310446092327211, 62.557082184291609 ], [ -77.291134351318235, 62.553915754968926 ], [ -77.283052181473892, 62.545939055990004 ], [ -77.269513619921256, 62.551026671946936 ], [ -77.252664785488804, 62.545848409075411 ], [ -77.222132750268557, 62.545897131281109 ], [ -77.215172163749372, 62.539910369136109 ], [ -77.188661687102226, 62.543794195182024 ], [ -77.162561123605641, 62.535193973671213 ], [ -77.153894862331938, 62.523151543064316 ], [ -77.160486613673584, 62.516225288609604 ], [ -77.157207563588557, 62.506883344357213 ], [ -77.148120289943606, 62.507463423209082 ], [ -77.131878140603774, 62.533510353879116 ], [ -77.11784887524874, 62.527312370058084 ], [ -77.114625764306254, 62.535307966425265 ], [ -77.081795223390756, 62.532613221176213 ], [ -77.068356550055583, 62.515994643886273 ], [ -77.068502870371091, 62.500449335563978 ], [ -77.063261642112025, 62.497384141073574 ], [ -77.059403494233507, 62.498312092069355 ], [ -77.057428276568771, 62.515859702262354 ], [ -77.062509889999987, 62.526694558576615 ], [ -77.054341951234392, 62.532265263077761 ], [ -77.043251202363322, 62.518213827189832 ], [ -77.037237467116711, 62.51721517944636 ], [ -77.034008410864033, 62.530838713918826 ], [ -77.025364044071267, 62.52691470111256 ], [ -77.006724829364032, 62.533549790081516 ], [ -76.923004378537087, 62.536648326107176 ], [ -76.923949312349777, 62.529299631356572 ], [ -76.954983734867085, 62.513200709519801 ], [ -76.958073452213782, 62.506997897767867 ], [ -76.954377313212021, 62.505424491228261 ], [ -76.89434218753857, 62.532272053940751 ], [ -76.889309576158311, 62.523711661262794 ], [ -76.8999901635041, 62.512307483137981 ], [ -76.898664231288109, 62.50032091211073 ], [ -76.891482278719252, 62.488404833726975 ], [ -76.882577926202217, 62.483550989404328 ], [ -76.884744548229648, 62.510511780126834 ], [ -76.864322903507514, 62.525322251430737 ], [ -76.855841521404102, 62.525812244783538 ], [ -76.852374342033627, 62.514105294708607 ], [ -76.846238351951357, 62.511322335939376 ], [ -76.833974671705121, 62.52321885181167 ], [ -76.793473148901668, 62.522155416500077 ], [ -76.782392815463936, 62.518499359130054 ], [ -76.783210618356662, 62.513003105285186 ], [ -76.777530661290569, 62.511567132538097 ], [ -76.762840602670749, 62.517391703309229 ], [ -76.755627480010318, 62.513666730031836 ], [ -76.76392631050733, 62.499277621618745 ], [ -76.753162751382632, 62.497832991999672 ], [ -76.732735586301189, 62.507488197901331 ], [ -76.716618655092702, 62.503817591145761 ], [ -76.702207234890409, 62.497296244215939 ], [ -76.702037231218199, 62.485456069326041 ], [ -76.693583629328643, 62.484221130189674 ], [ -76.696434100342714, 62.476662790130568 ], [ -76.665354300473766, 62.48885229055233 ], [ -76.629496669646997, 62.477990013093105 ], [ -76.632362807415433, 62.470432921541274 ], [ -76.661791784660821, 62.467024051786815 ], [ -76.656146273332183, 62.462440485464228 ], [ -76.663401554781274, 62.448195636771416 ], [ -76.658520523151608, 62.433565495440327 ], [ -76.650470999367855, 62.437252281378235 ], [ -76.646420888954523, 62.454502229354226 ], [ -76.628971054719329, 62.459088399074808 ], [ -76.605774914798403, 62.457875944853399 ], [ -76.587190286700192, 62.445977325254226 ], [ -76.583708959283598, 62.43255893315375 ], [ -76.573087286094889, 62.42396158076366 ], [ -76.567559609157883, 62.443416211695563 ], [ -76.573546624553202, 62.453350186958168 ], [ -76.554263345373357, 62.457920652242699 ], [ -76.535158115254873, 62.450581826453394 ], [ -76.533311810066436, 62.442162967338007 ], [ -76.51927614731602, 62.435547310464713 ], [ -76.515731337717639, 62.436322063688529 ], [ -76.520385503599812, 62.442897028268554 ], [ -76.509823097101176, 62.448631879150597 ], [ -76.495805793267493, 62.441950836706226 ], [ -76.480049135921959, 62.445808771370892 ], [ -76.454488527424687, 62.440646187093257 ], [ -76.447250944304585, 62.43362018556094 ], [ -76.436817825587283, 62.432578926513926 ], [ -76.431677955827823, 62.421499553239009 ], [ -76.409524888717158, 62.430532312974854 ], [ -76.401951345085493, 62.425150342685484 ], [ -76.388292543715764, 62.431292991506858 ], [ -76.37674527206822, 62.425751669327823 ], [ -76.363831599185403, 62.426255643960694 ], [ -76.333047188738774, 62.415556061723187 ], [ -76.342438260371509, 62.408248059457129 ], [ -76.339881050639278, 62.406028299962344 ], [ -76.329757698492145, 62.405119806130358 ], [ -76.31437900485156, 62.418956250321614 ], [ -76.289115055242831, 62.41631943503279 ], [ -76.273572756074032, 62.41139013627815 ], [ -76.271315884996511, 62.40381593104933 ], [ -76.255092336936173, 62.401799492390069 ], [ -76.247589649393561, 62.395412205001051 ], [ -76.223090414396609, 62.398556022048012 ], [ -76.187444761639838, 62.383719909068326 ], [ -76.170030060615218, 62.381470398964197 ], [ -76.153199247540897, 62.385291401876934 ], [ -76.101005384682907, 62.376386635225479 ], [ -76.087261348711806, 62.359887131205632 ], [ -76.099105962787291, 62.353546097163644 ], [ -76.099728681777123, 62.343639470735212 ], [ -76.118010228097447, 62.336698107412715 ], [ -76.113077149394513, 62.333308403176559 ], [ -76.075066564995808, 62.338760172407333 ], [ -76.051361941612697, 62.351652754934676 ], [ -76.019655187396339, 62.355416598147421 ], [ -76.010583936428162, 62.338444562609943 ], [ -76.015646970288401, 62.329421778044569 ], [ -76.025439483113217, 62.325067899696585 ], [ -76.020752323206636, 62.314339002914089 ], [ -76.014090076997917, 62.311865227907177 ], [ -76.010713345686199, 62.321037315568397 ], [ -76.015360349827191, 62.324360848582366 ], [ -76.002300165459033, 62.325685438389797 ], [ -75.997996697490436, 62.336174494270651 ], [ -75.979620063930525, 62.347544159666143 ], [ -75.961745488299727, 62.344850108392357 ], [ -75.945756652312397, 62.351045993576584 ], [ -75.877768889050486, 62.32808008472874 ], [ -75.873989725047394, 62.320904526265686 ], [ -75.808184399375733, 62.312864416299767 ], [ -75.807383211869805, 62.307447165264279 ], [ -75.784736236304013, 62.307334479427738 ], [ -75.777063570316656, 62.302251893344646 ], [ -75.744780666203354, 62.306907942489836 ], [ -75.726100437671704, 62.301692604061358 ], [ -75.711190811788853, 62.304013830495109 ], [ -75.690673288884724, 62.294018659524376 ], [ -75.656210103755257, 62.297031213745967 ], [ -75.643297151241569, 62.290053982007869 ], [ -75.621296882954439, 62.290701658552081 ], [ -75.621042370968482, 62.286771082125597 ], [ -75.61491116561578, 62.286672677776586 ], [ -75.620021387491633, 62.278364641662236 ], [ -75.612947107713936, 62.276340413162067 ], [ -75.570000618697762, 62.276388601054059 ], [ -75.56818209286871, 62.271907825118646 ], [ -75.511906358491856, 62.270629973897634 ], [ -75.482179880847127, 62.292079769536471 ], [ -75.47725670425929, 62.290391246687278 ], [ -75.463876274528275, 62.300238752306669 ], [ -75.451398116928019, 62.302658559808812 ], [ -75.444428154452822, 62.299476464150921 ], [ -75.425730415052257, 62.26304611514999 ], [ -75.376844274423377, 62.256284538984694 ], [ -75.409530506226133, 62.269898906415577 ], [ -75.40584543002997, 62.276624017065728 ], [ -75.415573102651777, 62.287636175464478 ], [ -75.413999946110806, 62.306410374173808 ], [ -75.399864505053245, 62.303624212568359 ], [ -75.391305355321677, 62.311296353388975 ], [ -75.340762260916762, 62.316016281043112 ], [ -75.318355999094308, 62.313475248949551 ], [ -75.273852770244034, 62.296595941952951 ], [ -75.206973163682235, 62.294198266590378 ], [ -75.184049648886997, 62.284500294277365 ], [ -75.142799526501136, 62.286981363935162 ], [ -75.119932224858204, 62.279983573918955 ], [ -75.112245579051987, 62.275295424091105 ], [ -75.109170202861975, 62.261321865374342 ], [ -75.120023504816231, 62.249661739557155 ], [ -75.117952897547227, 62.24196186551292 ], [ -75.140658346587983, 62.216358284446493 ], [ -75.112999891692795, 62.224641752645532 ], [ -75.090035149734234, 62.244244818138888 ], [ -75.089727947378663, 62.257449068372026 ], [ -75.077187590103577, 62.270391388561904 ], [ -75.060106301812368, 62.272993944560668 ], [ -75.024287170109773, 62.265796923505057 ], [ -74.969125804959447, 62.265831516443988 ], [ -74.914656323956606, 62.252712389462665 ], [ -74.900100396231025, 62.241527210752537 ], [ -74.867855857797636, 62.230504321883132 ], [ -74.862931658832153, 62.221873321633844 ], [ -74.848744977599353, 62.220530093411462 ], [ -74.845195555218965, 62.207618225777289 ], [ -74.855229573278095, 62.199693997936158 ], [ -74.858534153801543, 62.187570362247399 ], [ -74.835105726409409, 62.200138276494179 ], [ -74.817430505838743, 62.202360239854663 ], [ -74.787824091017129, 62.181546793694082 ], [ -74.757949379886654, 62.177772638888328 ], [ -74.745006885482127, 62.170783736145324 ], [ -74.740754205638666, 62.153945074041893 ], [ -74.769196503992163, 62.138322517848167 ], [ -74.767828730077696, 62.136605738135941 ], [ -74.771172723212132, 62.135677743590804 ], [ -74.770863059529688, 62.130973595423598 ], [ -74.741672057473011, 62.140814246298419 ], [ -74.71973282919754, 62.157009962440455 ], [ -74.704229333583356, 62.150801936515855 ], [ -74.694353442170723, 62.140735842575381 ], [ -74.635395705245628, 62.118017243831552 ], [ -74.608190158038212, 62.118643053856978 ], [ -74.59740612463051, 62.113773762228632 ], [ -74.576723799574239, 62.115462469022468 ], [ -74.55654361543931, 62.110165940155767 ], [ -74.571552235234321, 62.116604541883461 ], [ -74.567601200202233, 62.116807673792223 ], [ -74.545462083609081, 62.109286181153408 ], [ -74.559174462821005, 62.103172592564505 ], [ -74.557865396526282, 62.094398274056758 ], [ -74.547195998603684, 62.098376313746407 ], [ -74.551900647576659, 62.100169002177573 ], [ -74.545006481481636, 62.107722754041312 ], [ -74.530717535403795, 62.110014826952167 ], [ -74.561466254601285, 62.126222767965167 ], [ -74.647175415730601, 62.145067045662728 ], [ -74.686526990463747, 62.172342383564015 ], [ -74.701570537735577, 62.190893938333645 ], [ -74.732666942805992, 62.204951567703972 ], [ -74.750806066721708, 62.208019347500525 ], [ -74.717243056103072, 62.220216686901871 ], [ -74.721670290529161, 62.228133803682248 ], [ -74.707762433746367, 62.244038223152941 ], [ -74.715383945145661, 62.25017589709028 ], [ -74.706987095783788, 62.254520911770186 ], [ -74.654613577365396, 62.251572989549494 ], [ -74.610593984347901, 62.258386258058643 ], [ -74.58620656646535, 62.250658870922472 ], [ -74.568630677001508, 62.251996715211192 ], [ -74.51526891495935, 62.242144085886515 ], [ -74.441321853255261, 62.247638055295099 ], [ -74.425507717796918, 62.241110414997635 ], [ -74.390138748819524, 62.249514199316003 ], [ -74.385993460033276, 62.251722101321988 ], [ -74.388253457216678, 62.255152141961347 ], [ -74.380573702162479, 62.257837988797704 ], [ -74.352812743644577, 62.255763455434106 ], [ -74.331894481740378, 62.266552974843364 ], [ -74.338656659238794, 62.27527466159323 ], [ -74.323103301827885, 62.283215834311768 ], [ -74.314622270323724, 62.27733948250939 ], [ -74.318391240356277, 62.270858970859869 ], [ -74.298507847446331, 62.271801281861279 ], [ -74.296178275237054, 62.274213176339771 ], [ -74.30070148141057, 62.277727899402777 ], [ -74.282877281139577, 62.284234864066526 ], [ -74.288452127530974, 62.289739235875309 ], [ -74.261369699832912, 62.300710993875832 ], [ -74.264523889073317, 62.304210651051918 ], [ -74.261345752145772, 62.311123729443771 ], [ -74.27214887699013, 62.315085510257489 ], [ -74.251301643329739, 62.317084328578858 ], [ -74.249537501778235, 62.322065806846268 ], [ -74.237999440910514, 62.325809148229304 ], [ -74.222741487988088, 62.323256155021589 ], [ -74.212101288080774, 62.327208845102128 ], [ -74.219829314439693, 62.331372669334677 ], [ -74.175122594715774, 62.339831099096578 ], [ -74.186140724830494, 62.332247865452182 ], [ -74.176094284390885, 62.32057289915474 ], [ -74.179062417454901, 62.326362460324304 ], [ -74.160722974830279, 62.324439716217555 ], [ -74.131381405352144, 62.336719275177856 ], [ -74.097684471731625, 62.337573031896831 ], [ -74.076693522486963, 62.344607770019849 ], [ -74.080784969519314, 62.353539830043033 ], [ -74.056524299630169, 62.355917938549219 ], [ -74.043270700221782, 62.35229057915776 ], [ -74.011549917880075, 62.364681426982649 ], [ -74.002519162310293, 62.364275880049988 ], [ -73.997715098123038, 62.358828306513118 ], [ -73.978892562788701, 62.364041747276339 ], [ -73.97616118105816, 62.368770482011179 ], [ -73.967146642938005, 62.369556712400268 ], [ -73.973771578920037, 62.374785371112978 ], [ -73.972247288425621, 62.37921770877157 ], [ -73.951427742034952, 62.392940848990676 ], [ -73.954093604678306, 62.402476423983416 ], [ -73.915938269010098, 62.413109757526186 ], [ -73.918613404122837, 62.419441328795557 ], [ -73.909547353136475, 62.432351394217278 ], [ -73.884597747919059, 62.439165072163391 ], [ -73.847892729258433, 62.463113623707066 ], [ -73.825405453517448, 62.457566857836362 ], [ -73.731578536566275, 62.47672872513585 ], [ -73.708743537516895, 62.474095492909179 ], [ -73.71139754277695, 62.480924784662683 ], [ -73.707581205746976, 62.482586197142247 ], [ -73.671346767565097, 62.47931046748419 ], [ -73.658433163399877, 62.473962113701099 ], [ -73.641723669499243, 62.452371422433686 ], [ -73.630814477372311, 62.452291701987342 ], [ -73.612714139962193, 62.441339878366357 ], [ -73.621065821205576, 62.431233235242921 ], [ -73.611204826340227, 62.430435121732934 ], [ -73.613575172514174, 62.426930541383634 ], [ -73.60935913526491, 62.423881082749531 ], [ -73.602772753092424, 62.424344886917837 ], [ -73.600136620119414, 62.42978577484832 ], [ -73.596675181442734, 62.425944501067363 ], [ -73.600485249428118, 62.419007222889086 ], [ -73.592272778929399, 62.415773395919416 ], [ -73.61425631505891, 62.410948335441923 ], [ -73.613986690849941, 62.406313230753774 ], [ -73.57254402512649, 62.406038476597331 ], [ -73.545249861295048, 62.386202741290234 ], [ -73.55398845648196, 62.379452716389672 ], [ -73.541970161955334, 62.376876486269524 ], [ -73.51311254134751, 62.3821465326929 ], [ -73.501337285044457, 62.391402128522728 ], [ -73.465058923897274, 62.387002902568163 ], [ -73.458497485986683, 62.380690775631493 ], [ -73.440828699861683, 62.378339357382501 ], [ -73.439631471487843, 62.372355584487849 ], [ -73.450199469395912, 62.364249794895535 ], [ -73.455044381219338, 62.35309914516899 ], [ -73.451341169274841, 62.351477859050227 ], [ -73.42039594581037, 62.367936924900832 ], [ -73.386312624183034, 62.373776820691468 ], [ -73.374631592721286, 62.362768386814381 ], [ -73.364784945712444, 62.360453396551911 ], [ -73.368434728714618, 62.358368396054324 ], [ -73.353104160784738, 62.357783797288143 ], [ -73.329352638849244, 62.348100441407347 ], [ -73.316677439812011, 62.329524099850374 ], [ -73.286992516391834, 62.33040961938886 ], [ -73.265163115492058, 62.323270474561056 ], [ -73.231365434723159, 62.324577559089541 ], [ -73.203289614105159, 62.318587974617223 ], [ -73.196217668843076, 62.315829722045848 ], [ -73.189347158723763, 62.30172463616907 ], [ -73.206097523235528, 62.295764523500829 ], [ -73.194921161381629, 62.280813860669269 ], [ -73.213671088719153, 62.276342448185304 ], [ -73.21449651215616, 62.269565154372245 ], [ -73.191910682457362, 62.270269543545382 ], [ -73.185113069397374, 62.26379696782115 ], [ -73.169814280463143, 62.261620785687832 ], [ -73.166843795567232, 62.254712785957722 ], [ -73.155710315883951, 62.255373414638619 ], [ -73.153367581839532, 62.24896724431666 ], [ -73.136525464439643, 62.242941748597623 ], [ -73.140602342293533, 62.239575466748725 ], [ -73.113245311935927, 62.232857980937524 ], [ -73.109975320632401, 62.225450675057459 ], [ -73.115605121789159, 62.223722472919981 ], [ -73.106287977814247, 62.222886227442316 ], [ -73.100274132714503, 62.214193071699917 ], [ -73.058758294786514, 62.208059963604953 ], [ -73.056229316236625, 62.192661048041415 ], [ -73.059674535329762, 62.183595409799565 ], [ -73.044720939578269, 62.178913524763971 ], [ -73.013984264449448, 62.184160285605834 ], [ -73.002218090143799, 62.17640354147337 ], [ -72.981361665567249, 62.179199146676225 ], [ -72.965960493047319, 62.169949447772126 ], [ -72.99486419465029, 62.166779060229835 ], [ -72.965787252164333, 62.166238343973447 ], [ -72.94736789832865, 62.160614738097848 ], [ -72.945369125702385, 62.154981823006906 ], [ -72.935488650353378, 62.158839797618235 ], [ -72.918288950440626, 62.156283491080373 ], [ -72.923917541669795, 62.160992539934377 ], [ -72.911888648454166, 62.160569237565895 ], [ -72.907926713289612, 62.156217105604931 ], [ -72.915241465541342, 62.155932337117264 ], [ -72.911123794618788, 62.153005737638544 ], [ -72.895917173849384, 62.152227720781845 ], [ -72.905341055790103, 62.147521532154755 ], [ -72.901365479132224, 62.141741203769989 ], [ -72.89088748794579, 62.143961599720889 ], [ -72.873379729845041, 62.139401360847074 ], [ -72.882364395604952, 62.135758599540303 ], [ -72.883410715232699, 62.129838916162093 ], [ -72.913206106666536, 62.122488020522219 ], [ -72.94527092910009, 62.121324632525429 ], [ -72.952405530027704, 62.118179763556164 ], [ -72.961839263406588, 62.121883973522628 ], [ -72.958186038861882, 62.118040709414608 ], [ -72.950123618966259, 62.117616189360042 ], [ -72.944815685441654, 62.12040194621153 ], [ -72.930515778252186, 62.120054081493826 ], [ -72.898438767218522, 62.111434829622297 ], [ -72.867453275350144, 62.110448733372991 ], [ -72.842837164477189, 62.118580055504836 ], [ -72.844963180663541, 62.122932562569829 ], [ -72.819105139058607, 62.12863382005267 ], [ -72.81499869611541, 62.127060383844437 ], [ -72.820634237202626, 62.121500802293077 ], [ -72.818049726518439, 62.119574244478486 ], [ -72.775845343756757, 62.10779358486873 ], [ -72.796597210648869, 62.134823768695959 ], [ -72.772868967686279, 62.135817918632753 ], [ -72.750475094933165, 62.146214115461149 ], [ -72.699096241966856, 62.139891534535764 ], [ -72.692300038391167, 62.131112187107121 ], [ -72.669032301663051, 62.133084092342479 ], [ -72.609283933311957, 62.113447471861754 ], [ -72.597452315396623, 62.094822646373579 ], [ -72.605361116686254, 62.092696687315353 ], [ -72.598912695528753, 62.08240947200769 ], [ -72.61411016595666, 62.080589107719476 ], [ -72.605097659062935, 62.069305928328859 ], [ -72.662658103808909, 62.062191051702989 ], [ -72.636475900310444, 62.052809703715731 ], [ -72.615800621816533, 62.058552350146805 ], [ -72.58186370730408, 62.05499867200362 ], [ -72.578268358973332, 62.050642739205706 ], [ -72.586019733965273, 62.048443382977354 ], [ -72.58469899271654, 62.044594392474153 ], [ -72.620614066322119, 62.046439332978295 ], [ -72.622906558153716, 62.042805656655929 ], [ -72.609367801557667, 62.030088435842849 ], [ -72.589692812929272, 62.027914151534631 ], [ -72.603988069315704, 62.021669839003167 ], [ -72.588667633006551, 62.022992634656298 ], [ -72.591573417141305, 62.020573587227453 ], [ -72.587376468779453, 62.015641547764226 ], [ -72.594521804431324, 62.012524181558987 ], [ -72.619154739387113, 62.018627342588637 ], [ -72.601199377928566, 62.010960980457497 ], [ -72.597799301994698, 62.000762292893754 ], [ -72.57611577071539, 61.998631660350753 ], [ -72.595789098337704, 61.982405991790358 ], [ -72.572332763592826, 61.983288284136236 ], [ -72.590724288780294, 61.97619251669451 ], [ -72.579724132815102, 61.971455405381924 ], [ -72.58490518896761, 61.967477840918782 ], [ -72.631959225007776, 61.966004172842858 ], [ -72.663607166331047, 61.959844609200665 ], [ -72.675455291435767, 61.953803341095366 ], [ -72.668864210344026, 61.944450747941936 ], [ -72.675683009166491, 61.942536321643161 ], [ -72.670253020213863, 61.940738230954523 ], [ -72.675695894862471, 61.939608785111403 ], [ -72.673301497411742, 61.935751541289115 ], [ -72.626669158263951, 61.933120739063099 ], [ -72.597887212479179, 61.938040312625589 ], [ -72.591314395618795, 61.946942542363104 ], [ -72.57962832262811, 61.951479763203444 ], [ -72.564518056110089, 61.950593784642479 ], [ -72.551726936836687, 61.944574181051877 ], [ -72.556737072443454, 61.942723206177298 ], [ -72.55046149579367, 61.937285870314611 ], [ -72.527239347447221, 61.932380217848518 ], [ -72.516467656715932, 61.92443546956892 ], [ -72.486184405970448, 61.930056158546584 ], [ -72.468286293721278, 61.925012949929489 ], [ -72.468812574574201, 61.919804334421386 ], [ -72.441752841486803, 61.911660723490215 ], [ -72.447420227412493, 61.905829074279652 ], [ -72.441659958686202, 61.896821248412088 ], [ -72.418891157933672, 61.905162213614396 ], [ -72.389296035629414, 61.897355566121803 ], [ -72.37982518622357, 61.886549892091239 ], [ -72.369395161595989, 61.887437624296332 ], [ -72.366392617931979, 61.895131637357693 ], [ -72.342867364989232, 61.894185291324852 ], [ -72.31804812742179, 61.882377134494881 ], [ -72.303133607176633, 61.889882085144272 ], [ -72.262268002772799, 61.888562827131722 ], [ -72.251396168339284, 61.881806760562398 ], [ -72.229387909429519, 61.881059730381857 ], [ -72.207990687146349, 61.874033704112826 ], [ -72.203183171132906, 61.866669003911845 ], [ -72.193539381338226, 61.86583469141695 ], [ -72.176970733123923, 61.852623071678721 ], [ -72.17818475463136, 61.839218676089615 ], [ -72.194848248195086, 61.835517663584639 ], [ -72.181024455447968, 61.834165744477808 ], [ -72.172762759268579, 61.826486264333184 ], [ -72.162360021812859, 61.827430550694153 ], [ -72.108383401299506, 61.795178043241606 ], [ -72.139580224589039, 61.798275195202088 ], [ -72.169418466432631, 61.789803076073866 ], [ -72.205461814356198, 61.791979059341351 ], [ -72.258926498514228, 61.78759591007298 ], [ -72.244454369780811, 61.782257839870368 ], [ -72.207873486331849, 61.784644320343311 ], [ -72.172463141617456, 61.775053019145709 ], [ -72.214541562204019, 61.768197692151375 ], [ -72.214561178038849, 61.76106577198982 ], [ -72.224408339409877, 61.756971677608874 ], [ -72.216693080881313, 61.752368848395598 ], [ -72.203434395090639, 61.754587296695206 ], [ -72.202051481107532, 61.748738212782264 ], [ -72.209378757527247, 61.743991940634999 ], [ -72.157245808760806, 61.745148509613408 ], [ -72.150583313950762, 61.75367883155063 ], [ -72.128834139422253, 61.764975017718847 ], [ -72.112689985107977, 61.767097479815561 ], [ -72.072435091478269, 61.755733569397783 ], [ -72.094250037443373, 61.748516888334763 ], [ -72.064359373876783, 61.743415306226879 ], [ -72.047535776508866, 61.748740511325799 ], [ -72.042983614009586, 61.745426302107397 ], [ -72.047144327932259, 61.740961357071917 ], [ -72.034361013755401, 61.731459232429039 ], [ -72.005528373891138, 61.726645763994263 ], [ -72.004163928348305, 61.721782708539671 ], [ -72.014727398270651, 61.709085783220964 ], [ -72.008619564183647, 61.702196762699032 ], [ -72.014684977974952, 61.689177005682588 ], [ -71.995568661717385, 61.688238831273829 ], [ -71.948461325387981, 61.697196711563549 ], [ -71.950679689517841, 61.701408882307575 ], [ -71.937216989336946, 61.708067590481761 ], [ -71.910236163965848, 61.704322574251869 ], [ -71.905930609525385, 61.706426268269936 ], [ -71.909327997399998, 61.709543223465879 ], [ -71.892199122658198, 61.70387822350078 ], [ -71.896126547901105, 61.694713087580446 ], [ -71.858939569988408, 61.700668902041244 ], [ -71.808197802850998, 61.694855881004862 ], [ -71.801104332865563, 61.688183139847702 ], [ -71.809098846945872, 61.67315258019535 ], [ -71.770521492823079, 61.68351460336973 ], [ -71.763793962707879, 61.678485499017526 ], [ -71.767296061049521, 61.668614538893884 ], [ -71.743826748813461, 61.677387114663617 ], [ -71.713241004253462, 61.665564951173778 ], [ -71.712211789983357, 61.660294617565043 ], [ -71.701138228024774, 61.667196671306229 ], [ -71.671775653911737, 61.655224674045961 ], [ -71.646655191970211, 61.6576980193136 ], [ -71.626896345005377, 61.652159539765186 ], [ -71.611136504935459, 61.635961007349145 ], [ -71.579307127503839, 61.632325479649062 ], [ -71.553554214605697, 61.616452645644024 ], [ -71.548652462556774, 61.610759725956257 ], [ -71.558025201273153, 61.591309248281128 ], [ -71.542171819676284, 61.591308775675323 ], [ -71.522784615224595, 61.57775518448544 ], [ -71.542255167827463, 61.563112809435431 ], [ -71.555569918601762, 61.563564828327223 ], [ -71.571148191718549, 61.574059845685881 ], [ -71.587239683390038, 61.570917556754495 ], [ -71.591770999199326, 61.565397416811336 ], [ -71.619570406106121, 61.573193461647023 ], [ -71.61529439773517, 61.568505851001539 ], [ -71.623891043401926, 61.565466574734245 ], [ -71.600982215937577, 61.555512481069471 ], [ -71.611196667123707, 61.550467053816092 ], [ -71.631155143149456, 61.554943200815124 ], [ -71.676252486187352, 61.547087028592429 ], [ -71.689631277841968, 61.551153603229601 ], [ -71.709809120978676, 61.54483490342318 ], [ -71.730712029201399, 61.55071513426671 ], [ -71.736966081530056, 61.549898181658342 ], [ -71.731364551619606, 61.54700118672325 ], [ -71.7473331680184, 61.546842317100712 ], [ -71.740239088951284, 61.543248121585108 ], [ -71.77775563027005, 61.544744271598795 ], [ -71.773611078455815, 61.540489827159782 ], [ -71.809727634190835, 61.544835296693307 ], [ -71.812883567803098, 61.540395487579531 ], [ -71.800136323543057, 61.538043620366984 ], [ -71.830624672977507, 61.538860786826838 ], [ -71.828883586774296, 61.535653953094275 ], [ -71.83934888311876, 61.530522749912869 ], [ -71.788337784892178, 61.531979192255669 ], [ -71.774627781903632, 61.527632535480272 ], [ -71.767750400809859, 61.520963194958021 ], [ -71.777535697255018, 61.518482591998733 ], [ -71.772321962565556, 61.513162980062724 ], [ -71.746011433227622, 61.505251455901032 ], [ -71.807255684115432, 61.49704219522765 ], [ -71.765952217541283, 61.484870294937402 ], [ -71.762848915923726, 61.480172275375232 ], [ -71.731857268416093, 61.474212751340808 ], [ -71.734491838251898, 61.472345365084351 ], [ -71.715618752726954, 61.474510432904978 ], [ -71.709114426641193, 61.470983935133518 ], [ -71.710687304440555, 61.467476334940613 ], [ -71.739953564946418, 61.470385140925849 ], [ -71.769322550098522, 61.465506409448423 ], [ -71.788796909589252, 61.45168835524035 ], [ -71.828001283356116, 61.444673085458859 ], [ -71.82273087995037, 61.447789968294522 ], [ -71.838697275419932, 61.446893200510139 ], [ -71.847981036195307, 61.443546146150403 ], [ -71.842060268446417, 61.43951958259224 ], [ -71.871382654879596, 61.434403511961087 ], [ -71.884547447158255, 61.441671286188651 ], [ -71.911067698602011, 61.442562102879947 ], [ -71.929777963196614, 61.450785031443758 ], [ -71.947558421792735, 61.45244057876139 ], [ -71.958068725426742, 61.450649461597209 ], [ -71.930943245622942, 61.450202965029504 ], [ -71.922841301471436, 61.443055446524639 ], [ -71.853912047726169, 61.426739831346005 ], [ -71.866639930045807, 61.424019830518994 ], [ -71.861463525101414, 61.420122162370006 ], [ -71.818905408817201, 61.419537240822578 ], [ -71.804340090695305, 61.425623376225211 ], [ -71.778782977680862, 61.42712677942535 ], [ -71.76377801645377, 61.422437789896364 ], [ -71.786924301903838, 61.419378569999246 ], [ -71.784008732343253, 61.416536718553509 ], [ -71.758399929871601, 61.415468293392408 ], [ -71.741138341316557, 61.421063184502998 ], [ -71.719617941477011, 61.410122708362763 ], [ -71.690523998549637, 61.406137980366481 ], [ -71.674849397312528, 61.410641985519284 ], [ -71.665985024664039, 61.40647735357571 ], [ -71.663835706477954, 61.409843050507334 ], [ -71.641326566672589, 61.406958362824398 ], [ -71.636954561519531, 61.411112264707441 ], [ -71.645771781359045, 61.413644823394037 ], [ -71.633982679932856, 61.418769032980315 ], [ -71.568363164556061, 61.409576960596951 ], [ -71.569735354763651, 61.403928164445105 ], [ -71.593936885908249, 61.40225621040387 ], [ -71.628590933222767, 61.409944682946339 ], [ -71.637742526889667, 61.406902145299426 ], [ -71.635704741492418, 61.40184856978491 ], [ -71.610536590545919, 61.399324775468337 ], [ -71.620846637577486, 61.394922723870017 ], [ -71.652177784587153, 61.407187402585798 ], [ -71.662714422936588, 61.405921626976728 ], [ -71.665734644922495, 61.401344188046082 ], [ -71.662579463154074, 61.399717271641457 ], [ -71.654030636148107, 61.402965386189337 ], [ -71.644306278816217, 61.400091698750522 ], [ -71.658968441310478, 61.398233918940448 ], [ -71.645819555024232, 61.394726636013566 ], [ -71.656496552735547, 61.39339566693733 ], [ -71.655330603546759, 61.388046844782927 ], [ -71.641587343810698, 61.384541849824764 ], [ -71.644387665033207, 61.38288850719983 ], [ -71.636399438204066, 61.377645123065662 ], [ -71.704402945403132, 61.370093219654628 ], [ -71.764729304040955, 61.376829526533768 ], [ -71.78453433232383, 61.384779611881527 ], [ -71.785938217711944, 61.380986913005465 ], [ -71.815763747117842, 61.385304260035845 ], [ -71.817560263169128, 61.380505903357168 ], [ -71.837095748922351, 61.377458498306403 ], [ -71.91514004565137, 61.394151860405778 ], [ -71.882873337258957, 61.37823816024833 ], [ -71.858527164488564, 61.373685633233158 ], [ -71.846309271492885, 61.37747250195882 ], [ -71.826107661613193, 61.371893149506477 ], [ -71.795720934777762, 61.374578709641959 ], [ -71.768095614389424, 61.362603683908425 ], [ -71.817685903135811, 61.351747772549771 ], [ -71.827531896655117, 61.342272380372471 ], [ -71.843578977626834, 61.343096252624314 ], [ -71.862169169722449, 61.339193249426835 ], [ -71.873055101859023, 61.341047587167907 ], [ -71.870678062344879, 61.335923315421283 ], [ -71.788321478483624, 61.346999623559874 ], [ -71.761082562626456, 61.355443125089351 ], [ -71.743877303862135, 61.355962333296944 ], [ -71.677386813327388, 61.350111508119369 ], [ -71.69418565286594, 61.344461608997619 ], [ -71.688273580276089, 61.339207022169695 ], [ -71.696119417123725, 61.338243040009544 ], [ -71.680732012571866, 61.333894549982169 ], [ -71.683060175434079, 61.331387288193227 ], [ -71.67719896806976, 61.327990703627208 ], [ -71.662120826891027, 61.330496873491882 ], [ -71.640967522251273, 61.32638262914034 ], [ -71.664541633628474, 61.325984974291785 ], [ -71.661310298068003, 61.32050603367432 ], [ -71.674763269561296, 61.318939165236628 ], [ -71.685839704794745, 61.323023253868399 ], [ -71.69164402818771, 61.330983887941031 ], [ -71.697641389232658, 61.327029209406433 ], [ -71.713241283303887, 61.328443103400126 ], [ -71.709314146374297, 61.324964309284958 ], [ -71.725615763161784, 61.330584769508434 ], [ -71.74681872623556, 61.330615699002081 ], [ -71.7372575878085, 61.321744891538856 ], [ -71.694403992701297, 61.321766662665951 ], [ -71.704563853854069, 61.318214038504536 ], [ -71.691265272691496, 61.313501824116479 ], [ -71.706147442822768, 61.310142795993734 ], [ -71.708202591844724, 61.302349578173725 ], [ -71.72124971511154, 61.29664491604133 ], [ -71.741856870350091, 61.297173300823232 ], [ -71.732331098383966, 61.294796307740327 ], [ -71.736270030794401, 61.292210665569272 ], [ -71.781339051530551, 61.299729512440358 ], [ -71.774206481694392, 61.293201010710291 ], [ -71.799052710748938, 61.2794942645547 ], [ -71.79651086188899, 61.273375161691533 ], [ -71.795767848941949, 61.278448079586283 ], [ -71.781572588452036, 61.279386708145751 ], [ -71.761439703812641, 61.291565987662274 ], [ -71.734329310653862, 61.285791001621995 ], [ -71.734529390738686, 61.281870353560819 ], [ -71.652603827371038, 61.273229790206521 ], [ -71.663540039827296, 61.265757406773133 ], [ -71.664502275004736, 61.255758614739698 ], [ -71.678892371783064, 61.250193131001865 ], [ -71.692940881419744, 61.236772785592379 ], [ -71.6642361494537, 61.250194534320237 ], [ -71.661161065311077, 61.265202267422339 ], [ -71.64635917632269, 61.271977441439439 ], [ -71.631257581430816, 61.272127523288184 ], [ -71.579103780638306, 61.254373930011781 ], [ -71.571952708031873, 61.243775753474672 ], [ -71.580719622714881, 61.238381318566958 ], [ -71.595790849116767, 61.2376084466569 ], [ -71.618947614021636, 61.212379821965797 ], [ -71.616449355727113, 61.205394684571743 ], [ -71.628949451824468, 61.195199782545842 ], [ -71.619553987856506, 61.190324642535153 ], [ -71.620499964043901, 61.186030570544858 ], [ -71.628727950686411, 61.184281094897258 ], [ -71.645287957195876, 61.178281380847906 ], [ -71.645976174720474, 61.176282709164056 ], [ -71.61258312042682, 61.188851441647344 ], [ -71.613993866181175, 61.200483682850894 ], [ -71.606428139172451, 61.207150897226967 ], [ -71.569521773788793, 61.21673977524808 ], [ -71.584960342196709, 61.219886361488754 ], [ -71.565709456444765, 61.21818635291244 ], [ -71.547778331480089, 61.224255513665724 ], [ -71.550377392814113, 61.220460967413615 ], [ -71.542664098864009, 61.21906098294042 ], [ -71.53656141464181, 61.20781271442074 ], [ -71.549291707383915, 61.192770692303284 ], [ -71.537192066517804, 61.184186273626288 ], [ -71.556492748057764, 61.173690944479688 ], [ -71.549933971898852, 61.170787607363295 ], [ -71.579181970403724, 61.164313824576922 ], [ -71.55251717454496, 61.15765146938562 ], [ -71.48894617757044, 61.168392970166543 ], [ -71.489760095309634, 61.17352481470099 ], [ -71.481571149230149, 61.178193224395564 ], [ -71.504173072186873, 61.17889075694864 ], [ -71.521194127035017, 61.189820663721306 ], [ -71.516585342586751, 61.206460752232509 ], [ -71.522067087138282, 61.215862057466296 ], [ -71.50783318748779, 61.222126431132629 ], [ -71.512253998848806, 61.21262214191394 ], [ -71.50778276101326, 61.210495366710745 ], [ -71.488052453802652, 61.223344415257706 ], [ -71.442833598074159, 61.22543367424985 ], [ -71.432599446809988, 61.223183691171641 ], [ -71.436647667861791, 61.216033155945951 ], [ -71.430815610011166, 61.211413404142981 ], [ -71.44262412298076, 61.199668087846241 ], [ -71.441833806395465, 61.185616498937037 ], [ -71.453183072614664, 61.184647857459481 ], [ -71.432602757392345, 61.18100427074183 ], [ -71.4434863730892, 61.17740406777186 ], [ -71.442929891682851, 61.170695551922186 ], [ -71.423501963883567, 61.163760438597862 ], [ -71.415113605324521, 61.165428376467069 ], [ -71.415081909491889, 61.173279163776904 ], [ -71.40522447706789, 61.176454648816588 ], [ -71.395741403104054, 61.173560008674968 ], [ -71.395373159498973, 61.166991774333987 ], [ -71.384142579742033, 61.165528468337619 ], [ -71.401336873035476, 61.14955998666759 ], [ -71.431104733127327, 61.137405539955374 ], [ -71.430736741866568, 61.131412135534347 ], [ -71.424644073279225, 61.128503558663539 ], [ -71.435872356000687, 61.119472375800591 ], [ -71.425741820335233, 61.122717400853752 ], [ -71.425108978040171, 61.119791637283264 ], [ -71.417851108028671, 61.116176157539002 ], [ -71.421131263674312, 61.119737191798727 ], [ -71.410423509038822, 61.122982417098399 ], [ -71.417557682632975, 61.138088487230362 ], [ -71.384660587726685, 61.148750223947175 ], [ -71.377684360029619, 61.144705433598233 ], [ -71.387561642553223, 61.132540633779918 ], [ -71.394907862395328, 61.130452678171785 ], [ -71.395090863791523, 61.122814787969197 ], [ -71.371593500776868, 61.116528556990644 ], [ -71.37435336378627, 61.126090690787734 ], [ -71.367591146286173, 61.139951462314841 ], [ -71.342283652659418, 61.157717825627344 ], [ -71.324756296581228, 61.159268561104597 ], [ -71.313331446315857, 61.15379699066407 ], [ -71.293340105038823, 61.16005615547553 ], [ -71.282149244544925, 61.146943736539761 ], [ -71.276249493314822, 61.146818604114038 ], [ -71.263809625651561, 61.158119444828095 ], [ -71.218848083318008, 61.162699190220017 ], [ -71.212478521988515, 61.15935468358969 ], [ -71.222691513020337, 61.144134634996085 ], [ -71.21864688003528, 61.135219719892255 ], [ -71.20460951867507, 61.131039437256348 ], [ -71.194477279845657, 61.137051040373279 ], [ -71.193488707981047, 61.143686248123437 ], [ -71.182420789650479, 61.141350524824453 ], [ -71.203843799472196, 61.12511529965326 ], [ -71.178920312454792, 61.099455730692618 ], [ -71.165330393711457, 61.09255206581043 ], [ -71.175560677381739, 61.104027397297536 ], [ -71.179792306981625, 61.119936816017322 ], [ -71.177454560482118, 61.12508479441825 ], [ -71.170976832169799, 61.124587203772258 ], [ -71.168970157395563, 61.134588518131011 ], [ -71.15854268581198, 61.143736464179135 ], [ -71.142010652853898, 61.141331876265141 ], [ -71.149185507840173, 61.131545432182911 ], [ -71.128281664360671, 61.137201760230226 ], [ -71.114852242558911, 61.134718115750147 ], [ -71.110714308998453, 61.131441824117964 ], [ -71.115712339325782, 61.125364418994252 ], [ -71.114500601064691, 61.117237608161574 ], [ -71.103196248095301, 61.127310955490522 ], [ -71.09962980893421, 61.119463119908367 ], [ -71.093868017280897, 61.117962861155377 ], [ -71.086089364468279, 61.127252628437901 ], [ -71.066484479763801, 61.126475931301897 ], [ -71.065310854575515, 61.130400527117452 ], [ -71.042619247576368, 61.13619647584234 ], [ -71.037010406013707, 61.128135520145769 ], [ -71.026851548902997, 61.134206462137257 ], [ -70.988225715425926, 61.128708866602189 ], [ -70.977018761207148, 61.123215400261437 ], [ -70.984539421871844, 61.116720008544128 ], [ -70.970842473620309, 61.11914753960297 ], [ -70.967594987297446, 61.110510626994774 ], [ -70.956121925827446, 61.110156261463004 ], [ -70.949907345957101, 61.117430449801297 ], [ -70.930612476692346, 61.115785524858403 ], [ -70.928424761206259, 61.10943163285517 ], [ -70.910626064231693, 61.100497371783682 ], [ -70.909309055776646, 61.096501745149645 ], [ -70.924643900155289, 61.083873190892263 ], [ -70.938070696830707, 61.066609254677999 ], [ -70.937929146686102, 61.05883411318316 ], [ -70.945891442508696, 61.052406268036506 ], [ -70.93664105008115, 61.044411852317708 ], [ -70.930009538792305, 61.052616275313589 ], [ -70.932350031052991, 61.060324016966455 ], [ -70.926288179485283, 61.067604021091377 ], [ -70.928351136508411, 61.070744724099463 ], [ -70.918777387434858, 61.077023703765178 ], [ -70.91052118504345, 61.077230528294351 ], [ -70.916722449914445, 61.072167504891326 ], [ -70.902883834923529, 61.075084238963704 ], [ -70.895985208686341, 61.069155375174248 ], [ -70.903020074014051, 61.081368629953921 ], [ -70.888877810430813, 61.085500506254562 ], [ -70.871075317774654, 61.079848123792544 ], [ -70.861552150436779, 61.068915910846208 ], [ -70.843113505793667, 61.079172813713427 ], [ -70.833698794878899, 61.079238059861694 ], [ -70.827549591085884, 61.073879361840774 ], [ -70.810344166045098, 61.072853805769739 ], [ -70.808763033162435, 61.065933304309546 ], [ -70.796109698772469, 61.064701254219337 ], [ -70.79439647096946, 61.05898569167146 ], [ -70.801485417177389, 61.052003508448763 ], [ -70.797431702243202, 61.042574466233994 ], [ -70.791541572756145, 61.043209520492127 ], [ -70.79535557840731, 61.046140275734913 ], [ -70.79309338714468, 61.05363286038471 ], [ -70.777199863379835, 61.056959103398754 ], [ -70.762394871562648, 61.048586137063346 ], [ -70.754986648670155, 61.036873807587853 ], [ -70.745472495578426, 61.033216580903137 ], [ -70.722173132785016, 61.000253831594549 ], [ -70.721279684851908, 61.008688529629552 ], [ -70.747362952966824, 61.052768664169072 ], [ -70.768247524713871, 61.073510197038573 ], [ -70.761714669417103, 61.083707087049092 ], [ -70.731526425547031, 61.084366742866791 ], [ -70.742404461487908, 61.068395140726018 ], [ -70.710800496846929, 61.080679578770429 ], [ -70.716232266370554, 61.066628901098525 ], [ -70.711140309832501, 61.059841813574948 ], [ -70.695709371255504, 61.072725044434975 ], [ -70.685207644936455, 61.06485539761055 ], [ -70.685403710779397, 61.058432317761842 ], [ -70.652172727759321, 61.058923795044663 ], [ -70.644408976387666, 61.054977643756537 ], [ -70.647765756951685, 61.043990316999889 ], [ -70.666009041238311, 61.043326408839739 ], [ -70.679541485852695, 61.026438149913325 ], [ -70.678277209317997, 61.020724686681838 ], [ -70.658199152039003, 61.017183423746765 ], [ -70.662990350724471, 61.021758074430821 ], [ -70.654548282772083, 61.027734675045195 ], [ -70.645114616613753, 61.03178316869316 ], [ -70.638379947710632, 61.02826417938401 ], [ -70.637274331510895, 61.035542275503893 ], [ -70.62120174339735, 61.04056736782205 ], [ -70.599454380265854, 61.027159672225764 ], [ -70.588461861652803, 61.013496663083401 ], [ -70.574647960485834, 61.025942798019841 ], [ -70.52712326000551, 61.01022694751483 ], [ -70.554082284191125, 61.047435921405295 ], [ -70.547711611061203, 61.050481340073063 ], [ -70.538589769316459, 61.040743992548336 ], [ -70.531285604219107, 61.047858037052457 ], [ -70.514621015517278, 61.040952169233734 ], [ -70.521133291456621, 61.048179324620918 ], [ -70.505368470355265, 61.050053125924585 ], [ -70.515887884684687, 61.054299486427958 ], [ -70.516399753169409, 61.059582662838203 ], [ -70.503872302781986, 61.061473722870467 ], [ -70.494021003047877, 61.07064331673849 ], [ -70.479259321577402, 61.054957111998753 ], [ -70.460037142245199, 61.043816350825516 ], [ -70.460185969713052, 61.026116331174102 ], [ -70.442710652001722, 61.017055510062164 ], [ -70.447238021530438, 61.02749495254924 ], [ -70.435904185667482, 61.02816375170805 ], [ -70.418329564297991, 61.017161339136763 ], [ -70.416688801961655, 61.010237540381013 ], [ -70.42098978376201, 61.007965408501796 ], [ -70.407925061109083, 61.007410988839638 ], [ -70.40527751871771, 61.023673198471805 ], [ -70.424422089921535, 61.046172237075922 ], [ -70.428972988008155, 61.070745438196035 ], [ -70.406179020472578, 61.062014335926605 ], [ -70.400718347273042, 61.055417461323934 ], [ -70.379215578102801, 61.049541889168779 ], [ -70.375075016169802, 61.043316607977332 ], [ -70.361002911980975, 61.041178474224857 ], [ -70.371503106941006, 61.052790083166208 ], [ -70.361180337634067, 61.054385086726185 ], [ -70.410629089476913, 61.084586675252872 ], [ -70.407726909756036, 61.090211008684733 ], [ -70.377722018783587, 61.088086848678415 ], [ -70.363059339034422, 61.070959642303002 ], [ -70.354358806335398, 61.071630788047088 ], [ -70.333815552489511, 61.054254072038326 ], [ -70.330226361879923, 61.057450115368439 ], [ -70.337659320010715, 61.074688460800267 ], [ -70.349017088295781, 61.088089092977398 ], [ -70.331766578266297, 61.08222625331851 ], [ -70.320822537961959, 61.091878413366466 ], [ -70.309083528613414, 61.082905822622394 ], [ -70.305440284217681, 61.101581529130364 ], [ -70.293731172097793, 61.098317976655572 ], [ -70.290339511249172, 61.09201121731747 ], [ -70.272232855414615, 61.091850661155036 ], [ -70.265706126760406, 61.100235419737373 ], [ -70.254435105962813, 61.097610863230571 ], [ -70.255582684145011, 61.092401436022143 ], [ -70.24085285922628, 61.092752952230967 ], [ -70.235975640507121, 61.080873645349961 ], [ -70.247413591243259, 61.07615338691474 ], [ -70.236019073603998, 61.072953844803635 ], [ -70.244976549821914, 61.067430367454158 ], [ -70.24143718542804, 61.061276436574907 ], [ -70.2357266834764, 61.066877784117089 ], [ -70.233562266490381, 61.058870423363494 ], [ -70.227642843957398, 61.060055679831827 ], [ -70.220634453670115, 61.070507805480979 ], [ -70.21318515600565, 61.068105706754956 ], [ -70.209994820816362, 61.078226574998133 ], [ -70.200785079906908, 61.081244821168212 ], [ -70.194565661729797, 61.077070892124489 ], [ -70.19984809375245, 61.071672692489514 ], [ -70.197103309536516, 61.069658859696347 ], [ -70.182649252747638, 61.076636989666198 ], [ -70.168449580550202, 61.091189458324834 ], [ -70.130006431527349, 61.091166146400155 ], [ -70.131019481747359, 61.081101502941529 ], [ -70.145294560930395, 61.070341434028919 ], [ -70.146681532350186, 61.06257200359488 ], [ -70.1362521407939, 61.061582687281671 ], [ -70.108490616048002, 61.070890852045459 ], [ -70.106747408422933, 61.05439328139699 ], [ -70.117347552110743, 61.042965856817041 ], [ -70.148129695735008, 61.029885864988458 ], [ -70.147459687424984, 61.022097912743924 ], [ -70.154315734811391, 61.01828631369802 ], [ -70.15402260539976, 61.007155020667973 ], [ -70.161490533249591, 61.002484770945649 ], [ -70.155895432627105, 60.997109229750116 ], [ -70.133002772581108, 60.997034465053787 ], [ -70.115423919496024, 60.987142664886392 ], [ -70.110655226484283, 60.980259349563482 ], [ -70.114740092027773, 60.960229761654062 ], [ -70.095324180993842, 60.963809880416974 ], [ -70.103768012218367, 60.970295536551411 ], [ -70.102207312592483, 60.973774128757604 ], [ -70.094356240212932, 60.971656234647718 ], [ -70.08688082185418, 60.962109392016522 ], [ -70.081264421976158, 60.935388706613388 ], [ -70.094955163800137, 60.927277964156602 ], [ -70.07751154147401, 60.89476252918741 ], [ -70.080331961041679, 60.88878689455202 ], [ -70.133995943663521, 60.890509317751579 ], [ -70.140312031433652, 60.888830736799598 ], [ -70.141533490791417, 60.882274692283772 ], [ -70.151035592430944, 60.886764063836054 ], [ -70.161224048923671, 60.887753984697895 ], [ -70.12894092753497, 60.87313259033035 ], [ -70.090739904046572, 60.882220157725925 ], [ -70.075211004227612, 60.878978074336622 ], [ -70.064386610100883, 60.870336663840931 ], [ -70.055052221280249, 60.870410195202176 ], [ -70.078579019078603, 60.859233405583147 ], [ -70.07451385611887, 60.853851657811241 ], [ -70.061189155965053, 60.851120129035849 ], [ -70.064333358046639, 60.833873704037345 ], [ -70.044944934957954, 60.838937285783359 ], [ -70.042290072600153, 60.84441706784753 ], [ -69.988020131848074, 60.844216301391548 ], [ -69.987705372677169, 60.838786428947174 ], [ -69.982697615127123, 60.837467324303098 ], [ -69.989388945539176, 60.836708910801519 ], [ -69.997139109369542, 60.832153239934108 ], [ -69.972850024435928, 60.835473835053115 ], [ -69.965046605065211, 60.82374988839149 ], [ -69.93343501571033, 60.816125740858702 ], [ -69.896480360784125, 60.799605099305005 ], [ -69.880411671166073, 60.803284935789023 ], [ -69.884142724993026, 60.811969791278081 ], [ -69.880803748114673, 60.817558525059475 ], [ -69.856735960756325, 60.828488548562895 ], [ -69.835676895280685, 60.853815140565885 ], [ -69.834847535351997, 60.861532908115834 ], [ -69.841480471002782, 60.863134659907537 ], [ -69.852476212719566, 60.848789419292181 ], [ -69.871284846788129, 60.852879837484487 ], [ -69.841687711919164, 60.865413933887005 ], [ -69.83501296492058, 60.878447529559693 ], [ -69.828640818319585, 60.880623825132169 ], [ -69.833803669068146, 60.887873547919767 ], [ -69.819084757164177, 60.895173707120563 ], [ -69.799778147669386, 60.889579481815858 ], [ -69.792922123587388, 60.901399837665203 ], [ -69.766684466528815, 60.90569091585256 ], [ -69.763857813850677, 60.910061510065809 ], [ -69.767301852517761, 60.912968924214098 ], [ -69.755939889587637, 60.915170054392803 ], [ -69.760989706590351, 60.918140417193591 ], [ -69.72728664166435, 60.910479525807723 ], [ -69.750012812408386, 60.893654934381303 ], [ -69.74091232400896, 60.886639312293127 ], [ -69.744736660783104, 60.881554337816425 ], [ -69.736968306009658, 60.874602897387376 ], [ -69.710679496531853, 60.875103476437197 ], [ -69.707743022138786, 60.88139487954551 ], [ -69.702192547624037, 60.881136648781776 ], [ -69.693909578354905, 60.870405510587268 ], [ -69.676285843678528, 60.873853196295961 ], [ -69.672962540909452, 60.869084370098463 ], [ -69.666362645141049, 60.867833308211601 ], [ -69.675423403044221, 60.874001180533639 ], [ -69.672475511257801, 60.880076365811142 ], [ -69.671883689877077, 60.872950483678189 ], [ -69.649259975918227, 60.874345453771092 ], [ -69.638050286033732, 60.8838892263391 ], [ -69.642023901654213, 60.89186106316739 ], [ -69.632072783005796, 60.891836344159159 ], [ -69.642892089050306, 60.905701518531529 ], [ -69.634565911347167, 60.906028315574858 ], [ -69.635677713463878, 60.910018426629172 ], [ -69.63073817781067, 60.91197201470068 ], [ -69.635864029735416, 60.919372944636763 ], [ -69.66388100454617, 60.929221650592183 ], [ -69.662058136812519, 60.932947648736985 ], [ -69.685874900069663, 60.949950155184638 ], [ -69.681681737432484, 60.95932681580733 ], [ -69.665609113307156, 60.967828758090484 ], [ -69.68471423184063, 60.983570759970853 ], [ -69.683960738680113, 60.988925649885026 ], [ -69.67053114943721, 60.985787848794686 ], [ -69.676975029937594, 60.998531687618382 ], [ -69.659224378946519, 61.000253657273653 ], [ -69.682287518081822, 61.0143335660158 ], [ -69.666648353573677, 61.012176150019691 ], [ -69.677366644351807, 61.02299538308597 ], [ -69.661330303797328, 61.026836788307378 ], [ -69.648521962657327, 61.023989990617714 ], [ -69.648310931969306, 61.029063683368491 ], [ -69.628823075558017, 61.0243704995736 ], [ -69.639162566303881, 61.029681899095372 ], [ -69.637820401669757, 61.033809234970299 ], [ -69.647540599140768, 61.041873968865396 ], [ -69.6337826851058, 61.048097433221614 ], [ -69.649047236383211, 61.053758512571747 ], [ -69.64185279891808, 61.052913582359587 ], [ -69.638431743113642, 61.05559016300294 ], [ -69.643987040817535, 61.057458697020216 ], [ -69.630341460228877, 61.060796703187052 ], [ -69.62465958613987, 61.052599153609435 ], [ -69.624863326110173, 61.058245435796984 ], [ -69.617746547473217, 61.062812122050168 ], [ -69.605424925792562, 61.06175462144958 ], [ -69.611830417545505, 61.070174147594244 ], [ -69.604653902262569, 61.072819075707741 ], [ -69.611223037775261, 61.074234976834958 ], [ -69.607455928372516, 61.07591290871526 ], [ -69.611609238042746, 61.078883874759839 ], [ -69.550351581122342, 61.079030525019604 ], [ -69.547727746145611, 61.075216538796312 ], [ -69.510995652332667, 61.070682887235158 ], [ -69.496566283302116, 61.061597093573077 ], [ -69.501873785123124, 61.061011882185348 ], [ -69.489289926745442, 61.047447371301338 ], [ -69.482036715376381, 61.029517412556906 ], [ -69.484764028662298, 61.00934294564285 ], [ -69.478063010475239, 61.01141385379362 ], [ -69.473743444543757, 61.003294965734327 ], [ -69.472053209183514, 61.007771961327776 ], [ -69.468259150249679, 61.001303008085806 ], [ -69.471520802248804, 61.000555456166239 ], [ -69.46445942736726, 60.996872018827553 ], [ -69.467599193650358, 60.990370011761179 ], [ -69.453840571446321, 60.983423090472577 ], [ -69.457041514343103, 60.981122867582926 ], [ -69.44657502587107, 60.958182989923216 ], [ -69.438716026269134, 60.95199595801644 ], [ -69.422027511635463, 60.95204926223051 ], [ -69.415647845466438, 60.947005433520864 ], [ -69.421053746220451, 60.945417491210421 ], [ -69.417921875850652, 60.941647463755089 ], [ -69.428024222999468, 60.942181368821672 ], [ -69.419770130673712, 60.937646457308965 ], [ -69.437786457835571, 60.938082890266628 ], [ -69.433769732957884, 60.933104055623026 ], [ -69.440167292577414, 60.93008461887306 ], [ -69.395052804030982, 60.929515193837119 ], [ -69.383707339015515, 60.923406973733393 ], [ -69.392688021605096, 60.917249035271333 ], [ -69.378716392058379, 60.922496342397082 ], [ -69.373858209544849, 60.920301303427216 ], [ -69.378527306535503, 60.91899540923577 ], [ -69.371310287435833, 60.915307532597652 ], [ -69.373101110387012, 60.907599365936797 ], [ -69.385574143864815, 60.909988320552912 ], [ -69.378255221417902, 60.897592310556483 ], [ -69.394072925044568, 60.899468259710645 ], [ -69.376637758490347, 60.885458395975377 ], [ -69.389357065223237, 60.886068614103905 ], [ -69.401486117012368, 60.895379239009102 ], [ -69.399669728708261, 60.891604831210024 ], [ -69.403891463903207, 60.890308357365022 ], [ -69.389554444398826, 60.878077453293933 ], [ -69.393779143544464, 60.877131452872177 ], [ -69.390818446550469, 60.874500480651214 ], [ -69.399736313027404, 60.874833411534404 ], [ -69.372301954893985, 60.854854844975037 ], [ -69.39378582879074, 60.865711162658876 ], [ -69.387205574381653, 60.854462607923857 ], [ -69.39763446459952, 60.858355655757045 ], [ -69.390967161753849, 60.852018644355276 ], [ -69.396478106422791, 60.848222680428641 ], [ -69.375284327318909, 60.823521533326883 ], [ -69.364139667479904, 60.820122502493909 ], [ -69.358366966061013, 60.813574940858935 ], [ -69.367144531697406, 60.81440416027155 ], [ -69.371153446016919, 60.820893409531799 ], [ -69.367331193607285, 60.806628479257682 ], [ -69.380636005146741, 60.820507755481685 ], [ -69.369808797066099, 60.806334386750642 ], [ -69.383141349570892, 60.810148701359324 ], [ -69.371508310129613, 60.802334356173894 ], [ -69.372180372928526, 60.796909621035461 ], [ -69.377998212566411, 60.796390589454489 ], [ -69.389999348338819, 60.81034444603528 ], [ -69.389195744363946, 60.804708427462465 ], [ -69.396468463917188, 60.814751798147107 ], [ -69.411161402716019, 60.822339182790884 ], [ -69.40695527571927, 60.814002181541561 ], [ -69.42479883650779, 60.816371097899342 ], [ -69.419188547503182, 60.811899569625638 ], [ -69.426923702625288, 60.81165974763222 ], [ -69.423758973848322, 60.804460178448544 ], [ -69.431775629366783, 60.804793783459395 ], [ -69.426991218855463, 60.796028299124075 ], [ -69.413638170115377, 60.790575352043362 ], [ -69.419891890493147, 60.788410140175117 ], [ -69.411384695986797, 60.785303027026664 ], [ -69.446444906217479, 60.78004646737466 ], [ -69.454082782852069, 60.783872548654351 ], [ -69.455921466017941, 60.771099095949289 ], [ -69.487926802660681, 60.776472383077831 ], [ -69.482762786005125, 60.772495671272864 ], [ -69.487556192173074, 60.771409912400145 ], [ -69.472603213406657, 60.765753143778781 ], [ -69.496260807445424, 60.769232199779218 ], [ -69.50094245557986, 60.762220620258105 ], [ -69.536166718154576, 60.760369638973103 ], [ -69.535572912931627, 60.751169116526277 ], [ -69.551139163288653, 60.750603292722701 ], [ -69.550624283949546, 60.746250854522359 ], [ -69.559018258856199, 60.74372011595883 ], [ -69.566510289755641, 60.747324970395802 ], [ -69.565138970746574, 60.743407175253687 ], [ -69.569204225183867, 60.743030828772127 ], [ -69.564504484431396, 60.740698324237954 ], [ -69.5781481455315, 60.738575169109282 ], [ -69.578234450256176, 60.735216835838401 ], [ -69.584249376087186, 60.738261432206535 ], [ -69.575103586165355, 60.739584874280041 ], [ -69.576181655762184, 60.742435402514012 ], [ -69.584447953082531, 60.741115716498228 ], [ -69.586822131741826, 60.735538691046727 ], [ -69.601459583352451, 60.739684774324836 ], [ -69.592892405143616, 60.733581607376294 ], [ -69.609934884126986, 60.734008000367055 ], [ -69.612477824382793, 60.729848313244965 ], [ -69.623305474192605, 60.733228233896661 ], [ -69.619453299778371, 60.73695422937184 ], [ -69.630940669170485, 60.736406871053475 ], [ -69.626511215819193, 60.733069661425375 ], [ -69.631006153969281, 60.73226745525163 ], [ -69.627240728493717, 60.726287429491428 ], [ -69.63171492704187, 60.724479701288381 ], [ -69.616414820816644, 60.716200848059053 ], [ -69.63028474877882, 60.711359768330063 ], [ -69.621769274703453, 60.707826062954595 ], [ -69.643353311806322, 60.703297754126602 ], [ -69.650206930659891, 60.697060466078121 ], [ -69.659221541307019, 60.697222937679491 ], [ -69.66926530112093, 60.704598481198005 ], [ -69.672481390117881, 60.698943797178686 ], [ -69.683230648891978, 60.698817604740725 ], [ -69.682964579527066, 60.693180381671517 ], [ -69.687215844955489, 60.695017233501815 ], [ -69.685706173308873, 60.698948609434574 ], [ -69.689719941316142, 60.696494826025976 ], [ -69.689846881745638, 60.701567097569189 ], [ -69.697823416216735, 60.701094839414132 ], [ -69.695560769820361, 60.690475858199399 ], [ -69.69938767555476, 60.68624495411796 ], [ -69.676152673808616, 60.674018553705018 ], [ -69.671941294599392, 60.660760270543243 ], [ -69.675612673230816, 60.656108796372365 ], [ -69.670344833714026, 60.653486564858532 ], [ -69.68231707727027, 60.65049904048017 ], [ -69.688230385641106, 60.635339600152932 ], [ -69.649622457592088, 60.634464098051986 ], [ -69.64541809623735, 60.628064680644044 ], [ -69.653984977824436, 60.628732404348582 ], [ -69.649444726854284, 60.619264012794986 ], [ -69.665347494471789, 60.610837522386959 ], [ -69.671742262417112, 60.59759593979858 ], [ -69.630912672502774, 60.591877793516375 ], [ -69.62575457017644, 60.580983876213338 ], [ -69.643774260078231, 60.583178939180236 ], [ -69.665121969788757, 60.572228062217008 ], [ -69.653682899645048, 60.565927496541619 ], [ -69.652547497111712, 60.559369551487976 ], [ -69.704368967748479, 60.559743945780184 ], [ -69.674471681096051, 60.542847385177495 ], [ -69.701389854982295, 60.549344135941539 ], [ -69.700362109415835, 60.542283186478649 ], [ -69.712592936786308, 60.539785211267926 ], [ -69.779689385810983, 60.544474520866409 ], [ -69.793979714411051, 60.536964745768977 ], [ -69.798219956319713, 60.527089526086485 ], [ -69.810411019031193, 60.523523272472026 ], [ -69.813556889228963, 60.510942476070412 ], [ -69.821277661174108, 60.50803985734504 ], [ -69.803306904019351, 60.511785731031615 ], [ -69.793845877532945, 60.503213501520925 ], [ -69.801454910830827, 60.500950207655748 ], [ -69.788984442374826, 60.499453188867406 ], [ -69.791656268121145, 60.496294691288156 ], [ -69.784381000972587, 60.494272486356031 ], [ -69.787627456415251, 60.491541685087789 ], [ -69.784486806056009, 60.48734904046777 ], [ -69.757453023086583, 60.479873067383458 ], [ -69.76066686824106, 60.475715458796749 ], [ -69.747640100823475, 60.468507134140623 ], [ -69.758625926635432, 60.463093599629573 ], [ -69.713508016723395, 60.458772324948285 ], [ -69.72695790256121, 60.44149587007071 ], [ -69.735220721254549, 60.437239379241369 ], [ -69.753696728503471, 60.437926342183971 ], [ -69.751794375733795, 60.430295909039067 ], [ -69.758903886732256, 60.426690901624312 ], [ -69.759781006929416, 60.420687870884507 ], [ -69.77179957300568, 60.417476127888264 ], [ -69.755572916974515, 60.41386076492099 ], [ -69.750947490019726, 60.406964037338554 ], [ -69.726488233973981, 60.408240016537952 ], [ -69.719654156383342, 60.406211923006794 ], [ -69.724069766209212, 60.403970184142587 ], [ -69.723308201085644, 60.401549968880367 ], [ -69.71110087262268, 60.403546203859698 ], [ -69.717730273104777, 60.397153460813293 ], [ -69.715677262593459, 60.38960412086778 ], [ -69.723339741726676, 60.390703058939501 ], [ -69.71952800109338, 60.381582980813228 ], [ -69.698604325341293, 60.372634531492167 ], [ -69.685817189497044, 60.373347519362099 ], [ -69.689519477758878, 60.364905998699228 ], [ -69.674879680898499, 60.360051540555112 ], [ -69.673379503829807, 60.363776480872708 ], [ -69.662706684025792, 60.355973364536418 ], [ -69.67002274460387, 60.354796365731083 ], [ -69.664341175503608, 60.351682178826415 ], [ -69.667621515253416, 60.350812735136415 ], [ -69.691167353138795, 60.355397552673807 ], [ -69.68156288287318, 60.350239220414643 ], [ -69.693753636519872, 60.348317532074581 ], [ -69.68679072428634, 60.345498317819555 ], [ -69.688103167638545, 60.339852635050981 ], [ -69.708397060512453, 60.347602863651517 ], [ -69.715090730617973, 60.344639844403524 ], [ -69.7081143218238, 60.34124711786059 ], [ -69.728530160153525, 60.341208713198156 ], [ -69.727322231027458, 60.338216260931951 ], [ -69.740918859050169, 60.335501365428136 ], [ -69.733778978843603, 60.332119863235867 ], [ -69.742052456627889, 60.328787570992397 ], [ -69.741316063319573, 60.32186871317473 ], [ -69.769586339310735, 60.308355943759949 ], [ -69.759665096033359, 60.308197525812453 ], [ -69.780555868923756, 60.304655399550924 ], [ -69.755207165095683, 60.307944575245692 ], [ -69.730767143595088, 60.301086381359674 ], [ -69.712401561145512, 60.301895450377003 ], [ -69.702401375886907, 60.297952923889149 ], [ -69.707622583763353, 60.293426633268055 ], [ -69.695499319338666, 60.290716068633174 ], [ -69.706641991275575, 60.288223902774163 ], [ -69.701984256391199, 60.285249559760281 ], [ -69.680536793308775, 60.288791166533954 ], [ -69.658004879952884, 60.282700066527212 ], [ -69.656224147685364, 60.279566161476858 ], [ -69.664322366225079, 60.275880350859261 ], [ -69.684575219437605, 60.276917885578136 ], [ -69.676325761956548, 60.273179907495994 ], [ -69.686714236371316, 60.26941818336639 ], [ -69.682425135082752, 60.257022020362839 ], [ -69.663762084244837, 60.256254615365016 ], [ -69.646242617268996, 60.26212363725687 ], [ -69.638409802502892, 60.258022120008711 ], [ -69.643792155716596, 60.254215882753975 ], [ -69.633600015759527, 60.246632600494216 ], [ -69.641206237387223, 60.240238791734264 ], [ -69.622705958858319, 60.232263552586168 ], [ -69.62616758706308, 60.226320977057441 ], [ -69.591682835874067, 60.228050572238701 ], [ -69.584256021771537, 60.22258819434807 ], [ -69.602066178053803, 60.217372469753244 ], [ -69.598448947366478, 60.214964473669809 ], [ -69.60343247669411, 60.213155007852272 ], [ -69.593114189124449, 60.21334523151404 ], [ -69.590020073784842, 60.208860432583343 ], [ -69.607229079678106, 60.209635803185414 ], [ -69.597867990740696, 60.199899927832369 ], [ -69.609342244647067, 60.193212053685599 ], [ -69.591915287904229, 60.187867529430903 ], [ -69.59510243316322, 60.181648574816244 ], [ -69.589406815572474, 60.175675874671434 ], [ -69.595332300751636, 60.171438132840294 ], [ -69.593778502852544, 60.165231431045129 ], [ -69.615178277700494, 60.169704307298474 ], [ -69.610775647538063, 60.163582824148513 ], [ -69.617323449682615, 60.162052939856764 ], [ -69.611531004652534, 60.158658677039014 ], [ -69.617407625613396, 60.152130424677544 ], [ -69.610962223475497, 60.15130724560953 ], [ -69.626087930070511, 60.15016809512467 ], [ -69.628827233760802, 60.143654097546893 ], [ -69.640470997381229, 60.139602504797239 ], [ -69.620754514404126, 60.132845118959224 ], [ -69.611974289023564, 60.136953620860453 ], [ -69.617483146675625, 60.140789179165125 ], [ -69.615806037536785, 60.142574893449996 ], [ -69.609589076648675, 60.139398019540934 ], [ -69.612711538963765, 60.131095684802119 ], [ -69.624154844242312, 60.124191015655477 ], [ -69.618844338529854, 60.123147402580933 ], [ -69.626381823628194, 60.12110954858862 ], [ -69.609930533197314, 60.119911270056491 ], [ -69.607768867489114, 60.110995745247109 ], [ -69.614209017369944, 60.111962735715586 ], [ -69.612941170465859, 60.10569202745058 ], [ -69.619673534153591, 60.106944715295583 ], [ -69.626136469797402, 60.101553611682164 ], [ -69.627809471875864, 60.092126320996805 ], [ -69.639040927016666, 60.097424285627262 ], [ -69.656568231562531, 60.096269941704911 ], [ -69.659062333777584, 60.092405372812451 ], [ -69.651564355528905, 60.088725011714189 ], [ -69.652623535172964, 60.08501127859698 ], [ -69.623447804233493, 60.081084294404434 ], [ -69.619136529653389, 60.071613287808539 ], [ -69.644360853657304, 60.071492815906296 ], [ -69.641054981537636, 60.069650133506769 ], [ -69.647460007477491, 60.069187925414539 ], [ -69.646088442368651, 60.065198772870041 ], [ -69.651440025091659, 60.061464004075809 ], [ -69.661661188303057, 60.06598382764922 ], [ -69.666061608146293, 60.079305216807157 ], [ -69.687088338905838, 60.068916189795573 ], [ -69.705638317521334, 60.069321392391892 ], [ -69.707418297165631, 60.066025370544033 ], [ -69.717513960868089, 60.070963617233929 ], [ -69.724820977627445, 60.065787488674047 ], [ -69.723853968832373, 60.061006685643811 ], [ -69.709205420365237, 60.05638077737698 ], [ -69.704984737365521, 60.04626545960587 ], [ -69.715541077829386, 60.040425914240728 ], [ -69.738544920004173, 60.055286310886146 ], [ -69.767947260699003, 60.056977596928178 ], [ -69.79001114445218, 60.067120281486815 ], [ -69.807762344565404, 60.06422939431728 ], [ -69.823230287896848, 60.072197744279705 ], [ -69.826874327931563, 60.081388109895386 ], [ -69.824706740862339, 60.074478338159693 ], [ -69.829652690338719, 60.078227831717001 ], [ -69.832619322227373, 60.076853277843846 ], [ -69.827233019233361, 60.072747456761292 ], [ -69.839318299357529, 60.071737441737142 ], [ -69.831223265602929, 60.062081563651041 ], [ -69.830869811058875, 60.048021642835991 ], [ -69.850868794905125, 60.022769228114342 ], [ -69.846239998760566, 60.025582658503239 ], [ -69.837360220294599, 60.018572184501338 ], [ -69.797976032734411, 60.014541575491421 ], [ -69.792506831922751, 60.018354927433585 ], [ -69.77358927837119, 60.01333066914642 ], [ -69.777149661332842, 60.012950602073232 ], [ -69.772518094521857, 60.009700174310723 ], [ -69.779032796496438, 60.008368859801607 ], [ -69.772228365504091, 60.004197335740038 ], [ -69.777364493949477, 60.00452641067583 ], [ -69.772278119450107, 59.998638643393583 ], [ -69.781794384151553, 59.968029296443284 ], [ -69.777261846253197, 59.965752677868473 ], [ -69.712934092469041, 59.965244780668392 ], [ -69.706475319643729, 59.954629632129844 ], [ -69.713370470763337, 59.943888761904539 ], [ -69.705254264852897, 59.935922521024338 ], [ -69.70851145735152, 59.920837122536305 ], [ -69.715943807770543, 59.916298123937992 ], [ -69.743589099967664, 59.916154123641235 ], [ -69.767100375017421, 59.92226680617982 ], [ -69.7680076732305, 59.917235416515602 ], [ -69.760475305086317, 59.910068302856914 ], [ -69.732759626476209, 59.906786015420934 ], [ -69.723330008888638, 59.902330241229606 ], [ -69.728377367599734, 59.900165270742498 ], [ -69.725494295796935, 59.897469280911707 ], [ -69.708162141847311, 59.89520187730556 ], [ -69.701070221390466, 59.887732720386325 ], [ -69.678109073086219, 59.886847132471139 ], [ -69.663027496235344, 59.891279029755168 ], [ -69.670055111730193, 59.88795691330364 ], [ -69.662039947832383, 59.883857755366456 ], [ -69.666453774561973, 59.876759500067962 ], [ -69.605359450041277, 59.882397236559612 ], [ -69.56743234385668, 59.875130875778524 ], [ -69.571075998347368, 59.873040822946983 ], [ -69.562599000684529, 59.873436493309136 ], [ -69.557408580809081, 59.86745115841309 ], [ -69.54398464529659, 59.869931770136724 ], [ -69.542935469299451, 59.864727900994254 ], [ -69.55385328201632, 59.85660974580513 ], [ -69.565716288831311, 59.855068693310827 ], [ -69.580828281796357, 59.843365236910195 ], [ -69.598456901391089, 59.840287071274417 ], [ -69.582554069873666, 59.835922411789198 ], [ -69.58994549784974, 59.830178382786009 ], [ -69.575185709957651, 59.826597950514135 ], [ -69.597912698771481, 59.823865613763694 ], [ -69.600712065634909, 59.821850364204266 ], [ -69.576834936992753, 59.822953936813363 ], [ -69.572375333549886, 59.817684353288897 ], [ -69.584234762673134, 59.816779153419567 ], [ -69.584572531147998, 59.811632260000621 ], [ -69.572860001604383, 59.812680514418197 ], [ -69.579183347571288, 59.810300136974021 ], [ -69.568967227398929, 59.808126733052006 ], [ -69.584509972903064, 59.808058589293857 ], [ -69.585727043441025, 59.804272698229056 ], [ -69.578073003222201, 59.802797969070191 ], [ -69.600091303920465, 59.792282829986405 ], [ -69.606477445842401, 59.793681322024604 ], [ -69.601758101327107, 59.790847411307674 ], [ -69.603809430358922, 59.786051788305485 ], [ -69.594090074816236, 59.787451998893587 ], [ -69.592113602547371, 59.779459906753019 ], [ -69.584366301028695, 59.780491328670024 ], [ -69.581196734069351, 59.776437509878988 ], [ -69.585120185530968, 59.773699241071867 ], [ -69.562147464987163, 59.776798710612475 ], [ -69.569411937208258, 59.77147836144708 ], [ -69.55102095450421, 59.769482389156444 ], [ -69.556657586902318, 59.767958999919294 ], [ -69.549565200623405, 59.76648922087891 ], [ -69.571279211311008, 59.764043957407253 ], [ -69.569393447947448, 59.760981040205529 ], [ -69.581184545138058, 59.757292611433968 ], [ -69.580127687828266, 59.75279838662032 ], [ -69.57093881876915, 59.751401860725693 ], [ -69.573964726356635, 59.746252210931921 ], [ -69.553062192131037, 59.744330360030908 ], [ -69.571468888725221, 59.730332863805522 ], [ -69.577579629119271, 59.733018060737805 ], [ -69.57472669779186, 59.74088792286684 ], [ -69.578168175336586, 59.744446807027693 ], [ -69.586997111037618, 59.740627144918321 ], [ -69.597411656729889, 59.730082758927402 ], [ -69.583268836516325, 59.72778458897605 ], [ -69.60258800667809, 59.71927428020269 ], [ -69.611928452960342, 59.721592810219214 ], [ -69.615690368313665, 59.718288563604709 ], [ -69.608059908007121, 59.71710286035362 ], [ -69.629944017047748, 59.711441166026916 ], [ -69.636226523178507, 59.707190285509967 ], [ -69.635281678037884, 59.702345701559373 ], [ -69.642011487403067, 59.700238603395093 ], [ -69.634646946062702, 59.697912678539332 ], [ -69.631819312240793, 59.690249469648258 ], [ -69.588544326173022, 59.695047326680253 ], [ -69.592548096213434, 59.690386710525424 ], [ -69.581033946131043, 59.692225177746124 ], [ -69.599739316705978, 59.681284309394528 ], [ -69.583442617038841, 59.683638662510198 ], [ -69.569974829533336, 59.678049467373832 ], [ -69.564987061359417, 59.683432047456186 ], [ -69.552556602448405, 59.680261176904835 ], [ -69.545147326375869, 59.684369038005528 ], [ -69.53455586874064, 59.67168807132343 ], [ -69.510841721771456, 59.677781090640266 ], [ -69.497091279502243, 59.670111196931586 ], [ -69.507518867227347, 59.660004819009806 ], [ -69.50242220486885, 59.658596630997735 ], [ -69.50649981031718, 59.657153155171038 ], [ -69.504118201596839, 59.647446065896446 ], [ -69.508580752126917, 59.644573223981084 ], [ -69.502823542534031, 59.645098303166094 ], [ -69.500493150260908, 59.639889870531071 ], [ -69.509834042356943, 59.633639784504794 ], [ -69.50877344757906, 59.628004492222189 ], [ -69.517066591300804, 59.617330801760083 ], [ -69.544796553668618, 59.610223066554667 ], [ -69.544308134067222, 59.60522324023993 ], [ -69.555774688792084, 59.602184777728546 ], [ -69.561107987826517, 59.591592563180718 ], [ -69.588572666224223, 59.588266187871049 ], [ -69.5879342934101, 59.601406849770861 ], [ -69.615139332149923, 59.59036221577005 ], [ -69.626393255217351, 59.591736734649714 ], [ -69.648551542237286, 59.581705892159555 ], [ -69.654030541788984, 59.573901866588891 ], [ -69.662051941980991, 59.574930214554229 ], [ -69.660407099744532, 59.569586336892826 ], [ -69.672611076085829, 59.561163693695455 ], [ -69.682901677472074, 59.571258032348794 ], [ -69.707293823262276, 59.577208142777415 ], [ -69.699600306959084, 59.571600948752703 ], [ -69.692476401933405, 59.572922964551815 ], [ -69.69336326596077, 59.568706566714283 ], [ -69.683285654694643, 59.570115532991302 ], [ -69.669184118213309, 59.557894525655314 ], [ -69.701942989684724, 59.539591935019828 ], [ -69.710980828355929, 59.527904770208615 ], [ -69.720175162014186, 59.532138072206521 ], [ -69.720323898051419, 59.525851086444298 ], [ -69.744102556007036, 59.509158346246473 ], [ -69.742341019021183, 59.50537867810808 ], [ -69.745832152681984, 59.505071449236404 ], [ -69.7389615450695, 59.50432915395703 ], [ -69.737694374409017, 59.497259820140947 ], [ -69.746616446423715, 59.488569631246207 ], [ -69.738258728445899, 59.48347184465301 ], [ -69.708674436464889, 59.48791015790237 ], [ -69.705626083188022, 59.482287019168275 ], [ -69.691268524390836, 59.485497843058724 ], [ -69.689796796505235, 59.481724916901968 ], [ -69.683264547754746, 59.484327592035115 ], [ -69.678810553710193, 59.477920888276323 ], [ -69.674919359026745, 59.47929707994539 ], [ -69.703838991804886, 59.461722748277808 ], [ -69.687824053930612, 59.465445052714493 ], [ -69.682428537063203, 59.4612615608917 ], [ -69.654889466713641, 59.462246622160457 ], [ -69.65069712586407, 59.454337960600405 ], [ -69.653115363863492, 59.432467830571007 ], [ -69.636450871458621, 59.430260112380005 ], [ -69.6337972127385, 59.422199705319144 ], [ -69.641571539604612, 59.4111698111127 ], [ -69.639625306709021, 59.403249704433698 ], [ -69.659632981830299, 59.39779783875354 ], [ -69.660693148882345, 59.386216755863181 ], [ -69.642810632653507, 59.385443955185011 ], [ -69.638284865349448, 59.390037176775778 ], [ -69.620157062984759, 59.391336916362775 ], [ -69.623281556140512, 59.377393484048241 ], [ -69.628938633312771, 59.374007684259283 ], [ -69.62758265009613, 59.351087242857268 ], [ -69.637199598788698, 59.358467419806693 ], [ -69.652881490188392, 59.35439356892951 ], [ -69.659360317634793, 59.358366267047018 ], [ -69.676688036508949, 59.352287543722596 ], [ -69.683090914692187, 59.343605978701092 ], [ -69.71845500535612, 59.348929944084183 ], [ -69.743303791751629, 59.336936382540955 ], [ -69.760572087974111, 59.322270311702482 ], [ -69.752907174598946, 59.313718353742317 ], [ -69.701095483046231, 59.307803877415679 ], [ -69.665648200333806, 59.319260326128784 ], [ -69.639010517314716, 59.308814636172947 ], [ -69.64277058292349, 59.30144111735332 ], [ -69.614728632260977, 59.288860094595307 ], [ -69.609303543345007, 59.293541646738319 ], [ -69.615606328597451, 59.291521763307678 ], [ -69.619743683699795, 59.293852007750978 ], [ -69.610070392529977, 59.296155741789789 ], [ -69.600697676173738, 59.317420544504053 ], [ -69.594626615284554, 59.320869930140177 ], [ -69.562744284029577, 59.330863001045806 ], [ -69.547748451352433, 59.32513452468735 ], [ -69.51941661265613, 59.331671448341687 ], [ -69.489695432040691, 59.340138204552552 ], [ -69.471323158450986, 59.353990689581657 ], [ -69.430298095759042, 59.364118542985103 ], [ -69.436356953215366, 59.35645621995419 ], [ -69.404305486809648, 59.358912322502938 ], [ -69.383326343938123, 59.353111560115309 ], [ -69.379931609561368, 59.346763496995955 ], [ -69.36071278090651, 59.350024010254927 ], [ -69.364831891132312, 59.342226680699852 ], [ -69.35131498936282, 59.342479316003839 ], [ -69.347625578580107, 59.334128589399505 ], [ -69.352621834021519, 59.31590317286868 ], [ -69.361920193946361, 59.311450409013602 ], [ -69.354775836938543, 59.306827240066852 ], [ -69.346596064822393, 59.310701796314788 ], [ -69.341685757009174, 59.306215645203835 ], [ -69.324211010127698, 59.315393224169071 ], [ -69.308689752597544, 59.308498158136011 ], [ -69.286382484206939, 59.324973973721683 ], [ -69.292456830717711, 59.336607864285448 ], [ -69.288410896835558, 59.338323125885971 ], [ -69.275397565514595, 59.328993851218897 ], [ -69.265126945158613, 59.334798429264438 ], [ -69.245481022026809, 59.335474496629224 ], [ -69.235379662778826, 59.323558394579308 ], [ -69.240409939558518, 59.324267636058956 ], [ -69.23799794214203, 59.318560635280178 ], [ -69.242872204420834, 59.317195608276101 ], [ -69.234892124445949, 59.30892149384335 ], [ -69.235417583202263, 59.303631162575407 ], [ -69.254524576867666, 59.308462548414646 ], [ -69.24808847188406, 59.302538996553565 ], [ -69.251690100104653, 59.29803296537785 ], [ -69.265924296311965, 59.306365331075362 ], [ -69.269114396822403, 59.303359385068461 ], [ -69.258050518561092, 59.291671473938464 ], [ -69.25842929874841, 59.283741128482269 ], [ -69.263422117318882, 59.280300653804225 ], [ -69.23875114220256, 59.27312806791393 ], [ -69.235457752154844, 59.256062476530047 ], [ -69.239044180544383, 59.247336051037003 ], [ -69.229574055883504, 59.244281822416582 ], [ -69.224638521092913, 59.229499784195944 ], [ -69.231301032343765, 59.22749448165645 ], [ -69.24108857419597, 59.241405231445619 ], [ -69.247055477979714, 59.239966184531148 ], [ -69.240751171194162, 59.230836002950262 ], [ -69.247431582235293, 59.2313981923744 ], [ -69.243635493406217, 59.222478876032717 ], [ -69.267693354002034, 59.227505530282329 ], [ -69.267533245911622, 59.222719317232794 ], [ -69.275311374059811, 59.224849385418175 ], [ -69.271157543816486, 59.226860733534565 ], [ -69.275070714313543, 59.229780123507695 ], [ -69.282281726316427, 59.228767863976294 ], [ -69.274872795728996, 59.220422977047932 ], [ -69.276233208007397, 59.215346173437375 ], [ -69.291674622795938, 59.220673774558655 ], [ -69.276046605398051, 59.2074168912334 ], [ -69.285874869270799, 59.203758589870006 ], [ -69.284662945231318, 59.20961648644807 ], [ -69.29578910757715, 59.212312711426726 ], [ -69.298633559283942, 59.221160887257405 ], [ -69.322412192033681, 59.225540453567127 ], [ -69.335316831656826, 59.240792466423898 ], [ -69.348960937897971, 59.244905529031527 ], [ -69.371655337785995, 59.232925693155693 ], [ -69.371294615085716, 59.223919380808837 ], [ -69.366156096345264, 59.223431031149154 ], [ -69.354620247354475, 59.207459865218446 ], [ -69.355514463349195, 59.197462191353338 ], [ -69.360617534694029, 59.193308148233577 ], [ -69.368686137798278, 59.194857098073271 ], [ -69.370016418474833, 59.189994899367655 ], [ -69.381990188104538, 59.193318955998095 ], [ -69.38427268780714, 59.200173312899643 ], [ -69.395518008277307, 59.200642497618567 ], [ -69.390052079812705, 59.195728730865412 ], [ -69.394342611476205, 59.194359744923915 ], [ -69.398840248541987, 59.198773387737724 ], [ -69.404051515217361, 59.193836007725068 ], [ -69.41367181472296, 59.197586527018906 ], [ -69.414001008053333, 59.203090529520068 ], [ -69.426271811001882, 59.207056169589038 ], [ -69.415193265737386, 59.210441735347942 ], [ -69.408338577475448, 59.22010842808519 ], [ -69.410906741533609, 59.226817707310673 ], [ -69.425806718517961, 59.228772457154825 ], [ -69.460721427772839, 59.221729550077285 ], [ -69.462452587702472, 59.215014996649984 ], [ -69.468410358153136, 59.213924987233476 ], [ -69.471799111017361, 59.218340129314818 ], [ -69.475897949163027, 59.212038843080528 ], [ -69.485879295826209, 59.211930100985086 ], [ -69.485254332386518, 59.206148991248192 ], [ -69.492634243751496, 59.207908372670531 ], [ -69.492316125150452, 59.20405693113905 ], [ -69.496624306399298, 59.204112403242917 ], [ -69.494086478545668, 59.201760183515546 ], [ -69.500309502611827, 59.199877423104702 ], [ -69.494324244361465, 59.197619267725067 ], [ -69.505410153370974, 59.196723508490024 ], [ -69.496789310923646, 59.196181957780709 ], [ -69.497029771528958, 59.192247561827884 ], [ -69.503008771643067, 59.192943012133426 ], [ -69.514235092837012, 59.192189633978771 ], [ -69.501736952531502, 59.192157640411949 ], [ -69.500139890771564, 59.185877416017547 ], [ -69.509005110841059, 59.174778952920477 ], [ -69.520634405310943, 59.172164456309886 ], [ -69.530089177179207, 59.153482506863995 ], [ -69.536184085074993, 59.153035389508567 ], [ -69.52907270821558, 59.15106188107557 ], [ -69.531356126769225, 59.144981648187134 ], [ -69.513567213233245, 59.131330816220114 ], [ -69.512756987896154, 59.121545128906696 ], [ -69.501796252333591, 59.109015028909738 ], [ -69.48731565706953, 59.113569512543094 ], [ -69.479936268803755, 59.110372929892954 ], [ -69.487167765040539, 59.124068420117588 ], [ -69.45536852260166, 59.140744044489587 ], [ -69.447198662027191, 59.12941198265716 ], [ -69.445434651316816, 59.133495242581724 ], [ -69.435159190917091, 59.130665259899722 ], [ -69.435568817459739, 59.117516293706949 ], [ -69.442250404836869, 59.107426456244795 ], [ -69.425357097596361, 59.106692610449343 ], [ -69.37345623813998, 59.125055913968211 ], [ -69.346243664129659, 59.115118009943323 ], [ -69.343120738721439, 59.106702523226382 ], [ -69.350551117270356, 59.100827334921036 ], [ -69.343021903747868, 59.095054976862471 ], [ -69.368051746103902, 59.077204808905243 ], [ -69.37818516801174, 59.080184171985699 ], [ -69.376053847139772, 59.073544696343681 ], [ -69.380305193338259, 59.069958002560206 ], [ -69.394694480069276, 59.071495617001844 ], [ -69.403201999576808, 59.065182987098297 ], [ -69.435648090500237, 59.021871894271563 ], [ -69.460681381255583, 59.036576620362538 ], [ -69.46378433975562, 59.041855191772164 ], [ -69.457170437743258, 59.043800550303331 ], [ -69.467563106310834, 59.046772034396312 ], [ -69.456112710400078, 59.061307694119854 ], [ -69.464853968016016, 59.062991968395451 ], [ -69.46916508803217, 59.05305275780028 ], [ -69.478770373887301, 59.05930414532785 ], [ -69.473456927953066, 59.065969378332923 ], [ -69.482076264905288, 59.070005881626564 ], [ -69.477829547430773, 59.073164833083979 ], [ -69.483263360413488, 59.076287958012081 ], [ -69.47483247873042, 59.077181240268999 ], [ -69.475448263751886, 59.082603307115392 ], [ -69.486868934003994, 59.077136621225556 ], [ -69.491315042928449, 59.079409925136254 ], [ -69.491190611128289, 59.069477746488559 ], [ -69.483976391453936, 59.066217935019253 ], [ -69.493186335655906, 59.051751217050601 ], [ -69.462705757037966, 59.009573251417784 ], [ -69.46784402989681, 58.999460417898675 ], [ -69.461205102841006, 58.987198505350136 ], [ -69.461189356882969, 58.970395463562056 ], [ -69.4672751083435, 58.953606408790606 ], [ -69.453919269753413, 58.92403505863706 ], [ -69.447125829305122, 58.915769360558883 ], [ -69.445629696804602, 58.91959140269757 ], [ -69.44164417596761, 58.917539466966112 ], [ -69.442346121266638, 58.908610054446207 ], [ -69.437554188040352, 58.904441253130074 ], [ -69.442551819518485, 58.901613218934493 ], [ -69.448211985810303, 58.905787812838248 ], [ -69.453193065663839, 58.901747009016923 ], [ -69.44802950864289, 58.88497964640738 ], [ -69.476175364393754, 58.876661469543244 ], [ -69.493106973560543, 58.88058554177028 ], [ -69.508506916284489, 58.90163112521406 ], [ -69.517246809970047, 58.902270038457708 ], [ -69.522577334935448, 58.882849701418827 ], [ -69.520189171675966, 58.861277999962461 ], [ -69.526881596887918, 58.856751390130711 ], [ -69.531324683400229, 58.865031664657849 ], [ -69.535532723279147, 58.853473671951456 ], [ -69.539470548341242, 58.858145397420671 ], [ -69.54720816945408, 58.85195186650305 ], [ -69.535039651614611, 58.848473280090033 ], [ -69.530274931549059, 58.841739196151117 ], [ -69.538747330261728, 58.835022232610683 ], [ -69.537846630966655, 58.819371972083587 ], [ -69.544665344233081, 58.810308413610478 ], [ -69.556928807105791, 58.808603547293444 ], [ -69.565790458823599, 58.815974442206397 ], [ -69.57125028109796, 58.803700153771366 ], [ -69.590105329604199, 58.804109289303973 ], [ -69.619803746931083, 58.796228345098058 ], [ -69.637871555235691, 58.802957027285032 ], [ -69.645750490240076, 58.814350870177847 ], [ -69.646790518761421, 58.793958390421658 ], [ -69.650919450101341, 58.789914033736181 ], [ -69.674046863452702, 58.809338432554839 ], [ -69.680241519131386, 58.809207139337381 ], [ -69.679302647975376, 58.817851995465851 ], [ -69.690221650106949, 58.822742724301698 ], [ -69.68860683810415, 58.837372720561085 ], [ -69.683191494264648, 58.840383232417054 ], [ -69.69553658249508, 58.86762004928373 ], [ -69.694860579195819, 58.878877052202483 ], [ -69.679931003475119, 58.894152470075454 ], [ -69.664574180025355, 58.881524091662577 ], [ -69.664653670872198, 58.887478148879843 ], [ -69.661121996522283, 58.88151485188839 ], [ -69.659164549894527, 58.881659569463771 ], [ -69.663650997027148, 58.89491063034037 ], [ -69.655056113239951, 58.907492030634344 ], [ -69.661855480225597, 58.906289875943635 ], [ -69.666888363511859, 58.916134199264462 ], [ -69.65754025172015, 58.933165177654281 ], [ -69.65678176934297, 58.946281284158182 ], [ -69.658973373299318, 58.940908495568678 ], [ -69.659609989443211, 58.946949469286459 ], [ -69.664208488535891, 58.945677583511177 ], [ -69.681932924429773, 58.920025369905808 ], [ -69.679863452789135, 58.903969142493523 ], [ -69.686801370166066, 58.896702713007528 ], [ -69.687265960661691, 58.906121410634483 ], [ -69.701211222795948, 58.917551301462751 ], [ -69.699794959928369, 58.929090662233264 ], [ -69.705573352183478, 58.922835397771898 ], [ -69.706730197895567, 58.926753818105595 ], [ -69.706566787344372, 58.919605774859583 ], [ -69.70844933847178, 58.923340574355642 ], [ -69.705502698990287, 58.929589553860318 ], [ -69.695339915383641, 58.937323350637719 ], [ -69.693424859070007, 58.943198254317316 ], [ -69.683253978396735, 58.950859275437814 ], [ -69.696546874779685, 58.955835757029156 ], [ -69.689813440587216, 58.962508763605484 ], [ -69.702745220701686, 58.985358733355348 ], [ -69.696781365612708, 58.990725646275592 ], [ -69.710758060669036, 59.001013759736686 ], [ -69.715776932357471, 59.011350157558176 ], [ -69.721956397399126, 59.009600522266879 ], [ -69.715740255726629, 58.99784297228684 ], [ -69.72091657642703, 58.999550533711904 ], [ -69.709269645679726, 58.981964283352298 ], [ -69.715970453252268, 58.981262817138727 ], [ -69.70955678308934, 58.976466325452542 ], [ -69.70890667698319, 58.964291655255117 ], [ -69.710879868552013, 58.961317089924329 ], [ -69.718731633555237, 58.966824005241129 ], [ -69.726190656422091, 58.961806895777627 ], [ -69.722121928807738, 58.977600327259381 ], [ -69.726053149699453, 58.977596302391028 ], [ -69.724949505074861, 58.992133747301899 ], [ -69.730783738621028, 58.989056400123765 ], [ -69.730554496594678, 58.979052836796328 ], [ -69.733856581642129, 58.982177539902288 ], [ -69.739690048174367, 58.979180601981064 ], [ -69.748722230294661, 58.991378828670584 ], [ -69.750065965360932, 59.021161029486109 ], [ -69.761841232822547, 59.029884709830561 ], [ -69.770530174559568, 59.028908296624927 ], [ -69.758373827879538, 59.014825978879927 ], [ -69.764525871253056, 58.99149306299956 ], [ -69.755793796334899, 58.978162570448518 ], [ -69.761384859166014, 58.972175377012213 ], [ -69.758081932681478, 58.967497680746618 ], [ -69.760961690491769, 58.959290029841952 ], [ -69.766634945736655, 58.96345071988285 ], [ -69.767039807979771, 58.95897576202205 ], [ -69.769808400433931, 58.970086872358358 ], [ -69.788678447409438, 58.988375511001436 ], [ -69.787380925429858, 58.994041487969483 ], [ -69.801014074842698, 59.007797705785599 ], [ -69.805757700006779, 59.009627354132434 ], [ -69.804557619132211, 59.005207150150383 ], [ -69.809753254206271, 59.009243216838264 ], [ -69.803999498090448, 59.017855935626741 ], [ -69.816870977147104, 59.025993082885407 ], [ -69.825208743606481, 59.021368910542989 ], [ -69.828929678343442, 59.034134191089919 ], [ -69.819924941793261, 59.039400453231423 ], [ -69.844310840750069, 59.060259550527896 ], [ -69.843110790136109, 59.056118109054395 ], [ -69.857873824278954, 59.055239942830582 ], [ -69.865973148911451, 59.046618192424276 ], [ -69.862469852138332, 59.032711903713874 ], [ -69.857448044848283, 59.030455039275537 ], [ -69.865564350565165, 59.028973088022283 ], [ -69.848933216381496, 59.008722990413602 ], [ -69.85305463982553, 59.001484094408923 ], [ -69.85024029874242, 58.998889087374828 ], [ -69.855872465369288, 58.997891021997546 ], [ -69.849644891560359, 58.990971654384602 ], [ -69.855999626914993, 58.991091475786881 ], [ -69.851674605999889, 58.986485717406104 ], [ -69.857811418082292, 58.982771917810751 ], [ -69.849879525620992, 58.97718405936655 ], [ -69.869206997504236, 58.983459342057316 ], [ -69.869484999061996, 58.975158879671831 ], [ -69.879638035737585, 58.974273028086358 ], [ -69.892447619384967, 58.961117722057082 ], [ -69.894855171597257, 58.956062635570383 ], [ -69.887057865190542, 58.952326235688972 ], [ -69.925621540986185, 58.95654681305966 ], [ -69.942824919153637, 58.96709238607027 ], [ -69.952397038947325, 58.967363590607825 ], [ -69.953324945930504, 58.973886161472834 ], [ -69.975810128504691, 58.985403293734628 ], [ -69.984686037948237, 58.999499589030393 ], [ -69.987938992277407, 59.000167228673298 ], [ -69.995785631366331, 58.99989971836564 ], [ -69.986546850082405, 58.999440527694055 ], [ -69.976312024053186, 58.984079267528237 ], [ -69.955107658638426, 58.973567646699259 ], [ -69.954861762837112, 58.967821452546829 ], [ -69.918056967351802, 58.951885522838595 ], [ -69.885741961327398, 58.951850246204238 ], [ -69.89226185499912, 58.956619399397113 ], [ -69.855597432750372, 58.960836635367073 ], [ -69.856196361952328, 58.96465865410493 ], [ -69.843324130470592, 58.962336196975741 ], [ -69.836299182009327, 58.949395012795918 ], [ -69.830028666608925, 58.950288610338092 ], [ -69.826227119912247, 58.957039807645863 ], [ -69.808261340231113, 58.95747654464305 ], [ -69.809585248502685, 58.945720957099404 ], [ -69.803342111338537, 58.938072019113982 ], [ -69.811434608692323, 58.943805362042177 ], [ -69.807659932507264, 58.936958403286283 ], [ -69.812686651146805, 58.937187401872606 ], [ -69.807542549272597, 58.932675129784585 ], [ -69.808091406007861, 58.921966144212583 ], [ -69.798326058604289, 58.919494095856365 ], [ -69.793465154766423, 58.906689926488362 ], [ -69.79676685003362, 58.894015123206103 ], [ -69.796065694984534, 58.902767123451959 ], [ -69.803046723739854, 58.899167405195023 ], [ -69.796272662510603, 58.884596877143608 ], [ -69.796679051076325, 58.872092535475453 ], [ -69.792024730594804, 58.868007742914024 ], [ -69.794608596013973, 58.859693202464285 ], [ -69.788336613343802, 58.858330547621087 ], [ -69.785373398931128, 58.831584451965455 ], [ -69.802245034313657, 58.829334227741711 ], [ -69.809268655875812, 58.836394598961846 ], [ -69.826321944869875, 58.828643530057867 ], [ -69.852757780640403, 58.852802084655998 ], [ -69.862499235675344, 58.853518780567804 ], [ -69.881953538869695, 58.879675772151444 ], [ -69.883670534019217, 58.874903968278879 ], [ -69.889077682191569, 58.876770899628546 ], [ -69.888757895409526, 58.883913250161307 ], [ -69.89845931171547, 58.876697053021076 ], [ -69.892059586804706, 58.869304846935137 ], [ -69.890970851466179, 58.851906504276791 ], [ -69.878992674711171, 58.842270746472096 ], [ -69.884870741074735, 58.834273112997366 ], [ -69.874707018407463, 58.830354633962131 ], [ -69.876700211437964, 58.82697308691705 ], [ -69.890884578908612, 58.826274250882605 ], [ -69.892917547173781, 58.83057128783306 ], [ -69.912704829453958, 58.819592367104264 ], [ -69.924182160463005, 58.825321709359152 ], [ -69.94594923542104, 58.812491229089979 ], [ -69.971147920995591, 58.807840318468806 ], [ -70.014669938588, 58.81918854803817 ], [ -70.030188415709191, 58.828660696908422 ], [ -70.040343633891936, 58.822538056877725 ], [ -70.035224307819661, 58.814725374712886 ], [ -70.036193489335275, 58.806214644780326 ], [ -70.079314705609875, 58.786631328682205 ], [ -70.072390213170252, 58.767017963182724 ], [ -70.060121000932142, 58.764515565612705 ], [ -70.048920995984133, 58.751217221967387 ], [ -70.037094866909442, 58.757862485177995 ], [ -70.033173421996509, 58.749084680757896 ], [ -70.042725830944804, 58.745044905492257 ], [ -70.028801963238422, 58.734142198530925 ], [ -70.019158072246725, 58.734519819111256 ], [ -69.999733047032265, 58.739584124284605 ], [ -69.99140828062265, 58.749216212276686 ], [ -69.967501058756312, 58.762025927700336 ], [ -69.908378385304317, 58.784595253623664 ], [ -69.898276288037493, 58.773223599370901 ], [ -69.908675572030987, 58.74828994653442 ], [ -69.912333260869715, 58.748066527352172 ], [ -69.907887759561675, 58.743256868800337 ], [ -69.915166879403202, 58.744103558526547 ], [ -69.910056444979432, 58.739631015165621 ], [ -69.911604521646126, 58.73408743657366 ], [ -69.919131872973068, 58.733279553568529 ], [ -69.918660899473835, 58.721966138333748 ], [ -69.929012023408518, 58.71253314014276 ], [ -69.925024245124945, 58.706506172932116 ], [ -69.929775690926405, 58.708153584976714 ], [ -69.931542975324106, 58.705874711431669 ], [ -69.927303594578191, 58.706321309957417 ], [ -69.925828718818863, 58.700565609943453 ], [ -69.929032610238863, 58.690505208518118 ], [ -69.918461774847216, 58.686867488951854 ], [ -69.881318168452282, 58.691510023648803 ], [ -69.840629475824116, 58.709125300236487 ], [ -69.830920529747516, 58.717478167974257 ], [ -69.839620228115692, 58.733884838681632 ], [ -69.833355894135536, 58.737024086593031 ], [ -69.826557449099809, 58.7198773438367 ], [ -69.814100087650928, 58.717307106684913 ], [ -69.810740302291649, 58.704978780109442 ], [ -69.797966044412149, 58.704869908137368 ], [ -69.780934364679055, 58.71194387678414 ], [ -69.779071874122195, 58.698887143781228 ], [ -69.78575804724305, 58.689281287597773 ], [ -69.811427892609515, 58.676655802826012 ], [ -69.814251972274576, 58.686095494374676 ], [ -69.821351976596446, 58.677733531105474 ], [ -69.839135068272256, 58.674259798918442 ], [ -69.865186657128191, 58.642059032393952 ], [ -69.865836207250709, 58.636980036313318 ], [ -69.856310198533833, 58.639082598277007 ], [ -69.849699389406069, 58.632875225247531 ], [ -69.858046103778662, 58.617146894993013 ], [ -69.854643316308696, 58.612454171062254 ], [ -69.82387095376896, 58.605370883985067 ], [ -69.80931257041405, 58.583281766147806 ], [ -69.773213269402731, 58.618232646668481 ], [ -69.751186002786156, 58.628305716833154 ], [ -69.730958265856188, 58.659974167906419 ], [ -69.724206978339396, 58.680202595725142 ], [ -69.702591077973608, 58.687633194055039 ], [ -69.702892180893727, 58.700016880971305 ], [ -69.682532448763311, 58.714280956679168 ], [ -69.675461281761031, 58.716419834670063 ], [ -69.674587885772425, 58.695363170826319 ], [ -69.656818661877111, 58.698248190929533 ], [ -69.653345385917561, 58.6924549198229 ], [ -69.659569054747124, 58.685821900167369 ], [ -69.657567637017493, 58.679383518117554 ], [ -69.648938727255057, 58.667931147523682 ], [ -69.640793680171214, 58.664702732438059 ], [ -69.644680386493121, 58.667934583671226 ], [ -69.639984279758835, 58.671334998824683 ], [ -69.641044373812122, 58.710308728428963 ], [ -69.626864456168491, 58.742504509968576 ], [ -69.622468239497465, 58.745938702516241 ], [ -69.620704805458047, 58.7429744172601 ], [ -69.611376429774268, 58.755862137197774 ], [ -69.610944809188183, 58.767710395246674 ], [ -69.607870506839618, 58.761959000499942 ], [ -69.59962873658192, 58.767215653965678 ], [ -69.594476875286588, 58.765218735953908 ], [ -69.588203836302753, 58.774587908740706 ], [ -69.576505605760786, 58.772018224547352 ], [ -69.568760872512826, 58.782722218311207 ], [ -69.558767862971365, 58.781948609532236 ], [ -69.557097505120623, 58.774851728960698 ], [ -69.531756753283474, 58.788035192636613 ], [ -69.524165888405804, 58.787141198401969 ], [ -69.5310056135732, 58.772833242843078 ], [ -69.510526581332243, 58.786639051244002 ], [ -69.509596479872954, 58.781011570234512 ], [ -69.503090921178568, 58.782060943546774 ], [ -69.500028884166909, 58.769625272822054 ], [ -69.489256509946244, 58.788427874325663 ], [ -69.485261567630857, 58.787284399981928 ], [ -69.471235735186369, 58.800349933099973 ], [ -69.464783804345672, 58.783758350096129 ], [ -69.458575055536258, 58.799587264192724 ], [ -69.439047546853018, 58.804522889849864 ], [ -69.440952418078155, 58.820969642157024 ], [ -69.434006379608093, 58.819403541290114 ], [ -69.419427339436311, 58.826618561473317 ], [ -69.407417414878168, 58.818565116234268 ], [ -69.408620414135783, 58.826626251810502 ], [ -69.402449807429406, 58.8321689379977 ], [ -69.411015306063604, 58.838743004219282 ], [ -69.413848665542517, 58.851154628486789 ], [ -69.400183653140942, 58.857969327483637 ], [ -69.393118273693176, 58.854012457001325 ], [ -69.392543340574363, 58.862941263625459 ], [ -69.38651938839466, 58.863776685994509 ], [ -69.391295930303031, 58.867624090516166 ], [ -69.387233305987976, 58.873366161576762 ], [ -69.378123108650101, 58.872863268345306 ], [ -69.37403263133082, 58.866642430138846 ], [ -69.354942392029969, 58.866633397808855 ], [ -69.348527874186999, 58.871895698402277 ], [ -69.342344269771758, 58.867367887106255 ], [ -69.33716310644941, 58.874835654548761 ], [ -69.327941271493287, 58.875326400736967 ], [ -69.327247416463251, 58.880824454429437 ], [ -69.318859214136097, 58.881608797224871 ], [ -69.31420388867565, 58.877066892117284 ], [ -69.284709862584023, 58.880179741823298 ], [ -69.273614303871327, 58.889678499651183 ], [ -69.253191367966906, 58.891839568489161 ], [ -69.264877065957549, 58.899719307390939 ], [ -69.250786946534504, 58.904848507353343 ], [ -69.244997333008286, 58.898608951039783 ], [ -69.233772704008985, 58.904332559197613 ], [ -69.225980125190247, 58.899173440339759 ], [ -69.223529453687448, 58.890547149431661 ], [ -69.230530368422748, 58.88401475929701 ], [ -69.220348212821278, 58.884140287302237 ], [ -69.200828632679844, 58.898487525331234 ], [ -69.196276830737816, 58.885382517780954 ], [ -69.206590698706037, 58.875262993800767 ], [ -69.186611957900183, 58.878580370915763 ], [ -69.162402088246282, 58.897814048018738 ], [ -69.141950503634504, 58.904295302752814 ], [ -69.097350464276602, 58.901327994955139 ], [ -69.077174234511517, 58.905347062984163 ], [ -69.072469936305083, 58.896943740039653 ], [ -69.063978703193229, 58.894155213397958 ], [ -69.045903327555237, 58.898626343566427 ], [ -69.045669533594207, 58.905595522055165 ], [ -69.031747694248182, 58.904997967016939 ], [ -69.044236346757117, 58.897890489537453 ], [ -69.038819249639175, 58.895638048668651 ], [ -69.000660020793248, 58.900848259703288 ], [ -68.988994353255308, 58.907282505302511 ], [ -68.989831304891993, 58.894502920161507 ], [ -69.0109259536124, 58.874736102058201 ], [ -69.009416267517082, 58.871574964146838 ], [ -68.973250989834384, 58.883023100908296 ], [ -68.965901456363483, 58.877417338585204 ], [ -68.957483178219007, 58.882578810542036 ], [ -68.945280131505584, 58.876853444663055 ], [ -68.938175596355606, 58.882957198197232 ], [ -68.917176866650593, 58.879460895691999 ], [ -68.865705961828212, 58.885937738504268 ], [ -68.860907222522911, 58.879933466041749 ], [ -68.851527466389228, 58.891122121207083 ], [ -68.826452692259437, 58.905478163082932 ], [ -68.822697732160179, 58.899788195518255 ], [ -68.796665946934951, 58.914343689775329 ], [ -68.760702879414239, 58.920074767001893 ], [ -68.741586328397858, 58.89875348605689 ], [ -68.752072188740286, 58.898262103392653 ], [ -68.749547332194581, 58.894628958374831 ], [ -68.737777836765744, 58.892899281004873 ], [ -68.736581077968879, 58.888271715051495 ], [ -68.75770502925235, 58.881963573061888 ], [ -68.756117200333733, 58.878350277562149 ], [ -68.775956452502939, 58.87614098801054 ], [ -68.780799083648816, 58.867321108647296 ], [ -68.795539532125034, 58.869886856653764 ], [ -68.805640371630801, 58.865241373289386 ], [ -68.805045835704121, 58.863049142639987 ], [ -68.794694436266411, 58.86911316534956 ], [ -68.779726029095741, 58.867004959238066 ], [ -68.772436039226079, 58.876089917346782 ], [ -68.764369842551986, 58.871198873437038 ], [ -68.767544145398887, 58.868483400546715 ], [ -68.76099078155174, 58.868336742481461 ], [ -68.760879590208589, 58.876913274027949 ], [ -68.754869455678204, 58.878204239016483 ], [ -68.755452099049805, 58.881662971193293 ], [ -68.745702130856557, 58.879479750431983 ], [ -68.733755809613257, 58.887915658510678 ], [ -68.735193344221912, 58.89958473709553 ], [ -68.71555485416394, 58.89441497196119 ], [ -68.632484484779283, 58.911017709161904 ], [ -68.636393897849345, 58.904104521676977 ], [ -68.631710006192634, 58.895694157072604 ], [ -68.624810189207778, 58.896662212728899 ], [ -68.622149880213072, 58.903497884477716 ], [ -68.602915175951125, 58.900710070110655 ], [ -68.59412216365493, 58.894234481510942 ], [ -68.583378605798544, 58.898744654212372 ], [ -68.578927073461969, 58.893745830308035 ], [ -68.584866782524259, 58.893315996681828 ], [ -68.536926720860052, 58.86053434517175 ], [ -68.529017098971323, 58.865966211629498 ], [ -68.535374436590914, 58.874170881336745 ], [ -68.522266043100288, 58.87145573692414 ], [ -68.5093969122033, 58.856876279043462 ], [ -68.512616030251124, 58.854768955805817 ], [ -68.506400841429439, 58.843285577152031 ], [ -68.497406832217735, 58.836182821229734 ], [ -68.502398739959744, 58.820287764656193 ], [ -68.471053180171438, 58.837586405932171 ], [ -68.467064833200553, 58.831058742566519 ], [ -68.47345532118436, 58.825417911043239 ], [ -68.458161720863615, 58.82217533152231 ], [ -68.47043798840167, 58.821130590054906 ], [ -68.444759369313772, 58.813451654444634 ], [ -68.441996348274657, 58.817328557841215 ], [ -68.414464591565135, 58.82153551540771 ], [ -68.392725080086407, 58.819962206551054 ], [ -68.387013708070512, 58.80900517492676 ], [ -68.396999853464521, 58.804130533783905 ], [ -68.387379408427222, 58.80004370069701 ], [ -68.401436555807166, 58.790724335742539 ], [ -68.387815450765004, 58.787076953282565 ], [ -68.391054425133447, 58.783886005702456 ], [ -68.387228218340113, 58.783095506592723 ], [ -68.370774811226113, 58.788063756762995 ], [ -68.346094931712841, 58.782157147292558 ], [ -68.354152312493213, 58.778596267435631 ], [ -68.347975951455894, 58.777774849943427 ], [ -68.344824842321927, 58.770609820114736 ], [ -68.364263059705294, 58.759103325393696 ], [ -68.364394677096229, 58.74999699869467 ], [ -68.370944297041177, 58.748080171941254 ], [ -68.366967146161514, 58.746327337644331 ], [ -68.380457355636892, 58.743689501223912 ], [ -68.375074371227029, 58.740367409584181 ], [ -68.37810560859738, 58.737023087880516 ], [ -68.374283911106431, 58.730511122348325 ], [ -68.38190940189358, 58.726120147704918 ], [ -68.38138708085269, 58.721492294065008 ], [ -68.374315621966403, 58.720084030882802 ], [ -68.379453655126113, 58.718555117496535 ], [ -68.376894808842025, 58.710055433504579 ], [ -68.36968786450133, 58.706733228266664 ], [ -68.372295738072481, 58.701842158055804 ], [ -68.361278874081862, 58.701267091039242 ], [ -68.359648212465586, 58.693265621772639 ], [ -68.351423959757753, 58.688329649578002 ], [ -68.330608259613228, 58.683525904414395 ], [ -68.334163569713738, 58.668033486181848 ], [ -68.329182564664833, 58.664361176947217 ], [ -68.33831580545295, 58.660896726035254 ], [ -68.329811288903656, 58.659442637197387 ], [ -68.333666850859785, 58.643448800732386 ], [ -68.329479499552406, 58.640795503597609 ], [ -68.336125684589817, 58.640982641359891 ], [ -68.337217758788583, 58.638805778870974 ], [ -68.331695959227517, 58.639298159728753 ], [ -68.336473326951648, 58.637185284853651 ], [ -68.330164690683645, 58.619405265871428 ], [ -68.343737228981936, 58.616340696928702 ], [ -68.33429560045532, 58.615843110841944 ], [ -68.342434526148764, 58.599538700954739 ], [ -68.31946891319015, 58.57975869306474 ], [ -68.312003313330379, 58.587748426362168 ], [ -68.301862221938478, 58.58391255107675 ], [ -68.299616715525076, 58.589558693266788 ], [ -68.283791283416789, 58.587010577177985 ], [ -68.268510916985576, 58.56998529987851 ], [ -68.274642944167013, 58.571924156638318 ], [ -68.276580067914395, 58.566366491143917 ], [ -68.268623793294836, 58.561273820228337 ], [ -68.274458225238376, 58.557579505325663 ], [ -68.270219817268838, 58.554780212770346 ], [ -68.278918602675233, 58.550446307876257 ], [ -68.277141444504295, 58.537448895571472 ], [ -68.291336452690814, 58.53539036121348 ], [ -68.291851332714614, 58.528594120495654 ], [ -68.29847883015843, 58.526923995780749 ], [ -68.304515643281533, 58.517759659267711 ], [ -68.311336780696621, 58.51833530132857 ], [ -68.323220333682585, 58.51635069279012 ], [ -68.321054361774003, 58.511174834865663 ], [ -68.338872402265878, 58.505582456697283 ], [ -68.340129715146148, 58.50076580605247 ], [ -68.334209425563685, 58.498983819696853 ], [ -68.348950807459019, 58.494191398001938 ], [ -68.337574474029267, 58.49340566457839 ], [ -68.349359514464368, 58.491570824418638 ], [ -68.347346900724773, 58.488174541552326 ], [ -68.359206060166585, 58.475552240375215 ], [ -68.356705789635257, 58.468812472684874 ], [ -68.366684684652313, 58.447239569375256 ], [ -68.359294233896094, 58.449029867306699 ], [ -68.358654659394631, 58.459696877554457 ], [ -68.350178987992649, 58.469489151874775 ], [ -68.356478539362911, 58.475619419394128 ], [ -68.341071236347062, 58.480732623808166 ], [ -68.332993965472085, 58.49069643646218 ], [ -68.326878302874448, 58.490269327201503 ], [ -68.329869807092535, 58.495314682468013 ], [ -68.318711900821455, 58.506285409225463 ], [ -68.321444073164542, 58.514994075137324 ], [ -68.303908901427519, 58.517190521009965 ], [ -68.294769616396437, 58.526077360938096 ], [ -68.270725913656889, 58.527110706522791 ], [ -68.261194508944399, 58.533702654612227 ], [ -68.255018464497965, 58.529328845637124 ], [ -68.248168853603971, 58.532432501354492 ], [ -68.250337403819017, 58.524972428029315 ], [ -68.254845627515252, 58.524522635537259 ], [ -68.261824410182228, 58.521706780771545 ], [ -68.280573688520178, 58.511601054952166 ], [ -68.277755407308874, 58.511764876816372 ], [ -68.250346332238379, 58.523750976905212 ], [ -68.227223494538393, 58.53835286414342 ], [ -68.227996760236621, 58.546153586812643 ], [ -68.221061548766215, 58.545887173338443 ], [ -68.221254823680567, 58.550343239646658 ], [ -68.21551605081892, 58.546482159388681 ], [ -68.208281838181264, 58.549572379636537 ], [ -68.2055531779787, 58.556255854526 ], [ -68.19071910744043, 58.556369868695015 ], [ -68.196403653661534, 58.554294849427819 ], [ -68.11766883736, 58.530084376904497 ], [ -68.11936433531865, 58.526844609776525 ], [ -68.109553006374966, 58.518962778584523 ], [ -68.097964253152512, 58.514965810234855 ], [ -68.103252819231784, 58.526346898904855 ], [ -68.097463467895182, 58.522435187337237 ], [ -68.082155148813271, 58.524140988707963 ], [ -68.067264670871126, 58.511342339737553 ], [ -68.069790956945198, 58.500842895659801 ], [ -68.062931686875913, 58.507762936243985 ], [ -68.047540168943613, 58.512077754527368 ], [ -68.051338464808211, 58.514441172645 ], [ -68.045797472052726, 58.520633545765797 ], [ -68.038677516686093, 58.510403948376194 ], [ -68.028747843422167, 58.512592636213881 ], [ -68.00215551811273, 58.50063133656986 ], [ -68.02170604298621, 58.510275729780048 ], [ -68.026381795966245, 58.518691417823526 ], [ -68.02508417163564, 58.540094406911223 ], [ -68.014407708124125, 58.542851194870281 ], [ -68.017110873492612, 58.546320961063628 ], [ -68.012297581307138, 58.547631331887821 ], [ -68.023068379476882, 58.553273466039322 ], [ -68.015886052018288, 58.55752993621936 ], [ -68.016218931759695, 58.565274873732072 ], [ -68.010723869543497, 58.569939162932535 ], [ -68.003681446238403, 58.568492575743804 ], [ -68.009015610750637, 58.581719186053263 ], [ -68.005272684629929, 58.583917782767088 ], [ -67.997988996342471, 58.573821450261484 ], [ -67.98255782823874, 58.574812015181735 ], [ -67.961569627949288, 58.56178206041487 ], [ -67.967229321207313, 58.559878587014737 ], [ -67.958425855979399, 58.553035136723892 ], [ -67.964839543192767, 58.55290732394193 ], [ -67.956417780686209, 58.549479957132753 ], [ -67.976272590694961, 58.543891267740037 ], [ -67.961409649129763, 58.543376750145157 ], [ -67.95137898544624, 58.536388109397855 ], [ -67.971324683303138, 58.529229113291578 ], [ -67.966631979562962, 58.527628580322784 ], [ -67.975265106581205, 58.524841487751338 ], [ -67.971967777971798, 58.514881081899397 ], [ -67.950039762455773, 58.519131747368114 ], [ -67.938305844770909, 58.509164019354671 ], [ -67.936390897964216, 58.513459558185794 ], [ -67.930630821460269, 58.512082344492974 ], [ -67.93798701364652, 58.516876950616904 ], [ -67.931941131332977, 58.515281892231151 ], [ -67.924097197207487, 58.521414002852531 ], [ -67.920221768015949, 58.519019189011118 ], [ -67.928947074720114, 58.514951557641787 ], [ -67.927446544759505, 58.510681537925734 ], [ -67.916715248393984, 58.506342923113571 ], [ -67.803882273154926, 58.471545921405998 ], [ -67.78284766512337, 58.472169478155436 ], [ -67.780837228124639, 58.46833290697154 ], [ -67.778664820467895, 58.473629759362403 ], [ -67.770225334101056, 58.467836398713594 ], [ -67.747735459906835, 58.465346285119068 ], [ -67.726181144177886, 58.451292149244168 ], [ -67.738608515539852, 58.4425673150987 ], [ -67.714768559857404, 58.451295043380242 ], [ -67.711175976360096, 58.448321741624227 ], [ -67.71405899902031, 58.444443301034347 ], [ -67.720866124147321, 58.444762916479839 ], [ -67.717585057965465, 58.432289440619243 ], [ -67.696786843976554, 58.431998846799445 ], [ -67.683393435472468, 58.422376456326006 ], [ -67.708200123172915, 58.414508712093131 ], [ -67.70081114608297, 58.412484816694374 ], [ -67.702500277009577, 58.408908923177243 ], [ -67.713991701442438, 58.412474028259588 ], [ -67.705055080249423, 58.402251752546633 ], [ -67.715817473988864, 58.398048496172635 ], [ -67.708613803296657, 58.397589815682068 ], [ -67.713350325104685, 58.391565293813827 ], [ -67.730524468478421, 58.405875078207131 ], [ -67.72241970183633, 58.396219192263352 ], [ -67.721938212233638, 58.387303732169762 ], [ -67.71353948721223, 58.382144535400691 ], [ -67.720549596530432, 58.375109571319506 ], [ -67.719074523588702, 58.370046652301156 ], [ -67.726427381284836, 58.371431420501956 ], [ -67.7295263742526, 58.359416637960038 ], [ -67.709934992058962, 58.356265468104468 ], [ -67.705899655251002, 58.345580377591304 ], [ -67.720670917629448, 58.345773784421851 ], [ -67.724577400086005, 58.333614433334226 ], [ -67.740825744731225, 58.328152247024477 ], [ -67.746399031824126, 58.317841090101005 ], [ -67.741777796682399, 58.306163277420211 ], [ -67.720291861746986, 58.296248882107491 ], [ -67.714399675263337, 58.287009522288521 ], [ -67.735929848027624, 58.277298365015945 ], [ -67.729448597552036, 58.277341920225567 ], [ -67.729058862782679, 58.272990443651402 ], [ -67.739186751905692, 58.272497878815322 ], [ -67.72806380661892, 58.265075787820805 ], [ -67.712508674918269, 58.270031215706361 ], [ -67.716489082947348, 58.278290381716225 ], [ -67.691002664972501, 58.281804703090465 ], [ -67.687709635986579, 58.279543239906111 ], [ -67.701025579398319, 58.276813762399208 ], [ -67.704759832714316, 58.268875003277252 ], [ -67.661209544385557, 58.267788522579508 ], [ -67.642578343589804, 58.258682961240766 ], [ -67.526691178830106, 58.253989085596231 ], [ -67.518785500909118, 58.263091319581434 ], [ -67.457306622936343, 58.28964573175913 ], [ -67.429347140018876, 58.28349323157439 ], [ -67.428046178859162, 58.278213114910265 ], [ -67.419496974803323, 58.27604156553236 ], [ -67.420788726724723, 58.271539001168932 ], [ -67.393844947932635, 58.269089130806634 ], [ -67.379304309513486, 58.273067889172559 ], [ -67.349959033017342, 58.292877976784666 ], [ -67.355515961083029, 58.302912039665578 ], [ -67.345762254930293, 58.302381979639172 ], [ -67.344002184629431, 58.313022386025551 ], [ -67.325805608911963, 58.318795350032595 ], [ -67.324520983675285, 58.323934961948595 ], [ -67.290841281292899, 58.326193442573519 ], [ -67.267198270163703, 58.343815299762447 ], [ -67.253449667558797, 58.336441657952129 ], [ -67.256233426814205, 58.332293331741148 ], [ -67.250522996241202, 58.328954389530125 ], [ -67.236843386112966, 58.329638009751804 ], [ -67.236139860794722, 58.339986277917113 ], [ -67.211321732764276, 58.335841740621049 ], [ -67.217855063185525, 58.339750891954374 ], [ -67.206848602415135, 58.350628930762319 ], [ -67.204911616989136, 58.359836842130129 ], [ -67.178043792684065, 58.371387463879834 ], [ -67.187401496362583, 58.388633919721563 ], [ -67.180053583337624, 58.400423920416216 ], [ -67.174158090396901, 58.394303080859878 ], [ -67.179824215843496, 58.389936874468859 ], [ -67.177892787107837, 58.386585492714012 ], [ -67.17207403256036, 58.387957921496934 ], [ -67.166306655468489, 58.37976329695357 ], [ -67.154248934229841, 58.38107235939205 ], [ -67.154074029326964, 58.375580832894094 ], [ -67.14319976447851, 58.37261172451592 ], [ -67.142979414046579, 58.37810651730166 ], [ -67.138496269026618, 58.377825829632023 ], [ -67.109647141610282, 58.362750718326666 ], [ -67.089516579297012, 58.364662234956718 ], [ -67.080325453131195, 58.375718199419921 ], [ -67.050947585804948, 58.386827610852592 ], [ -67.066718487946531, 58.392798326904945 ], [ -67.069768685956944, 58.403355370348244 ], [ -67.082837889118125, 58.413245075688891 ], [ -67.081401513926053, 58.420455474143118 ], [ -67.066834063602258, 58.415061886065885 ], [ -67.041346638238394, 58.41958896579149 ], [ -67.037380274003141, 58.414245771798029 ], [ -67.031289394246429, 58.419389937211562 ], [ -67.004295467135563, 58.422556927718801 ], [ -67.014204616378663, 58.42418423789335 ], [ -67.006118717026695, 58.437256027905278 ], [ -67.011290204941545, 58.441244346629624 ], [ -67.004400569664512, 58.452169500071349 ], [ -66.983655147862891, 58.465168061519449 ], [ -66.972131988563078, 58.478884501460819 ], [ -66.960451587198833, 58.479175466100834 ], [ -66.957323744141135, 58.48253062344218 ], [ -66.960730885784798, 58.485306967655227 ], [ -66.95352634450424, 58.485884005336203 ], [ -66.960901136582606, 58.496872003130655 ], [ -66.940082994546685, 58.493386100185553 ], [ -66.925796269583785, 58.496174546308865 ], [ -66.941184636528803, 58.506223920474838 ], [ -66.939571810594146, 58.512361050320656 ], [ -66.927176052176648, 58.509448267625835 ], [ -66.921995171421855, 58.504450230886924 ], [ -66.924041515888376, 58.500027274934439 ], [ -66.903896287133648, 58.499672818858457 ], [ -66.898574499290959, 58.485049505204145 ], [ -66.885119962296145, 58.487406850046114 ], [ -66.880630032640994, 58.483334798681391 ], [ -66.887431606726111, 58.483482938694742 ], [ -66.870563229955209, 58.475630336997312 ], [ -66.876278787847951, 58.475275913896859 ], [ -66.871796683091119, 58.467996293122035 ], [ -66.879675237098525, 58.4704267425005 ], [ -66.888378153429286, 58.468854349659459 ], [ -66.890280964917665, 58.464285797616995 ], [ -66.897889760549987, 58.466072813179508 ], [ -66.902376446700075, 58.454655570106375 ], [ -66.888910995356937, 58.44280904484841 ], [ -66.852930958552378, 58.429247096194885 ], [ -66.857139036982048, 58.419192234237563 ], [ -66.85307170243226, 58.410337492815295 ], [ -66.856737521934917, 58.407200465683687 ], [ -66.85157519596774, 58.408767096259453 ], [ -66.850496660687156, 58.417760272624236 ], [ -66.854830960743882, 58.420258682536485 ], [ -66.848450328811694, 58.426323922232456 ], [ -66.844226014411745, 58.443871158727937 ], [ -66.852094027994156, 58.454227348357591 ], [ -66.839995462488716, 58.455578371362272 ], [ -66.841487498117786, 58.46227883118101 ], [ -66.83510571655448, 58.461784897385485 ], [ -66.836468030940594, 58.456075910636983 ], [ -66.829271423630857, 58.457140206086649 ], [ -66.78559630146799, 58.425720350745031 ], [ -66.811484712431451, 58.447646799916036 ], [ -66.809561786045407, 58.459554216175718 ], [ -66.80017601649466, 58.462978292314169 ], [ -66.790077554530768, 58.475814097369209 ], [ -66.81549999609085, 58.479897265321412 ], [ -66.799712856233825, 58.484380137152485 ], [ -66.808681838547813, 58.487741091139952 ], [ -66.798622143194308, 58.490021573538364 ], [ -66.809221983495377, 58.495872137958173 ], [ -66.762827200213152, 58.495987950451628 ], [ -66.733515996456049, 58.51008233753295 ], [ -66.723742479001373, 58.507501501338254 ], [ -66.731914357504735, 58.502444153538029 ], [ -66.697957286730201, 58.493339930070185 ], [ -66.700006483539013, 58.489558218012185 ], [ -66.684567346336436, 58.479334424661452 ], [ -66.673649259475312, 58.485165584475133 ], [ -66.675938168188864, 58.488953699122057 ], [ -66.660039757218371, 58.48729002804636 ], [ -66.659320537544545, 58.492425172832725 ], [ -66.645047596891544, 58.492613176804362 ], [ -66.622878822264482, 58.473021586823151 ], [ -66.586750904646479, 58.468375421929942 ], [ -66.59969300867435, 58.466192397771458 ], [ -66.599049136041259, 58.461553098050175 ], [ -66.590085615617497, 58.460746969569662 ], [ -66.588543430931523, 58.465740613288922 ], [ -66.580481152620919, 58.454303525350007 ], [ -66.532751945146089, 58.444336691247187 ], [ -66.539487486273217, 58.450710891290797 ], [ -66.538795992394711, 58.451775809554611 ], [ -66.525020911631003, 58.443387954129676 ], [ -66.509460129475656, 58.438782559314468 ], [ -66.497486038146647, 58.428117362622842 ], [ -66.48291019974755, 58.419933690950103 ], [ -66.480334795635159, 58.419784231890965 ], [ -66.49018167160618, 58.425809007949667 ], [ -66.49776645339837, 58.438887230949696 ], [ -66.493126337257905, 58.428238795312112 ], [ -66.506310101458467, 58.440194900471688 ], [ -66.526353085081453, 58.445893604495865 ], [ -66.528601282987324, 58.451957039792383 ], [ -66.520749073617353, 58.449298526241591 ], [ -66.526287281801231, 58.453664524735416 ], [ -66.553156032287234, 58.457019505626739 ], [ -66.539126703324854, 58.459554335796689 ], [ -66.549407461341659, 58.479841965736547 ], [ -66.55444560085968, 58.479425996220833 ], [ -66.560794508376702, 58.467524868431546 ], [ -66.579187567018977, 58.464144656644805 ], [ -66.585658811198229, 58.470295627393455 ], [ -66.620144783085067, 58.475154206705625 ], [ -66.622399827035537, 58.500416586387203 ], [ -66.631865305247189, 58.510492909234046 ], [ -66.652753539622651, 58.519591886124665 ], [ -66.654512743123718, 58.523595313477585 ], [ -66.647278643510603, 58.52415475233569 ], [ -66.660413392093574, 58.537377743861562 ], [ -66.661702079438101, 58.547437114393929 ], [ -66.649320375559711, 58.545485993817827 ], [ -66.647478135106525, 58.556045236817312 ], [ -66.639571792399721, 58.55652910068509 ], [ -66.622361264451641, 58.543866513504746 ], [ -66.605310270647067, 58.547682662568789 ], [ -66.61097908360712, 58.554544856476291 ], [ -66.607781720501038, 58.562104474263926 ], [ -66.618510998433891, 58.568692052865529 ], [ -66.621985123266441, 58.578325189146113 ], [ -66.615406906737036, 58.580952612111048 ], [ -66.619865546800781, 58.58724376685015 ], [ -66.614226724308566, 58.592727732746376 ], [ -66.618562705732685, 58.597803668113265 ], [ -66.610619556047126, 58.601708385552463 ], [ -66.615934247576661, 58.602786412977309 ], [ -66.613228127163936, 58.61697701476524 ], [ -66.608545498904206, 58.6227480885075 ], [ -66.589066700224564, 58.616714898205437 ], [ -66.587667394480761, 58.621774062609724 ], [ -66.592421091940693, 58.624280069470572 ], [ -66.57605737779356, 58.623029236335654 ], [ -66.58596978029081, 58.62890309704602 ], [ -66.576152362628065, 58.626382366172052 ], [ -66.561508944924313, 58.630346361890822 ], [ -66.572321769420597, 58.642357058379957 ], [ -66.564221682284654, 58.648044070511069 ], [ -66.579053855635919, 58.655143535234131 ], [ -66.570254986789919, 58.66018886696984 ], [ -66.571817283676637, 58.668969590320515 ], [ -66.577677417701722, 58.670769157090412 ], [ -66.573429534655219, 58.67183020454204 ], [ -66.576984199829383, 58.673550390220655 ], [ -66.573237200823201, 58.678816745398763 ], [ -66.561068173900566, 58.663591026740889 ], [ -66.55146552423821, 58.666993621394845 ], [ -66.553757478603998, 58.671206186399559 ], [ -66.546100610121826, 58.670692039020103 ], [ -66.550540170318314, 58.677973497288313 ], [ -66.538934135091452, 58.691364227605099 ], [ -66.545193087357816, 58.693658064660177 ], [ -66.537637536883608, 58.696775298555792 ], [ -66.53206266085401, 58.693838285258451 ], [ -66.528942413803421, 58.704749027286574 ], [ -66.547995102743684, 58.715427823253521 ], [ -66.523728105304997, 58.720066969345659 ], [ -66.515753830708917, 58.709562762579111 ], [ -66.488537871715494, 58.720607575793451 ], [ -66.470531749075406, 58.714989968212464 ], [ -66.474276578403533, 58.711217862411097 ], [ -66.454773646160575, 58.715793654995011 ], [ -66.449879750393478, 58.713279836115028 ], [ -66.455236096700247, 58.711588768648724 ], [ -66.446891914085953, 58.711630267691596 ], [ -66.445676632140987, 58.721615636618651 ], [ -66.450635948376274, 58.730330628125216 ], [ -66.446451949498126, 58.73531538613058 ], [ -66.435386206200377, 58.733280580432719 ], [ -66.437453579451898, 58.743699561538421 ], [ -66.452505074887014, 58.744465241225171 ], [ -66.449832301259391, 58.749803444169814 ], [ -66.458986687898772, 58.752050832784846 ], [ -66.469490892583423, 58.768565340125726 ], [ -66.466937872662484, 58.775119195025908 ], [ -66.454345075187391, 58.77343355764296 ], [ -66.446707437127785, 58.780614365559906 ], [ -66.454736816927181, 58.786280945893608 ], [ -66.450012104189312, 58.791470833225169 ], [ -66.454915385525098, 58.793769015335975 ], [ -66.446785944472637, 58.796744105581254 ], [ -66.447695575079436, 58.801092920438926 ], [ -66.454008029947829, 58.801190697108524 ], [ -66.445241134092512, 58.810218085348161 ], [ -66.460342282514205, 58.821118527072777 ], [ -66.454026215025067, 58.821021007558826 ], [ -66.451840970686504, 58.831436428102755 ], [ -66.431033168147565, 58.826225886031963 ], [ -66.425492278329202, 58.819637220215199 ], [ -66.418144963025171, 58.824324407754567 ], [ -66.422173139952776, 58.83097306739014 ], [ -66.416282894221439, 58.830019657299438 ], [ -66.421282605145208, 58.835959979748893 ], [ -66.400967165746422, 58.835534501503986 ], [ -66.387414272268202, 58.841972829015944 ], [ -66.386943648196947, 58.846608663000161 ], [ -66.373186762547732, 58.847407687007141 ], [ -66.376405208713251, 58.852990067730374 ], [ -66.354960852780863, 58.852687294142676 ], [ -66.334680810763246, 58.840400521760692 ], [ -66.345376194797751, 58.833378743925266 ], [ -66.335118454984695, 58.830417824984181 ], [ -66.355050684164723, 58.8203689433035 ], [ -66.346797703439407, 58.811843103386302 ], [ -66.32222085757752, 58.812737037667958 ], [ -66.306958493479215, 58.822375280274343 ], [ -66.292053319730414, 58.818666794410653 ], [ -66.278509026355025, 58.808686348501965 ], [ -66.266574243185332, 58.808272251749813 ], [ -66.264166282880993, 58.796629683360017 ], [ -66.254817817835246, 58.798156300142523 ], [ -66.250587546472147, 58.803915884089562 ], [ -66.244674475028631, 58.797032424982724 ], [ -66.22964812708571, 58.793538514446468 ], [ -66.234884427157397, 58.792347978539723 ], [ -66.164296711562571, 58.742820470326066 ], [ -66.161813110824795, 58.737661663324587 ], [ -66.166266820040221, 58.734120348356527 ], [ -66.162280320153968, 58.728110754453844 ], [ -66.149683040980278, 58.734239709496656 ], [ -66.157574512940911, 58.743849499357339 ], [ -66.154135084726761, 58.744474495853304 ], [ -66.116833768365652, 58.727703494743714 ], [ -66.101046721884771, 58.716619415037094 ], [ -66.112314032211302, 58.714688928123593 ], [ -66.111934913633064, 58.701129064500236 ], [ -66.115684236063629, 58.699011467472047 ], [ -66.081621869520788, 58.680271775759863 ], [ -66.046458936689959, 58.696287251045675 ], [ -66.049041300673835, 58.699388106696205 ], [ -66.030058257293334, 58.703327993225102 ], [ -66.038292690911462, 58.708235658109245 ], [ -66.038110003816996, 58.716076743095158 ], [ -66.02161048872037, 58.713476436150572 ], [ -66.020517181855851, 58.7183848208334 ], [ -66.056681038941292, 58.734673299660784 ], [ -66.057117883500837, 58.739320294322937 ], [ -66.018233020590287, 58.727714007216889 ], [ -66.033243325523841, 58.746653873685403 ], [ -66.033103154704321, 58.763913808501691 ], [ -66.066287491364164, 58.775115730348865 ], [ -66.068973947633509, 58.77177997810243 ], [ -66.065453144683659, 58.769830684242564 ], [ -66.075632271221608, 58.767905311470201 ], [ -66.066907414269934, 58.754434096408474 ], [ -66.076953039500694, 58.758778149989382 ], [ -66.080078040601762, 58.765642700899754 ], [ -66.093531950676734, 58.76466176857808 ], [ -66.086599144395876, 58.768540102166874 ], [ -66.10277577465321, 58.774134754888834 ], [ -66.094008482228801, 58.780075048538052 ], [ -66.098968052325816, 58.790943314457458 ], [ -66.087172422602819, 58.785240666145157 ], [ -66.090822331686354, 58.793536556008583 ], [ -66.080123052105407, 58.793537370983906 ], [ -66.076987697820442, 58.798085302483337 ], [ -66.084727781358723, 58.807983694931501 ], [ -66.084093162574675, 58.817396004721431 ], [ -66.060987603657622, 58.819172171531143 ], [ -66.06083006575669, 58.825737615022163 ], [ -66.070259033388908, 58.83371625789286 ], [ -66.053938818734082, 58.83832317258166 ], [ -66.03822767157601, 58.834935109986866 ], [ -66.026899932391913, 58.842924207420189 ], [ -66.02452340802806, 58.850615802776751 ], [ -66.028465863621619, 58.857626192206205 ], [ -65.992587509116504, 58.865416468892413 ], [ -65.974934165988202, 58.860459500019552 ], [ -65.974901539072746, 58.848966548676621 ], [ -65.959574849845467, 58.825432923325145 ], [ -65.941077397607955, 58.826979190730214 ], [ -65.93810441197563, 58.839142591112612 ], [ -65.930341285898848, 58.844719889643557 ], [ -65.914106851383849, 58.836811093015683 ], [ -65.888853476531878, 58.833928181976724 ], [ -65.879676755701212, 58.826944378392987 ], [ -65.874211931188654, 58.827497555203358 ], [ -65.865731904065541, 58.84022178445445 ], [ -65.850462962175214, 58.824447928068331 ], [ -65.848188457089748, 58.81404740041333 ], [ -65.832102022297505, 58.805415557724899 ], [ -65.826686481603573, 58.783985927786553 ], [ -65.816456005856594, 58.793573197592394 ], [ -65.815183556607721, 58.804788487143128 ], [ -65.817337006496146, 58.81148094385771 ], [ -65.833805673201724, 58.823107510636149 ], [ -65.834044095334932, 58.833876488243632 ], [ -65.816530839564038, 58.840397282023368 ], [ -65.8119357871456, 58.846796601171341 ], [ -65.818943470526605, 58.854722090326341 ], [ -65.802717140475323, 58.858445069804169 ], [ -65.791958079404978, 58.849332926691929 ], [ -65.796792909390518, 58.845642908522493 ], [ -65.790619526504287, 58.833564807349276 ], [ -65.771982732468004, 58.835017797049773 ], [ -65.758824494692149, 58.823429614423475 ], [ -65.746767920259245, 58.820398062198876 ], [ -65.741167552203294, 58.812663703560467 ], [ -65.751333290971516, 58.812860629474471 ], [ -65.753405321712378, 58.80862906527743 ], [ -65.713658167394016, 58.801977375220012 ], [ -65.708528418402437, 58.804807827725547 ], [ -65.722146251390015, 58.809975420959844 ], [ -65.700472381626426, 58.815004602865329 ], [ -65.698252947384375, 58.805391592324568 ], [ -65.666802594661164, 58.795658462811446 ], [ -65.663026236893288, 58.784333984292722 ], [ -65.654287115994208, 58.77640934954794 ], [ -65.604944307208839, 58.76744210914255 ], [ -65.598560666319102, 58.759789725796281 ], [ -65.602395220414223, 58.74469796977062 ], [ -65.596023438097319, 58.737602346779042 ], [ -65.569842549271286, 58.727093401678452 ], [ -65.518290974497774, 58.71925227785858 ], [ -65.508166629913461, 58.703618220038564 ], [ -65.453357150344672, 58.688995600757323 ], [ -65.420806686095148, 58.665074365535261 ], [ -65.414727648051766, 58.655970195142238 ], [ -65.415891297805757, 58.647116308687792 ], [ -65.405662293472702, 58.641746431344473 ], [ -65.363416127109389, 58.640642831408073 ], [ -65.325791014962434, 58.651705791860664 ], [ -65.310375840049957, 58.646431133204707 ], [ -65.260678828653425, 58.641267594376856 ], [ -65.254622427453015, 58.630727437621786 ], [ -65.243534067446205, 58.62921434327265 ], [ -65.240257250546591, 58.621086742709679 ], [ -65.23103303328223, 58.617419810081628 ], [ -65.197012705677196, 58.623863298225842 ], [ -65.178716851767987, 58.615226341118124 ], [ -65.170016740011846, 58.618769487159845 ], [ -65.136068182611339, 58.612195589163818 ], [ -65.134071593430846, 58.605993830436915 ], [ -65.130059900087886, 58.602871022634886 ], [ -65.103365006012794, 58.596330026837379 ], [ -65.06581496342784, 58.594324685306034 ], [ -65.042290543457256, 58.601115074882202 ], [ -65.016355717695546, 58.601479551118288 ], [ -64.984329855138014, 58.591862276145939 ], [ -64.958946525376291, 58.592431307059996 ], [ -64.93433056958979, 58.584781782672863 ], [ -64.922076425034291, 58.588451258054192 ], [ -64.898441487822112, 58.60093020405553 ], [ -64.840527442716606, 58.593759224051084 ], [ -64.819653224766412, 58.595718311657663 ], [ -64.805634482364738, 58.60351581318708 ], [ -64.767437735557024, 58.607208655101999 ], [ -64.743664277305982, 58.601307943258867 ], [ -64.720621823371815, 58.607322611454386 ], [ -64.698632970956993, 58.604695514193118 ], [ -64.655642002441709, 58.610996352851728 ], [ -64.622183293288757, 58.607075081450738 ], [ -64.596389776750641, 58.606140294478763 ], [ -64.579046636299807, 58.607064077364448 ], [ -64.578500535781572, 58.610987270296043 ], [ -64.553655426038929, 58.610122081896819 ], [ -64.549968066512392, 58.613544069012924 ], [ -64.53209463395892, 58.607964435018353 ], [ -64.482535712684509, 58.607916552414267 ], [ -64.461503387925745, 58.611678473530958 ], [ -64.455439893308693, 58.619454215777424 ], [ -64.44276285976504, 58.61601304131176 ], [ -64.436265116012464, 58.608288968199076 ], [ -64.422920949802972, 58.601413019633775 ], [ -64.417729814474811, 58.603266855261325 ], [ -64.405756455737432, 58.596535740909708 ], [ -64.386213634126889, 58.600565439647703 ], [ -64.356324680314927, 58.600650679264874 ], [ -64.341288862808838, 58.603476132459512 ], [ -64.317167011614458, 58.598632534780336 ], [ -64.297503306250704, 58.600161841916673 ], [ -64.232275386906252, 58.621965400413643 ], [ -64.219582706623484, 58.632775064598079 ], [ -64.212738926318394, 58.633109221234392 ], [ -64.208759916007622, 58.635598782102051 ], [ -64.203980290817626, 58.635365147031848 ], [ -64.187727510904281, 58.644740759630125 ], [ -64.151331855254199, 58.677020324612819 ], [ -64.145389504711531, 58.690923410828162 ], [ -64.147946993223286, 58.694717949449121 ], [ -64.137753368449111, 58.699604714545373 ], [ -64.128566565388127, 58.718628272539654 ], [ -64.103087783341223, 58.728665999274646 ], [ -64.114265223794689, 58.731991906875855 ], [ -64.107605823237805, 58.737680887608114 ], [ -64.090762821268498, 58.736611974371215 ], [ -64.083473209329512, 58.73829913667705 ], [ -64.064950422229458, 58.730863928880105 ], [ -64.05809239067392, 58.731405421171324 ], [ -64.048397933536378, 58.737574239842367 ], [ -64.030135642582593, 58.739850123707768 ], [ -64.009800883888801, 58.735681857881147 ], [ -64.000002070665019, 58.739153301962951 ], [ -64.000000201843392, 58.741497530409582 ], [ -64.046721473563977, 58.739851253857871 ], [ -64.06453628279516, 58.732008044671829 ], [ -64.078121702130801, 58.738990696882063 ], [ -64.110893082693394, 58.737832243049134 ], [ -64.117027278438869, 58.730863239848183 ], [ -64.106521421021512, 58.727468927500098 ], [ -64.122758432042559, 58.723250758654295 ], [ -64.139787550749972, 58.710104524363459 ], [ -64.136037138022132, 58.704667680591989 ], [ -64.150670294346796, 58.695151741835168 ], [ -64.149211655595877, 58.682293682686939 ], [ -64.176231301432097, 58.655903180914862 ], [ -64.194809150177377, 58.647262011277171 ], [ -64.201051076333471, 58.639353615993194 ], [ -64.220109592279485, 58.633560497695804 ], [ -64.239246249682324, 58.620910394756493 ], [ -64.314285584313197, 58.599344657948762 ], [ -64.323660703488599, 58.604718706972243 ], [ -64.381835405464159, 58.602130615706905 ], [ -64.395762805774496, 58.59965372494824 ], [ -64.434070625590437, 58.608924286612222 ], [ -64.440450014595726, 58.616290476572992 ], [ -64.456672647052287, 58.620527148981829 ], [ -64.463260842619576, 58.612538771251764 ], [ -64.482526674316148, 58.608922714745255 ], [ -64.535773819255496, 58.609824868009554 ], [ -64.550100128467861, 58.614970723197679 ], [ -64.555843646038909, 58.610553747772009 ], [ -64.570307939535283, 58.612560730509912 ], [ -64.596802200516876, 58.607635316038923 ], [ -64.644033459753032, 58.609779882554257 ], [ -64.664931893079867, 58.615206180103186 ], [ -64.669830831059201, 58.61034576362357 ], [ -64.696306300729887, 58.606765354619441 ], [ -64.753786121905236, 58.609937784830748 ], [ -64.805105604677991, 58.604942593273066 ], [ -64.819686662305571, 58.60100000753512 ], [ -64.808535879683888, 58.60837091837459 ], [ -64.823378443989668, 58.601495683533265 ], [ -64.894346256934625, 58.60285916224268 ], [ -64.933261848122925, 58.586926971066539 ], [ -64.945041171576051, 58.592399913167782 ], [ -64.942011937012083, 58.589903357730066 ], [ -64.962930661406389, 58.594131307091388 ], [ -64.982301578210226, 58.593726234158254 ], [ -65.004897757540675, 58.601874376414585 ], [ -65.031539543036715, 58.604789087018766 ], [ -65.078803344117617, 58.596280412607776 ], [ -65.128295815744281, 58.603017055510186 ], [ -65.133366841959884, 58.614486450235766 ], [ -65.149545565381018, 58.618852794569868 ], [ -65.16936491042469, 58.620478486101042 ], [ -65.177372996534871, 58.61687525757187 ], [ -65.197704288464521, 58.625001452160369 ], [ -65.234786959250911, 58.621190924281635 ], [ -65.242303150623769, 58.629361573778397 ], [ -65.25355953009813, 58.632947237401083 ], [ -65.257954207773238, 58.64177364993219 ], [ -65.274042367710294, 58.647482835935676 ], [ -65.312616880994867, 58.64878073534058 ], [ -65.319244847693668, 58.652812257731313 ], [ -65.315304879112006, 58.653970336771714 ], [ -65.334305880602798, 58.654013357547747 ], [ -65.365897872312729, 58.641917956090033 ], [ -65.407242252300335, 58.645670183872085 ], [ -65.416866443827132, 58.666451235687553 ], [ -65.439350412136591, 58.680941807797133 ], [ -65.442880383565551, 58.685771617936801 ], [ -65.439752155805436, 58.686441895745389 ], [ -65.478519357872244, 58.700176053829622 ], [ -65.499695948165865, 58.720809514262797 ], [ -65.484252205476324, 58.721764196176956 ], [ -65.473582408915462, 58.716488740538146 ], [ -65.467080713129647, 58.719308923504052 ], [ -65.485247143949593, 58.723119693376191 ], [ -65.506034237700419, 58.72247436295055 ], [ -65.539453897506988, 58.732808583996359 ], [ -65.508032301502695, 58.731034094921853 ], [ -65.515633221287004, 58.733401715917644 ], [ -65.559798098205846, 58.735236272017794 ], [ -65.584774915486292, 58.741826941248306 ], [ -65.582690390211383, 58.771043690120074 ], [ -65.610889502636837, 58.778894874059475 ], [ -65.59575284787914, 58.787287170435945 ], [ -65.605005943326319, 58.79436066163661 ], [ -65.616522922792655, 58.794199408409831 ], [ -65.612160290211634, 58.780378644717928 ], [ -65.617294061724337, 58.777776624948757 ], [ -65.63552270324449, 58.781772173568449 ], [ -65.64382909136306, 58.798836059340722 ], [ -65.667749629903369, 58.813852352193159 ], [ -65.672592371536524, 58.814884299103021 ], [ -65.669538010857565, 58.809628145753088 ], [ -65.691617724784564, 58.817867320674416 ], [ -65.73441012279757, 58.815934105544379 ], [ -65.743259261032748, 58.826421235120293 ], [ -65.773855941223474, 58.838068642960231 ], [ -65.781807315250148, 58.845571370811108 ], [ -65.780892476020355, 58.855565279221558 ], [ -65.772594954536885, 58.858286718449662 ], [ -65.780873058424604, 58.859213932410107 ], [ -65.783931538514111, 58.864251935961832 ], [ -65.778288842934799, 58.868084589745635 ], [ -65.781517760159176, 58.870270511029176 ], [ -65.805096288078417, 58.867909398794517 ], [ -65.820701692722437, 58.87355407857055 ], [ -65.845745056218547, 58.874029033579703 ], [ -65.862125015445116, 58.87045004807851 ], [ -65.907939213739155, 58.885628596516078 ], [ -65.913255442175796, 58.873512197727422 ], [ -65.920945969282243, 58.872934098365917 ], [ -65.934575476178438, 58.884289290839831 ], [ -65.947556869029171, 58.882016713755014 ], [ -65.970600398268815, 58.901555433497421 ], [ -65.996976460402749, 58.906913334174156 ], [ -65.99817278996899, 58.911835585836535 ], [ -65.980074857307955, 58.918797910935083 ], [ -65.944493000306906, 58.920880540481548 ], [ -65.903705650507007, 58.931786903690146 ], [ -65.890160546856407, 58.941912203952448 ], [ -65.88998626735679, 58.948556816601879 ], [ -65.85748096571551, 58.945154603437793 ], [ -65.844940164138691, 58.953338693507341 ], [ -65.823566246582146, 58.957392423277227 ], [ -65.857309399932006, 58.990986599355963 ], [ -65.824667182748712, 58.985296261466701 ], [ -65.810763599920108, 58.989849247027266 ], [ -65.770679406765041, 58.983929441612268 ], [ -65.739707591745017, 58.97357260750298 ], [ -65.709347192914706, 58.955692985517778 ], [ -65.679742134653438, 58.9478095854112 ], [ -65.665451099245175, 58.935220029892939 ], [ -65.651910914513138, 58.943603133368441 ], [ -65.650594356868609, 58.959749580989566 ], [ -65.668413836667497, 58.965025974410018 ], [ -65.659861190839479, 58.974591672170078 ], [ -65.678467304669311, 58.978224277384157 ], [ -65.680429356073816, 58.983988142370279 ], [ -65.711259414191844, 58.990444387533067 ], [ -65.727623962267216, 58.988231582718527 ], [ -65.761489430087721, 58.998287098723239 ], [ -65.782278759037098, 59.018517832062855 ], [ -65.688960054003985, 59.022618632471527 ], [ -65.689071840059313, 59.027396483737405 ], [ -65.66806736972714, 59.033877878072403 ], [ -65.739440853255246, 59.029584680833594 ], [ -65.768442391713322, 59.034107763791951 ], [ -65.772942408350332, 59.042359076565347 ], [ -65.769435954989248, 59.045803651476817 ], [ -65.739667777790515, 59.039005585270395 ], [ -65.735698320953944, 59.040392367196958 ], [ -65.737853290811216, 59.043590565254604 ], [ -65.722322943242375, 59.041905093335174 ], [ -65.700640324739595, 59.048891200775294 ], [ -65.682651533085576, 59.049004305147562 ], [ -65.682753371528491, 59.053216256707856 ], [ -65.69232723967049, 59.054086949179002 ], [ -65.684034598682331, 59.060917021747073 ], [ -65.676177670842677, 59.055679407332576 ], [ -65.661707920770453, 59.058484245782672 ], [ -65.622654348797255, 59.045026848790521 ], [ -65.609564573884839, 59.046318511786211 ], [ -65.617823876480088, 59.050303245271422 ], [ -65.611683913314266, 59.054191838299481 ], [ -65.5961780889902, 59.047637927376677 ], [ -65.58570398298572, 59.048669174907566 ], [ -65.590713882069593, 59.057595745882715 ], [ -65.585948533830717, 59.060233447960904 ], [ -65.59589490813164, 59.07049545827072 ], [ -65.638412104401368, 59.07474732938082 ], [ -65.645087175685063, 59.082563063858537 ], [ -65.639722507677675, 59.084307670883888 ], [ -65.652310497885153, 59.096306417424088 ], [ -65.633158760315624, 59.100703986021728 ], [ -65.6508080155687, 59.103309547212987 ], [ -65.65197807737303, 59.112800783906572 ], [ -65.688423189927704, 59.142213807997727 ], [ -65.704261907229551, 59.14946828289704 ], [ -65.70350747408132, 59.152763575762819 ], [ -65.719575783452271, 59.157297992610246 ], [ -65.728367317279719, 59.16531708259032 ], [ -65.727571371529805, 59.172459074922429 ], [ -65.737180682818092, 59.179247459579955 ], [ -65.737104001067806, 59.186823640482686 ], [ -65.731184031609246, 59.188996877794501 ], [ -65.724527450180091, 59.183691620492361 ], [ -65.724951502946581, 59.17318799309254 ], [ -65.7126930743798, 59.171342065902579 ], [ -65.708015349702691, 59.178582890444332 ], [ -65.696350423113344, 59.178726724643795 ], [ -65.714268715950695, 59.190106152533026 ], [ -65.70705641005307, 59.190580081558849 ], [ -65.699109863116334, 59.200835699428971 ], [ -65.687133440960338, 59.193770072354326 ], [ -65.673920810489193, 59.199496569163692 ], [ -65.66476850615976, 59.193763476509595 ], [ -65.65347065190852, 59.198253555928751 ], [ -65.65379293687802, 59.206468185295961 ], [ -65.642832173916617, 59.200887282827772 ], [ -65.638498167251555, 59.205557661058158 ], [ -65.658869972487068, 59.21543024395379 ], [ -65.665032998160456, 59.211539333156729 ], [ -65.663974868521549, 59.201336127161092 ], [ -65.681036179901866, 59.20066176790862 ], [ -65.700027288943105, 59.204689231044014 ], [ -65.691899249719285, 59.207813934423058 ], [ -65.736509515877799, 59.213315673812275 ], [ -65.732534826104384, 59.215546777191108 ], [ -65.734296520477486, 59.219822616825113 ], [ -65.719716659318905, 59.21435101819376 ], [ -65.723669595432412, 59.22239084903871 ], [ -65.712446542690273, 59.224314717893307 ], [ -65.731814732868116, 59.226047632796252 ], [ -65.737423996782724, 59.228229875848683 ], [ -65.730662088645445, 59.230267955606401 ], [ -65.750343135281895, 59.232782286583955 ], [ -65.746452518548708, 59.233241919847515 ], [ -65.750011523297104, 59.236284559636147 ], [ -65.710788050357891, 59.236326477577286 ], [ -65.71410177057767, 59.240731946184859 ], [ -65.709229059365342, 59.240546023390728 ], [ -65.733324861419604, 59.253456667511351 ], [ -65.734384518841836, 59.262518407185667 ], [ -65.745419083307496, 59.269447213841801 ], [ -65.729531331984575, 59.262835951159282 ], [ -65.723559833754223, 59.269367501348363 ], [ -65.710580771846026, 59.268164979957355 ], [ -65.706232596159751, 59.26048340424223 ], [ -65.690536954398027, 59.256154729515139 ], [ -65.708430837465755, 59.276673673170826 ], [ -65.721542716616909, 59.283237784422127 ], [ -65.696082369601342, 59.273039585555367 ], [ -65.698519710997289, 59.275666592677808 ], [ -65.693694535885484, 59.277698351055669 ], [ -65.672923729982756, 59.264469504661591 ], [ -65.656228458445696, 59.265071988039267 ], [ -65.63500083465614, 59.255629326220067 ], [ -65.639123094369964, 59.252670600987656 ], [ -65.620970342171915, 59.24313639441926 ], [ -65.609049957957197, 59.225999550293714 ], [ -65.597688188086607, 59.181006798719089 ], [ -65.557029210578094, 59.146665475010067 ], [ -65.556729023415173, 59.152017266273475 ], [ -65.549727339095554, 59.14912712256907 ], [ -65.545337724918127, 59.151719973496824 ], [ -65.550079011685085, 59.152911739190699 ], [ -65.543449283542316, 59.15408399357397 ], [ -65.548577594905268, 59.161413746346952 ], [ -65.546005628880749, 59.164707646238888 ], [ -65.55875365588291, 59.170926045829333 ], [ -65.5720936844818, 59.185424415286661 ], [ -65.589030113312745, 59.191979297317893 ], [ -65.587886096644439, 59.196763983143441 ], [ -65.577853332765713, 59.195175473336739 ], [ -65.586327400642773, 59.202554241121085 ], [ -65.574312724164969, 59.205838574181989 ], [ -65.585903076583591, 59.208986737641332 ], [ -65.58595574412594, 59.218482542883024 ], [ -65.590918668365092, 59.22245378627678 ], [ -65.59077893373717, 59.236095336999966 ], [ -65.585529746390918, 59.245040725686358 ], [ -65.597523235087962, 59.259976920649599 ], [ -65.604510762639748, 59.26071772418365 ], [ -65.593847916001081, 59.263563256591461 ], [ -65.58136462282161, 59.258843028947915 ], [ -65.551602490907342, 59.230868263073333 ], [ -65.543009733006954, 59.203993079092314 ], [ -65.526231821681563, 59.19029542664466 ], [ -65.505104598739393, 59.158836549189644 ], [ -65.504474497737803, 59.146629762720586 ], [ -65.490498941198737, 59.141058712913008 ], [ -65.465658507551353, 59.14016728861845 ], [ -65.482236469155808, 59.144307609559974 ], [ -65.493341376472088, 59.152971474873112 ], [ -65.495088335803231, 59.157744603282865 ], [ -65.484078134553641, 59.162717444640911 ], [ -65.492010935039929, 59.171469041582419 ], [ -65.488338103964594, 59.175834011050682 ], [ -65.503466583123327, 59.18405161095253 ], [ -65.503825840359454, 59.187764264019812 ], [ -65.499233346784408, 59.187214789261347 ], [ -65.518070054362425, 59.19954617624412 ], [ -65.514580225223924, 59.199487978234593 ], [ -65.516338620923364, 59.204341504727026 ], [ -65.506241991971223, 59.206881530623249 ], [ -65.522384314530584, 59.208168497919281 ], [ -65.527540811050841, 59.216064542860536 ], [ -65.520467549830329, 59.217100320121624 ], [ -65.527443139538093, 59.218060995662562 ], [ -65.526391780418265, 59.221854924296515 ], [ -65.552008678219394, 59.245217629568479 ], [ -65.548053817650143, 59.249095608533757 ], [ -65.556088833530652, 59.254265808275861 ], [ -65.538095426979723, 59.25906542985804 ], [ -65.542466035216634, 59.262618832868 ], [ -65.537098639231488, 59.265715437509094 ], [ -65.540105080327862, 59.270265835230575 ], [ -65.524890608824919, 59.267695876977712 ], [ -65.51430527821293, 59.2593297141226 ], [ -65.516600799843076, 59.263094729318553 ], [ -65.510300691626924, 59.261419556724576 ], [ -65.513871882672589, 59.266543578002924 ], [ -65.48574049362486, 59.250175542606989 ], [ -65.481593548885655, 59.251764065442806 ], [ -65.482399929722547, 59.25754356892152 ], [ -65.470361659667248, 59.253388392072651 ], [ -65.482202201157335, 59.262542624983844 ], [ -65.473555174629027, 59.260658867761187 ], [ -65.473893473422777, 59.265081697120173 ], [ -65.488272770093914, 59.274798077924828 ], [ -65.518694776226553, 59.271014395270498 ], [ -65.528329753449356, 59.280467877111491 ], [ -65.513425737494302, 59.280253412972158 ], [ -65.505400478868594, 59.290497573081815 ], [ -65.539434036562184, 59.299900712787583 ], [ -65.556412609753153, 59.299316898184145 ], [ -65.556503035182743, 59.304031969569209 ], [ -65.543831827144842, 59.304450853560375 ], [ -65.543359873395758, 59.308952287949182 ], [ -65.559107580736807, 59.316011082373542 ], [ -65.553674041843593, 59.322532643627831 ], [ -65.567705327912066, 59.33445778495792 ], [ -65.563452982829332, 59.337766926495497 ], [ -65.569416360208393, 59.343372618885674 ], [ -65.55422907665384, 59.33695082721745 ], [ -65.555896504995829, 59.343225189034108 ], [ -65.551788584218642, 59.3407541283269 ], [ -65.548926167422977, 59.344332061869835 ], [ -65.533141826658834, 59.335278105252208 ], [ -65.52633408690366, 59.337377853750077 ], [ -65.568424884446827, 59.37029168917207 ], [ -65.558246179864781, 59.370707447201845 ], [ -65.573658992113323, 59.373620562559168 ], [ -65.558033077282332, 59.374422198039795 ], [ -65.567012335348792, 59.383508708077279 ], [ -65.543401685613276, 59.382632642009312 ], [ -65.537563750669804, 59.370024532576032 ], [ -65.529248518623277, 59.365918550524412 ], [ -65.535816913756889, 59.365961649810075 ], [ -65.52610102729416, 59.361936609675737 ], [ -65.529302779342729, 59.368774507825691 ], [ -65.524961938790128, 59.368157869355336 ], [ -65.506878825364083, 59.355677291951807 ], [ -65.503257167575441, 59.356196101262213 ], [ -65.510422813994794, 59.366731633669822 ], [ -65.528093105006832, 59.370496017152412 ], [ -65.5337239127239, 59.380610879614068 ], [ -65.486231523336741, 59.363987836243268 ], [ -65.462016281293657, 59.344098331124322 ], [ -65.470532271647244, 59.336633026920971 ], [ -65.445040818305188, 59.329396532761436 ], [ -65.426645614998677, 59.313551167848836 ], [ -65.412383597424224, 59.310680672858723 ], [ -65.334535581309737, 59.251629265609324 ], [ -65.304185583510943, 59.239089974348857 ], [ -65.310147642815892, 59.248426176416871 ], [ -65.326815064875333, 59.257508239208519 ], [ -65.33492229394858, 59.269841554496708 ], [ -65.334016680376564, 59.275841034630588 ], [ -65.325017473849385, 59.279011674936719 ], [ -65.298915456852313, 59.274094045182729 ], [ -65.292163327277052, 59.279396732807186 ], [ -65.295261272249462, 59.282387619031283 ], [ -65.320673322807593, 59.287659724709826 ], [ -65.339940326942298, 59.280819522949891 ], [ -65.347893608436422, 59.282356294277889 ], [ -65.360454472392291, 59.294383154617492 ], [ -65.35746846964166, 59.299962338928907 ], [ -65.383560856434798, 59.312361309720622 ], [ -65.396979788430741, 59.3327332435085 ], [ -65.393303368682666, 59.339457925630136 ], [ -65.413794983350527, 59.338513971340916 ], [ -65.425201884574051, 59.345327680103104 ], [ -65.443725436408172, 59.343391469491181 ], [ -65.450795853140818, 59.348999526075076 ], [ -65.433907297725654, 59.356853631702087 ], [ -65.448663501125083, 59.362866148442293 ], [ -65.432738137949912, 59.362643207624906 ], [ -65.42964215850705, 59.369798310971746 ], [ -65.443579072130817, 59.376590348574965 ], [ -65.434220542841942, 59.376208381181861 ], [ -65.436278458569731, 59.383051698946446 ], [ -65.410442846633288, 59.373586532662507 ], [ -65.413747930690917, 59.379715357061741 ], [ -65.430630165527887, 59.387783848309269 ], [ -65.412167667044187, 59.386716134983502 ], [ -65.431896349502352, 59.396852056648122 ], [ -65.429026896242917, 59.400570990734813 ], [ -65.435800703448578, 59.404613251999919 ], [ -65.423542592001425, 59.407159394834892 ], [ -65.426656514074025, 59.409796699690865 ], [ -65.406386623355999, 59.4013049989967 ], [ -65.404787808655911, 59.405592821885996 ], [ -65.380025215254349, 59.404762189281776 ], [ -65.357323343829336, 59.390207388055529 ], [ -65.332762275292666, 59.38187187089045 ], [ -65.356887869706341, 59.398138928442471 ], [ -65.378655894853836, 59.406341365800586 ], [ -65.369191805970232, 59.40858879394672 ], [ -65.387470052171906, 59.416655533352404 ], [ -65.465146048361873, 59.421194739362193 ], [ -65.492415937758395, 59.429068005434168 ], [ -65.501093430711791, 59.436736212150016 ], [ -65.484648261095558, 59.433034359296798 ], [ -65.489743146559505, 59.436369204597767 ], [ -65.482872675734995, 59.435035651551601 ], [ -65.489625429235176, 59.437647212508317 ], [ -65.484595080505159, 59.437599304631597 ], [ -65.509320277622919, 59.451123761206674 ], [ -65.495635293581628, 59.444764689351132 ], [ -65.48762599597994, 59.443084781046025 ], [ -65.494424194190728, 59.447483086376216 ], [ -65.487563355765928, 59.447515137162895 ], [ -65.461917284462558, 59.436205147656857 ], [ -65.440139456546589, 59.43087325739161 ], [ -65.438631315511785, 59.432949798192716 ], [ -65.444371242973574, 59.433067048675738 ], [ -65.442642477132651, 59.438929995069664 ], [ -65.468068767495438, 59.453095809242349 ], [ -65.464529055985068, 59.458040990758953 ], [ -65.472062112325744, 59.456793568134145 ], [ -65.469501264873344, 59.46208871719157 ], [ -65.480370738956665, 59.459394172134402 ], [ -65.483821509725644, 59.464808867515288 ], [ -65.505997942120445, 59.460351404854542 ], [ -65.514484855533254, 59.464590537170125 ], [ -65.503128514176694, 59.463793444943391 ], [ -65.511224255983251, 59.469891038159908 ], [ -65.502619771357075, 59.466938665793023 ], [ -65.506216938871844, 59.472125441486682 ], [ -65.522543088730473, 59.476545862584857 ], [ -65.511189833742094, 59.483457774685291 ], [ -65.506147800748224, 59.476196579607006 ], [ -65.488464022486227, 59.473929207108881 ], [ -65.483304981095856, 59.475087498829957 ], [ -65.487741494782824, 59.480429479407853 ], [ -65.461407943670181, 59.47190828534076 ], [ -65.470610536332131, 59.478005411633994 ], [ -65.461528671523794, 59.478904524024891 ], [ -65.463425253581917, 59.475607588311242 ], [ -65.458919035609512, 59.47434488044167 ], [ -65.44875836459687, 59.478380844112451 ], [ -65.419171297658536, 59.46715416839865 ], [ -65.418591144499985, 59.457309595391493 ], [ -65.387068471036827, 59.454502655118588 ], [ -65.383889543735179, 59.45772299968457 ], [ -65.4145631654184, 59.467886261275176 ], [ -65.420139006921602, 59.475006111479019 ], [ -65.400085940112177, 59.47358825397643 ], [ -65.404364250034533, 59.478136266506247 ], [ -65.391832062661052, 59.474288955957441 ], [ -65.388164001016648, 59.481025454443881 ], [ -65.394804104778956, 59.491384594661675 ], [ -65.38771088812139, 59.499740641386879 ], [ -65.404946951286874, 59.515623862703009 ], [ -65.394402821898552, 59.513517549111661 ], [ -65.39360084779436, 59.516667551443476 ], [ -65.411611580984655, 59.529731435076478 ], [ -65.423602461576053, 59.542536308835146 ], [ -65.420290863629958, 59.546191121920522 ], [ -65.428607428335511, 59.548651303431669 ], [ -65.436502101875817, 59.558970682331882 ], [ -65.432456692376547, 59.560555216342237 ], [ -65.439881499041505, 59.568241899085969 ], [ -65.431992057402482, 59.566627911185932 ], [ -65.436431942352883, 59.571468469206039 ], [ -65.428351956201922, 59.575571490239909 ], [ -65.441234666287968, 59.581297113533957 ], [ -65.429979841312516, 59.580706940866015 ], [ -65.428930338512231, 59.585065572076125 ], [ -65.455799623228117, 59.603223810919594 ], [ -65.463167151908266, 59.61476446292157 ], [ -65.459818070803777, 59.616489392711387 ], [ -65.469359359491122, 59.623514956971306 ], [ -65.466927787386197, 59.628807321817526 ], [ -65.480481766333426, 59.639170423746158 ], [ -65.480192356355673, 59.647027784989426 ], [ -65.500853921228909, 59.652789230449393 ], [ -65.501385302053464, 59.658492867173919 ], [ -65.51167392018921, 59.666444618337692 ], [ -65.488244351627515, 59.656056727664684 ], [ -65.484943046427702, 59.660144111123458 ], [ -65.490524613209629, 59.6652578355299 ], [ -65.481010702256071, 59.669157508261499 ], [ -65.487713756192306, 59.673333798267116 ], [ -65.484915018053968, 59.674635598496039 ], [ -65.453922750261086, 59.650145438135802 ], [ -65.451743432738041, 59.637797596681764 ], [ -65.439377193206013, 59.630715567146929 ], [ -65.427996925048291, 59.630828080056531 ], [ -65.440331901451756, 59.636779793103003 ], [ -65.437713153537672, 59.64079033565406 ], [ -65.458383689726205, 59.656045070913827 ], [ -65.458073241764026, 59.662474285182036 ], [ -65.441696460839466, 59.651406846071289 ], [ -65.451121197286867, 59.658939062414618 ], [ -65.450482730049828, 59.663083503789281 ], [ -65.466741744635115, 59.66614757897802 ], [ -65.46266652581464, 59.667239348957573 ], [ -65.464297706975501, 59.671799432934598 ], [ -65.454038696238925, 59.673348318714119 ], [ -65.479424450076763, 59.675089879983524 ], [ -65.481637296919118, 59.679791501395584 ], [ -65.497238894660242, 59.677932210645253 ], [ -65.488351325779419, 59.669476607082181 ], [ -65.493652051365174, 59.666959245923863 ], [ -65.519511202699647, 59.685681681526937 ], [ -65.537171237611233, 59.709373499167079 ], [ -65.535679141484025, 59.712447905015594 ], [ -65.525298482880729, 59.708497463507079 ], [ -65.523071691690134, 59.717650011512383 ], [ -65.536338835624022, 59.746286745243829 ], [ -65.518703469992232, 59.739735471058083 ], [ -65.516278650949616, 59.745594523945002 ], [ -65.501557687278918, 59.743450098523802 ], [ -65.50435712582491, 59.749936984992758 ], [ -65.497035828099925, 59.750831014992002 ], [ -65.502921496866009, 59.755731958780025 ], [ -65.49307789485951, 59.750277321338245 ], [ -65.492066483580601, 59.756773812168163 ], [ -65.48234770774836, 59.750821913288284 ], [ -65.48411816815883, 59.755244396870808 ], [ -65.477913314626534, 59.755127996940494 ], [ -65.481117200448296, 59.76111359637536 ], [ -65.494151305588602, 59.762762375798964 ], [ -65.489284023899955, 59.766996201005178 ], [ -65.476924413467188, 59.763411669817131 ], [ -65.472804403391933, 59.753939589752001 ], [ -65.450672459450828, 59.747607608546787 ], [ -65.458075167243038, 59.751934169771559 ], [ -65.460827725056632, 59.763696166231533 ], [ -65.467377049571851, 59.766528997938948 ], [ -65.45649686964687, 59.766077044475331 ], [ -65.46709412541864, 59.774520794356185 ], [ -65.460571416047443, 59.781264033522966 ], [ -65.484571663287682, 59.787226909680626 ], [ -65.483926435170744, 59.791012270079058 ], [ -65.475650576401421, 59.794546260935107 ], [ -65.469954175396566, 59.792003213227659 ], [ -65.465848338908884, 59.792161132584532 ], [ -65.470163041770149, 59.795790398238644 ], [ -65.46191272242001, 59.793178181639306 ], [ -65.465515180020461, 59.797306036896408 ], [ -65.448210633157728, 59.785959704065135 ], [ -65.439625823145221, 59.787493806341011 ], [ -65.442517508583336, 59.791698322262242 ], [ -65.434987127565776, 59.789870624942509 ], [ -65.435649981360939, 59.79529339408483 ], [ -65.424807108918358, 59.789340085543785 ], [ -65.421781324414127, 59.794067287889888 ], [ -65.426179761026319, 59.795477461148252 ], [ -65.422984293064886, 59.79934539599369 ], [ -65.42648341068535, 59.805542390320305 ], [ -65.421982696221932, 59.806918980712581 ], [ -65.430216057473345, 59.80880634859512 ], [ -65.401130106000949, 59.803357650573389 ], [ -65.407581788118407, 59.808755511011356 ], [ -65.405997774031491, 59.815477154308269 ], [ -65.38600282378529, 59.793778217601911 ], [ -65.367375715780156, 59.786991166351029 ], [ -65.382158596392685, 59.801358026949437 ], [ -65.368351265632498, 59.804769572645966 ], [ -65.359654724763573, 59.800299509276236 ], [ -65.350111430459719, 59.805545962143377 ], [ -65.371427550520096, 59.812179263256098 ], [ -65.37941063916918, 59.807579343049277 ], [ -65.386731319427312, 59.814193220033609 ], [ -65.385672255540896, 59.818838833773292 ], [ -65.392516440324243, 59.821741931756456 ], [ -65.382966937508826, 59.82641592670354 ], [ -65.367018029850954, 59.819912488070507 ], [ -65.365404961049535, 59.825843514500193 ], [ -65.370233524428116, 59.826753748957962 ], [ -65.366024857361879, 59.829551463376028 ], [ -65.353490609173889, 59.824386301660709 ], [ -65.360410605981926, 59.832922205131688 ], [ -65.354326326929694, 59.833444447114246 ], [ -65.355646839641992, 59.836726643784772 ], [ -65.34826444562583, 59.834540926441349 ], [ -65.344313239777705, 59.825556280951645 ], [ -65.33993886718838, 59.826784007999578 ], [ -65.345619626690137, 59.83854968058656 ], [ -65.329791081660133, 59.840384959067862 ], [ -65.332425891493088, 59.846662428838577 ], [ -65.325884244838008, 59.844253937380714 ], [ -65.327955139460414, 59.850388747459 ], [ -65.333016785043156, 59.848727066103805 ], [ -65.33934123152946, 59.85463353620969 ], [ -65.329575831230855, 59.855947584810217 ], [ -65.334050067045965, 59.86143787789954 ], [ -65.309706916232855, 59.852443944299608 ], [ -65.289522548152163, 59.835450325492872 ], [ -65.269126504547543, 59.833656689033745 ], [ -65.258219224939992, 59.820693295989528 ], [ -65.250486608067376, 59.825856237190635 ], [ -65.261154995745898, 59.830317508452758 ], [ -65.262337827830208, 59.835390500550083 ], [ -65.234852910984173, 59.831679941540742 ], [ -65.228255706173357, 59.835114224395674 ], [ -65.229249681931762, 59.83911716502466 ], [ -65.223880690682719, 59.838633107721783 ], [ -65.228856340450307, 59.842043255382237 ], [ -65.228342259449974, 59.846902682431946 ], [ -65.221532097881152, 59.84570631710546 ], [ -65.224295260274118, 59.851264941491287 ], [ -65.253923931736182, 59.86667865079604 ], [ -65.259273655880648, 59.876019017990934 ], [ -65.273573385949533, 59.875045305645493 ], [ -65.271654160180844, 59.879911237526315 ], [ -65.257912708864907, 59.880452962035235 ], [ -65.236983462481575, 59.872438063885014 ], [ -65.23765333347454, 59.868582042561563 ], [ -65.222378107098052, 59.858124249152517 ], [ -65.213933006051292, 59.862721989334993 ], [ -65.19968652359492, 59.856331522937587 ], [ -65.201273067861493, 59.87196190475418 ], [ -65.205396029674191, 59.873518808052289 ], [ -65.20474334817564, 59.866092013695074 ], [ -65.210846846684504, 59.866007651898805 ], [ -65.232817197611482, 59.880377726130654 ], [ -65.233316301219887, 59.887016552732071 ], [ -65.219261433976996, 59.885053308098804 ], [ -65.212932462316815, 59.891205171597882 ], [ -65.205415552610717, 59.889723317285053 ], [ -65.203648962885438, 59.884372233758377 ], [ -65.201148082012566, 59.889525201839739 ], [ -65.168869001703911, 59.878886220454881 ], [ -65.164891213841869, 59.861687053048037 ], [ -65.150159581389175, 59.862009299800889 ], [ -65.157984599232392, 59.865627015125014 ], [ -65.16000411769069, 59.870049290347424 ], [ -65.154918806237987, 59.870420038516642 ], [ -65.16076461450902, 59.876261760006393 ], [ -65.140473090910305, 59.873305485163129 ], [ -65.139171565707471, 59.869455161539072 ], [ -65.121688992232805, 59.861986092989085 ], [ -65.120572077417492, 59.865201834756014 ], [ -65.139928797136037, 59.87623365718887 ], [ -65.132978060156233, 59.875394268434171 ], [ -65.132325683878207, 59.881387169526114 ], [ -65.154600941428313, 59.884554848987769 ], [ -65.145843508755462, 59.8884345351847 ], [ -65.172297753143539, 59.896372754517678 ], [ -65.168493997071735, 59.899732039039769 ], [ -65.17546598293417, 59.90271611170261 ], [ -65.168411052831345, 59.90723386853778 ], [ -65.165974468043984, 59.903600053934419 ], [ -65.148771376119086, 59.900279699371559 ], [ -65.188238183276042, 59.918538659824272 ], [ -65.198308911492674, 59.917158426737778 ], [ -65.177954513541891, 59.911495939290042 ], [ -65.171551012900281, 59.90793669995508 ], [ -65.180084935337263, 59.91070616731875 ], [ -65.174632011604189, 59.905002482110113 ], [ -65.192194673250995, 59.902034656315372 ], [ -65.206442251525985, 59.907357158421455 ], [ -65.198814542183356, 59.912092742652717 ], [ -65.204073585436234, 59.912364194941979 ], [ -65.205571397236938, 59.919570222831538 ], [ -65.216380584651134, 59.922829295434504 ], [ -65.206787742316322, 59.913639237378028 ], [ -65.21854447331728, 59.911824989107494 ], [ -65.227497648925308, 59.91329985070206 ], [ -65.221708885934675, 59.915813911641024 ], [ -65.233263384993592, 59.921637086833059 ], [ -65.225032127655879, 59.922162541344811 ], [ -65.232873589174119, 59.924356484451593 ], [ -65.224570770596145, 59.932374711493402 ], [ -65.220536658959318, 59.925310438554263 ], [ -65.217725307820302, 59.927962755092928 ], [ -65.212696994027638, 59.923403175077461 ], [ -65.213625173321958, 59.930618676690656 ], [ -65.155393603114405, 59.911687172889387 ], [ -65.181913355512606, 59.925479254596546 ], [ -65.172996147351142, 59.927854223674643 ], [ -65.161472085743156, 59.923741021194409 ], [ -65.173476535647382, 59.93328077698294 ], [ -65.169083458902108, 59.933433958880393 ], [ -65.157415437549645, 59.931810918457941 ], [ -65.130446450799766, 59.913161697310244 ], [ -65.148743000032113, 59.930551245599901 ], [ -65.169250178687605, 59.937356575296661 ], [ -65.156607632658975, 59.93645909213501 ], [ -65.15211372751601, 59.942245396187097 ], [ -65.129868541763102, 59.930659886375871 ], [ -65.149284675917514, 59.943899375872647 ], [ -65.144458895057312, 59.943474935207078 ], [ -65.147348155989434, 59.949113823840904 ], [ -65.142510350690372, 59.949623669325646 ], [ -65.159203014326692, 59.957651293512903 ], [ -65.148118318902959, 59.958245431531708 ], [ -65.149423010808817, 59.961242309584833 ], [ -65.143888884004653, 59.961260479315065 ], [ -65.147179518124545, 59.963389716356488 ], [ -65.130085172016962, 59.959427098954826 ], [ -65.054581767078005, 59.922063875444501 ], [ -65.031802667873151, 59.907389717686598 ], [ -65.028910297694495, 59.898676618146169 ], [ -65.019091135970854, 59.89155186965889 ], [ -65.001396586402308, 59.896636274386104 ], [ -65.022848040686739, 59.904536378322909 ], [ -65.025434381188333, 59.911179405131087 ], [ -65.016085679778797, 59.915400622626827 ], [ -65.08919571154199, 59.942718157926649 ], [ -65.092504992290955, 59.947785627995209 ], [ -65.079886524803527, 59.952727831838409 ], [ -65.072187817756983, 59.949031551628821 ], [ -65.072938765091081, 59.953600696130074 ], [ -65.087176196230189, 59.959573970893238 ], [ -65.106070871418027, 59.95868088173134 ], [ -65.123649674287691, 59.972501411948201 ], [ -65.115594466382021, 59.979376560004724 ], [ -65.130278300561727, 59.98363154883863 ], [ -65.130451117952603, 59.988551112637097 ], [ -65.1249174328603, 59.989206190788622 ], [ -65.12934897357168, 59.991766618731539 ], [ -65.107717228505706, 59.989383137173469 ], [ -65.109769837456071, 59.979101515725063 ], [ -65.099977529684153, 59.982114057633375 ], [ -65.084011728109331, 59.975351955755372 ], [ -65.085117877666008, 59.971283502166109 ], [ -65.071258152203896, 59.958809856340515 ], [ -65.05050272659237, 59.955693901442025 ], [ -65.042855393431012, 59.960061114410593 ], [ -65.075151926616812, 59.968656085535393 ], [ -65.076216759576909, 59.980226422918001 ], [ -65.061034619841749, 59.983958457070564 ], [ -65.074562179745726, 59.987581948218725 ], [ -65.075457394031375, 59.995005138692392 ], [ -65.078115701790182, 59.98621465640926 ], [ -65.085357310927819, 59.984492604942133 ], [ -65.091488165393073, 59.987620254264613 ], [ -65.087083587303511, 59.989701984533788 ], [ -65.092670132585738, 59.996116708012181 ], [ -65.117159178704284, 59.996858046606576 ], [ -65.13484553696081, 60.004163352683392 ], [ -65.128463657700976, 60.009242602082551 ], [ -65.134869722274047, 60.01344174090935 ], [ -65.132603859278163, 60.018652176869878 ], [ -65.141989181068354, 60.021428581781507 ], [ -65.135878460436743, 60.024069547726469 ], [ -65.127202468056382, 60.021442987484811 ], [ -65.122782906845231, 60.010456835595875 ], [ -65.111538467830911, 60.014176113145098 ], [ -65.100312444953303, 60.007196251946546 ], [ -65.108421783061175, 60.014540293560422 ], [ -65.118373386317955, 60.017524859876339 ], [ -65.125497914152987, 60.028153261974779 ], [ -65.129197655308872, 60.026512788812006 ], [ -65.130906545155412, 60.03214412205427 ], [ -65.124526429536743, 60.036504462659259 ], [ -65.137613278059149, 60.041197758376782 ], [ -65.127528550077585, 60.045213917477682 ], [ -65.132371291710641, 60.047067064465999 ], [ -65.129803712172432, 60.050422925191697 ], [ -65.138643092407051, 60.052121576045472 ], [ -65.12724838305347, 60.053419271917747 ], [ -65.117268000026669, 60.047363783530166 ], [ -65.116564933117289, 60.053213505824345 ], [ -65.12555824900592, 60.061773026493455 ], [ -65.112455504007997, 60.061147701724508 ], [ -65.100057695069353, 60.052946863885047 ], [ -65.09734621517363, 60.045884975689503 ], [ -65.064892096969643, 60.034351001621403 ], [ -65.068462282194162, 60.040627573956272 ], [ -65.092081325931886, 60.049812798471876 ], [ -65.104196854919365, 60.062941118549851 ], [ -65.094226920628671, 60.058446642947978 ], [ -65.096071008488622, 60.063160035826776 ], [ -65.067465060440327, 60.041909655030743 ], [ -65.05677461198708, 60.0513370091208 ], [ -65.065888739110378, 60.054329615981736 ], [ -65.061044800329626, 60.059902284353136 ], [ -65.040119776243955, 60.047777739002036 ], [ -65.034289477148675, 60.049637088315599 ], [ -65.04651678231761, 60.05769385282283 ], [ -65.041543742809793, 60.058911473104708 ], [ -65.04708955966251, 60.064619144133921 ], [ -65.009812178393332, 60.039942740112203 ], [ -65.015777983777198, 60.046498558818406 ], [ -65.01165913848898, 60.049642128757789 ], [ -65.036114320994585, 60.062058076587959 ], [ -65.040954783158398, 60.071190025670752 ], [ -65.032702969171623, 60.069691393245222 ], [ -65.033967874337975, 60.074764734464068 ], [ -65.023439116919192, 60.069555027253394 ], [ -65.02513116249979, 60.073409342614589 ], [ -65.019866097260589, 60.077837130919711 ], [ -65.039515568746751, 60.079897836694883 ], [ -65.04536358427714, 60.08781948703696 ], [ -65.049348079897101, 60.085961420575188 ], [ -65.045647497077795, 60.078473793068198 ], [ -65.059889352090778, 60.077390452985782 ], [ -65.071723101903871, 60.091514077974757 ], [ -65.062594865105879, 60.095087876728414 ], [ -65.069014583766972, 60.099083456019244 ], [ -65.065877344292389, 60.106147470303071 ], [ -65.051897147411069, 60.102089545713341 ], [ -65.056329041090052, 60.086032692875136 ], [ -65.050767053459907, 60.092882526851042 ], [ -65.045358675753718, 60.092382424302734 ], [ -65.049906424113132, 60.100162319202113 ], [ -65.043915297279568, 60.105662165735218 ], [ -65.050742211377738, 60.117655300913171 ], [ -65.034206684229716, 60.117730836043194 ], [ -65.036896868254544, 60.125440887805894 ], [ -65.011237540105299, 60.11766867360469 ], [ -65.001978776265418, 60.107461950475432 ], [ -64.991445084569008, 60.103749690449639 ], [ -64.988184105627269, 60.092328918961769 ], [ -64.980642361460085, 60.088624757120414 ], [ -64.981344720730306, 60.092835699040442 ], [ -64.974662157772954, 60.091759009168776 ], [ -64.968269148385303, 60.08377065890727 ], [ -64.970410790294125, 60.078987399704005 ], [ -64.956595290309053, 60.079129627065967 ], [ -64.953774514221664, 60.069129696580603 ], [ -64.949224204489255, 60.067849569701501 ], [ -64.946341199170249, 60.078697101309245 ], [ -64.967970843125443, 60.086909742927276 ], [ -64.960982148962501, 60.086402763170263 ], [ -64.966233314156355, 60.094264742332982 ], [ -64.957112672369419, 60.092406014321185 ], [ -64.956104336376953, 60.096327994857987 ], [ -65.003667866687536, 60.124304308888078 ], [ -64.988670158993401, 60.12694657349315 ], [ -65.008055523993121, 60.137225595833861 ], [ -65.003049289997605, 60.145223417739679 ], [ -64.992206764679466, 60.141372110719658 ], [ -64.998181514832027, 60.152572227191946 ], [ -65.009726804035253, 60.158711781901125 ], [ -64.989023886691399, 60.159643985851289 ], [ -64.984314373761379, 60.155358456517853 ], [ -64.985020192249522, 60.162281805139678 ], [ -64.97501994538986, 60.160212764515691 ], [ -64.973905506375061, 60.150645879203829 ], [ -64.981189552049543, 60.151938277922532 ], [ -64.981046408209863, 60.146865710583164 ], [ -64.976194489920644, 60.145860399568662 ], [ -64.975619123983222, 60.150081422291343 ], [ -64.96734447800074, 60.146369392051191 ], [ -64.961026401353649, 60.118314329262773 ], [ -64.953346373289108, 60.109895249363177 ], [ -64.943359782671664, 60.109889593908555 ], [ -64.95019308680935, 60.115600236558429 ], [ -64.94660854669074, 60.119811537379057 ], [ -64.957453301217171, 60.120882106846388 ], [ -64.96147606615547, 60.151576013696442 ], [ -64.96804261746415, 60.154433588272617 ], [ -64.967742023248974, 60.159351052685892 ], [ -64.957583365366901, 60.163067277079698 ], [ -64.968858407578452, 60.166564763725297 ], [ -64.96584303589897, 60.169492658247826 ], [ -64.969113588185266, 60.175345065611282 ], [ -64.960368690483094, 60.181986436636855 ], [ -64.964504176905479, 60.188122554238994 ], [ -64.921287359299143, 60.197028010851049 ], [ -64.931535479900077, 60.207171971480548 ], [ -64.917377279121254, 60.208239674750189 ], [ -64.916125084355826, 60.201315049156698 ], [ -64.890078177055926, 60.203009170314836 ], [ -64.866095248655711, 60.19692718065518 ], [ -64.834881915238199, 60.20267975513088 ], [ -64.892083264939743, 60.204300861210875 ], [ -64.904466464941933, 60.215583975114782 ], [ -64.902127938464858, 60.222578154124513 ], [ -64.891817806615251, 60.22506975689101 ], [ -64.890842054744908, 60.218787680982842 ], [ -64.882563514741193, 60.215142227492009 ], [ -64.892177459935084, 60.211574503252969 ], [ -64.867742177666059, 60.207493056955791 ], [ -64.845333412867987, 60.220102204254758 ], [ -64.87954148729105, 60.219424298673317 ], [ -64.87907184425373, 60.225412574988418 ], [ -64.88492031562275, 60.230413091494185 ], [ -64.907541266036603, 60.228428210528854 ], [ -64.934940127686772, 60.215951222481458 ], [ -64.948521901617724, 60.217593594483233 ], [ -64.949747146114717, 60.232449116094621 ], [ -64.946315874738403, 60.23458323012931 ], [ -64.950729039284482, 60.237724831016699 ], [ -64.947130547720064, 60.242223572243354 ], [ -64.928513022751389, 60.24328580608141 ], [ -64.919967708712392, 60.233718670584196 ], [ -64.90737817181251, 60.231214790674365 ], [ -64.933658375735646, 60.249354276108669 ], [ -64.954724623058397, 60.242938210753984 ], [ -64.954702872157711, 60.251363257903101 ], [ -64.94606944640536, 60.258136454967307 ], [ -64.956988067747631, 60.25271273875309 ], [ -64.958110530156191, 60.257285785438256 ], [ -64.94606651609449, 60.262348855509288 ], [ -64.949063197776809, 60.264711927169287 ], [ -64.945168377898625, 60.270059185800264 ], [ -64.923815658108623, 60.269768511685086 ], [ -64.924644654379989, 60.275262138464619 ], [ -64.916323111889895, 60.280465981299599 ], [ -64.896354622980098, 60.261397721217399 ], [ -64.89116405336965, 60.265109214221518 ], [ -64.899288297027539, 60.273965655775079 ], [ -64.89397815917296, 60.276888613920896 ], [ -64.898092730568564, 60.282667748821702 ], [ -64.875856271593918, 60.284447647345374 ], [ -64.87532140171362, 60.280162123661832 ], [ -64.871667829365407, 60.289653002424195 ], [ -64.860646145731792, 60.28671829446985 ], [ -64.865189789282638, 60.294710780191437 ], [ -64.846373160536231, 60.29762308135053 ], [ -64.864588265377193, 60.300350495694545 ], [ -64.848790692296944, 60.300696993281328 ], [ -64.848594484085041, 60.308755868442951 ], [ -64.85204809875853, 60.309327496109645 ], [ -64.842972744939487, 60.314680727467007 ], [ -64.828261049599931, 60.304456777027013 ], [ -64.819764778633512, 60.308875364138579 ], [ -64.824614805178228, 60.311449335841502 ], [ -64.818588996303816, 60.312798276685776 ], [ -64.824735024526191, 60.315875386379162 ], [ -64.821986734938818, 60.318867886262844 ], [ -64.806046837441741, 60.318771087970369 ], [ -64.813745902958303, 60.307080602873462 ], [ -64.806858374618159, 60.307569604755614 ], [ -64.806908079844334, 60.300931870921943 ], [ -64.790589689480527, 60.280855509104924 ], [ -64.789090548813462, 60.287845046421729 ], [ -64.77714352707288, 60.2920379195713 ], [ -64.784732045388324, 60.293840177114944 ], [ -64.784957012304019, 60.301614752479431 ], [ -64.789815064764639, 60.304405384529652 ], [ -64.803878944443412, 60.303433852007181 ], [ -64.797382554378785, 60.309054253780978 ], [ -64.800454765801078, 60.317841053640223 ], [ -64.793840998908237, 60.319403390523775 ], [ -64.794527141337383, 60.323327820115047 ], [ -64.78518987813564, 60.323462531460876 ], [ -64.782408042822496, 60.331232538115046 ], [ -64.791884673215904, 60.329964562632412 ], [ -64.796727422350259, 60.33568301019185 ], [ -64.794642580208674, 60.325760152068547 ], [ -64.801738135870465, 60.319772575018682 ], [ -64.819350154172625, 60.32550513470251 ], [ -64.81860493459348, 60.328712614603539 ], [ -64.843014681278447, 60.327954343794033 ], [ -64.814262498086379, 60.332059020982804 ], [ -64.830446075353066, 60.338007230169055 ], [ -64.838261482778151, 60.351002932658339 ], [ -64.855588006406322, 60.360228489043791 ], [ -64.850541753099492, 60.363002108463441 ], [ -64.852239769081649, 60.366723639226649 ], [ -64.846484760549203, 60.366929375738749 ], [ -64.850497100727225, 60.36893029974717 ], [ -64.847029664253, 60.371430336619618 ], [ -64.824612368324935, 60.368829742597214 ], [ -64.800142837378374, 60.337828170150935 ], [ -64.79368126000314, 60.338607044338509 ], [ -64.808076464173411, 60.351542418456908 ], [ -64.810978414585222, 60.366609083230891 ], [ -64.786288414574798, 60.362784646649843 ], [ -64.772057791255492, 60.348138380663137 ], [ -64.756305801530559, 60.341683465533237 ], [ -64.753284558169099, 60.342109510364672 ], [ -64.756557247790056, 60.345685656276402 ], [ -64.771323617876803, 60.34963901386346 ], [ -64.776410036333189, 60.358848520959256 ], [ -64.737268769401368, 60.349648123488883 ], [ -64.733352831150839, 60.325378929686423 ], [ -64.730746720161022, 60.341147425955221 ], [ -64.725693594030446, 60.344275558177735 ], [ -64.70227007120134, 60.332237803084553 ], [ -64.652858642370148, 60.321213210927276 ], [ -64.637069758869714, 60.310748508054218 ], [ -64.629465976205736, 60.310365969754173 ], [ -64.632298002267078, 60.314156995931349 ], [ -64.601959345886684, 60.30794331680999 ], [ -64.634491651702731, 60.320739818560668 ], [ -64.635280002011612, 60.327088457160833 ], [ -64.644663109472717, 60.334318912011788 ], [ -64.666172478955289, 60.336224469736493 ], [ -64.669512818975861, 60.332814777328473 ], [ -64.696178514573361, 60.337722083081431 ], [ -64.700066704792349, 60.349078061196536 ], [ -64.708686640416616, 60.348599389846079 ], [ -64.724403524518451, 60.356910415980835 ], [ -64.729033991773662, 60.353635159529695 ], [ -64.736138417159736, 60.362137306919571 ], [ -64.733074849075891, 60.365563039063822 ], [ -64.699020574420302, 60.353007063031946 ], [ -64.675478322524512, 60.350593489240751 ], [ -64.663354559075287, 60.343147969008541 ], [ -64.625282188923819, 60.343834210303626 ], [ -64.534058401817816, 60.308950972930198 ], [ -64.524770861396448, 60.299807703240589 ], [ -64.529743087999933, 60.296677854640102 ], [ -64.581224745846512, 60.308375185934999 ], [ -64.597271153774088, 60.300613842599653 ], [ -64.65521542480991, 60.294806010872307 ], [ -64.707412205668902, 60.30329710993469 ], [ -64.723425872854293, 60.291478301526105 ], [ -64.85377782469827, 60.269411461885916 ], [ -64.862258547104673, 60.258468521653192 ], [ -64.852765679504316, 60.252664695307388 ], [ -64.86940966701691, 60.244107864412534 ], [ -64.873388064191047, 60.2372937811746 ], [ -64.86394126674206, 60.2281968031212 ], [ -64.7841465278036, 60.20397899619438 ], [ -64.78024134025361, 60.196119309569184 ], [ -64.749879572994544, 60.188155583754138 ], [ -64.745562506174394, 60.168628046205207 ], [ -64.733229973386798, 60.164366236569798 ], [ -64.698897520048149, 60.17128223378856 ], [ -64.692331392636959, 60.180082624042605 ], [ -64.682493807070713, 60.181158826723646 ], [ -64.661566948093864, 60.170160367345318 ], [ -64.641242349260068, 60.167379788914886 ], [ -64.61445531092842, 60.170845852076496 ], [ -64.602471053160315, 60.167014621734204 ], [ -64.60251877440308, 60.155802102221479 ], [ -64.594186475199365, 60.149498856939033 ], [ -64.598822090318279, 60.142833075077583 ], [ -64.593715864440426, 60.117031273156869 ], [ -64.603395380230396, 60.109678932765867 ], [ -64.633072861053975, 60.105415012271877 ], [ -64.672032128156786, 60.11354849817495 ], [ -64.681191340462647, 60.107546252524344 ], [ -64.767296136990169, 60.108353167462795 ], [ -64.707986847442385, 60.084609144666331 ], [ -64.706332600140669, 60.074312974896486 ], [ -64.71785690056123, 60.064074253451345 ], [ -64.742713986757636, 60.056131130292542 ], [ -64.783235498806988, 60.057615334346664 ], [ -64.819806172457731, 60.050482115512267 ], [ -64.895875536725654, 60.06620929326035 ], [ -64.920403170773213, 60.065870610350245 ], [ -64.92364329451145, 60.061465122876932 ], [ -64.887671486520659, 60.041975138827041 ], [ -64.860976970987011, 59.995206314271066 ], [ -64.8402284376305, 59.970319076981752 ], [ -64.806830573440664, 59.970814004770702 ], [ -64.782776499406381, 59.980401411849066 ], [ -64.747099780557676, 59.974488827937414 ], [ -64.741630549315275, 59.965163339647354 ], [ -64.747420559104285, 59.95472974198362 ], [ -64.732191277283619, 59.950524521791813 ], [ -64.693120595623967, 59.958876384099234 ], [ -64.662230462003109, 59.952553964109761 ], [ -64.661458239996634, 59.93969934785035 ], [ -64.669418486310462, 59.930128640644753 ], [ -64.66357922624141, 59.927690511772276 ], [ -64.634058854961125, 59.936000958596736 ], [ -64.626798187961171, 59.930294630075828 ], [ -64.640977049552149, 59.907448062481841 ], [ -64.658731274694787, 59.901592926897742 ], [ -64.666414970598808, 59.888287006859642 ], [ -64.683776123086361, 59.877198416189401 ], [ -64.741521600637384, 59.889298937761126 ], [ -64.756166293287464, 59.886031592817119 ], [ -64.766554108303367, 59.869675435883281 ], [ -64.739201473318047, 59.861960129620392 ], [ -64.736944462980091, 59.855568365602608 ], [ -64.778085641647962, 59.852847890548979 ], [ -64.796953959178936, 59.840816700319593 ], [ -64.794961139784718, 59.834121623938614 ], [ -64.816731825546142, 59.835049424236949 ], [ -64.825224529220378, 59.82560797865716 ], [ -64.792115468046106, 59.812181154574127 ], [ -64.788473801940057, 59.803273462748621 ], [ -64.81398919509364, 59.795152234086608 ], [ -64.813957665587736, 59.783033488734091 ], [ -64.789986694781803, 59.760304054150957 ], [ -64.797235539802827, 59.738471022391991 ], [ -64.810202902184471, 59.72969313253499 ], [ -64.801534963943524, 59.72477368711376 ], [ -64.774308309008148, 59.725145761392604 ], [ -64.749431897195777, 59.717239373914531 ], [ -64.760485449681227, 59.706558158578034 ], [ -64.824920992377756, 59.675997593516961 ], [ -64.889508054352376, 59.662155489401748 ], [ -64.898259490101609, 59.641783277305372 ], [ -64.882539722454439, 59.610681972751365 ], [ -64.859808389973708, 59.591537326110135 ], [ -64.868706566884129, 59.58642417440965 ], [ -64.927059771717666, 59.593178882775447 ], [ -64.939439237299865, 59.567046009415328 ], [ -64.892205848918564, 59.5624687008698 ], [ -64.869191306101541, 59.546923114253701 ], [ -64.839629583568779, 59.553341987555029 ], [ -64.822755271244716, 59.540659263640372 ], [ -64.803131450862509, 59.534310283062972 ], [ -64.804199477857054, 59.525015850890256 ], [ -64.76414507291895, 59.514868004355108 ], [ -64.763092607361315, 59.496640750124698 ], [ -64.736924660223309, 59.480685680055998 ], [ -64.728552563536809, 59.466635403599149 ], [ -64.694432753040005, 59.458000925310998 ], [ -64.679834930428711, 59.446905143366266 ], [ -64.642814170721337, 59.45924760738226 ], [ -64.63613325847183, 59.477165214235143 ], [ -64.626767226177904, 59.481970390629435 ], [ -64.589672625035746, 59.466182661104838 ], [ -64.56146241409364, 59.487914931209403 ], [ -64.532242632428805, 59.499488833788341 ], [ -64.505301193646005, 59.501296407414792 ], [ -64.509351506309542, 59.513639809498926 ], [ -64.503092589821392, 59.521373386304326 ], [ -64.462900090798101, 59.523396081920765 ], [ -64.433766212414511, 59.541973597700064 ], [ -64.41903937907388, 59.532643856253813 ], [ -64.385805897232387, 59.523760727932107 ], [ -64.324069310433842, 59.512774127221924 ], [ -64.327852072386079, 59.497462765523714 ], [ -64.34965588759465, 59.502952346959759 ], [ -64.380821622479502, 59.48376475590419 ], [ -64.386963198001069, 59.47379692432181 ], [ -64.407199041851456, 59.477806105564902 ], [ -64.42607625488391, 59.46493694422 ], [ -64.458024688642254, 59.459174817257932 ], [ -64.511598364768602, 59.422979852772542 ], [ -64.472559070917512, 59.418258940841916 ], [ -64.460725488887462, 59.412177108351081 ], [ -64.516500344844658, 59.403905389409474 ], [ -64.528268109764838, 59.395628211442983 ], [ -64.524051263826905, 59.38508449815015 ], [ -64.538338966708281, 59.370781933926708 ], [ -64.493302747929818, 59.349576142966789 ], [ -64.494423992281995, 59.34432395479439 ], [ -64.527792008533225, 59.319978387129893 ], [ -64.542623314742329, 59.318674286534147 ], [ -64.543536274826664, 59.310435058791882 ], [ -64.516964191676962, 59.279946938838862 ], [ -64.488603468872483, 59.257110069685353 ], [ -64.511350586811346, 59.2389303771238 ], [ -64.521847460529472, 59.196741120852018 ], [ -64.503421818701909, 59.195713349014746 ], [ -64.47271469839653, 59.180391198914016 ], [ -64.491271963579166, 59.136427039216457 ], [ -64.483985608086172, 59.118165982959631 ], [ -64.49804875550295, 59.106415977731956 ], [ -64.49030914095809, 59.099075068513251 ], [ -64.450457831258078, 59.102889267919878 ], [ -64.416961356927814, 59.087603772257943 ], [ -64.37602788735866, 59.092607559284104 ], [ -64.363514058369645, 59.087428949437715 ], [ -64.360840687508244, 59.067295349283029 ], [ -64.315175988563752, 59.065629763167429 ], [ -64.261791154480235, 59.012956565532676 ], [ -64.294382550460654, 59.000498683088601 ], [ -64.387705323201985, 59.006183814331479 ], [ -64.424171006250674, 58.991684766636865 ], [ -64.436787799792896, 58.994313803192497 ], [ -64.460301091159863, 58.981514253245408 ], [ -64.481292144187336, 58.988330678701054 ], [ -64.471271678408613, 59.000000124650434 ], [ -64.497780825798884, 59.019432696551611 ], [ -64.506784579130112, 59.019725801765645 ], [ -64.522760760742131, 59.002560160517078 ], [ -64.544955627690257, 59.009644329160338 ], [ -64.570619539846518, 59.027274787674344 ], [ -64.595788230948671, 59.035044890617279 ], [ -64.61660051281234, 59.034070710469116 ], [ -64.630684885397883, 59.040689639588052 ], [ -64.670275211222673, 59.038614429418338 ], [ -64.679273142600607, 59.046966820965366 ], [ -64.683256931044099, 59.074695388600723 ], [ -64.724871061884372, 59.076003592295272 ], [ -64.752495034447861, 59.070541974885124 ], [ -64.779238807876823, 59.074957441040645 ], [ -64.821748575944966, 59.049307279571799 ], [ -64.832006578241916, 59.035201139033902 ], [ -64.84079297805205, 59.032484581364038 ], [ -64.829440913174295, 59.020303711554298 ], [ -64.865015902277179, 59.01540497338727 ], [ -64.870088449797393, 58.99826121360627 ], [ -64.862218547133921, 58.98616285932124 ], [ -64.840350127555695, 58.980324316565131 ], [ -64.84209843177392, 58.966986016864766 ], [ -64.83291357340245, 58.956407689846635 ], [ -64.87944046486686, 58.951882497026524 ], [ -64.889111464240671, 58.938382156376463 ], [ -64.868537848900672, 58.941640787652823 ], [ -64.857028219574985, 58.938585149759305 ], [ -64.856311354343802, 58.932919780359541 ], [ -64.839269682001614, 58.936999027836684 ], [ -64.832057449255998, 58.921748317242773 ], [ -64.820713512406883, 58.916892719716969 ], [ -64.76573278638655, 58.923802815405566 ], [ -64.750291988498773, 58.934115686422501 ], [ -64.75623163116596, 58.940278214544193 ], [ -64.730669930360534, 58.950784036645921 ], [ -64.651650200928671, 58.94375204187881 ], [ -64.632427706525547, 58.93334572075932 ], [ -64.614768163713862, 58.907515592065565 ], [ -64.579628554339649, 58.904713642572446 ], [ -64.557178805061682, 58.897194025844229 ], [ -64.550182519929905, 58.887455429558869 ], [ -64.508910467123641, 58.887581374998355 ], [ -64.455800990194959, 58.908216671501599 ], [ -64.426397967693163, 58.904526775513283 ], [ -64.420602664953662, 58.89027854404037 ], [ -64.405913478002134, 58.890820993239814 ], [ -64.400294226036806, 58.902718167425654 ], [ -64.378702365283104, 58.903819115837699 ], [ -64.350261670898959, 58.891877468337981 ], [ -64.332540164084719, 58.904562760577591 ], [ -64.287612622079266, 58.896753130311602 ], [ -64.287417748998095, 58.88345835513492 ], [ -64.233656709164492, 58.864113344836824 ], [ -64.226573242573195, 58.845843854521846 ], [ -64.237528492521747, 58.805042062941453 ], [ -64.229704568467056, 58.783648475562295 ], [ -64.200125740260745, 58.779461670731251 ], [ -64.178784975044394, 58.789039590290983 ], [ -64.158267033941655, 58.758119178929761 ], [ -64.137792863175989, 58.746166875648527 ], [ -64.087147958921619, 58.755997457826972 ], [ -64.069708783888814, 58.76908619520286 ], [ -64.071873749533268, 58.783246950973236 ], [ -64.046301072075252, 58.789573493421607 ], [ -64.038586098769173, 58.80207684290901 ], [ -64.045337573055335, 58.810350373060757 ], [ -64.01973875735942, 58.816671597192176 ], [ -63.995402752769309, 58.813709143145978 ], [ -63.975472285433462, 58.830253248356435 ], [ -63.957161639366959, 58.826905559687191 ], [ -63.897871310761211, 58.837365306050415 ], [ -63.862186034568474, 58.831977211717714 ], [ -63.850801831476915, 58.835102116625698 ], [ -63.835283357535154, 58.849030314282693 ], [ -63.812137958749076, 58.847062794352567 ], [ -63.777683327175062, 58.88405875950108 ], [ -63.72546307874817, 58.877174676526245 ], [ -63.70999684128661, 58.887053192458161 ], [ -63.679938274891647, 58.878562729643583 ], [ -63.680324277615497, 58.866459325791261 ], [ -63.661121035178766, 58.854712185549488 ], [ -63.635955096122871, 58.84869967795823 ], [ -63.595341144212391, 58.857175760332296 ], [ -63.55078507990121, 58.836550116037031 ], [ -63.550279838108956, 58.822365801837357 ], [ -63.534513530444997, 58.816242789459125 ], [ -63.49215735585215, 58.768545213464954 ], [ -63.467504073556626, 58.762047079365587 ], [ -63.494828441691922, 58.75403454490084 ], [ -63.506793949486699, 58.742574628654822 ], [ -63.553308823129797, 58.733772739210359 ], [ -63.561708163695187, 58.727718005218563 ], [ -63.572469877268865, 58.731496011093569 ], [ -63.619283531589971, 58.723860622262016 ], [ -63.629845241517565, 58.714643018132314 ], [ -63.660684263819164, 58.725224725806555 ], [ -63.669554001020423, 58.717066712152487 ], [ -63.694919584867677, 58.719633170536277 ], [ -63.718355345601431, 58.70638521471998 ], [ -63.75437387351576, 58.716737061291433 ], [ -63.794276597324668, 58.703287445468497 ], [ -63.811020695611596, 58.712202101726533 ], [ -63.835615404777691, 58.710118666796745 ], [ -63.840682962847787, 58.701395842227157 ], [ -63.85509666422859, 58.696443063727699 ], [ -63.875029198774882, 58.705758449421417 ], [ -63.909965176607137, 58.710253500153691 ], [ -63.931059993388338, 58.701025695454838 ], [ -63.950253770027935, 58.685247329088874 ], [ -63.964837289993618, 58.690285757860082 ], [ -63.984216705414312, 58.687642473894229 ], [ -64.033538114838152, 58.704457816096493 ], [ -64.047222191244259, 58.702628471302859 ], [ -64.076618824443614, 58.665928969358816 ], [ -64.078869777869031, 58.653949394657673 ], [ -64.107926733861262, 58.639650687138328 ], [ -64.115851871660382, 58.602350556928087 ], [ -64.092785394306915, 58.587893167020589 ], [ -64.111050377977463, 58.58166075227755 ], [ -64.104943467523569, 58.563230008490308 ], [ -64.074695906001097, 58.54737902855198 ], [ -64.06718447785363, 58.534492289213865 ], [ -64.04693980747868, 58.535070829608763 ], [ -64.034081680920167, 58.523450416912965 ], [ -64.008774763130958, 58.531258995283302 ], [ -63.97357898673426, 58.529636084708713 ], [ -63.951861700990634, 58.541267722235133 ], [ -63.946692810581183, 58.558805165541173 ], [ -63.907366072217229, 58.573492087962983 ], [ -63.887129115776482, 58.57165447668492 ], [ -63.858194063234166, 58.563797646750615 ], [ -63.862555499464392, 58.552694910314408 ], [ -63.849714389364749, 58.546579881413983 ], [ -63.848847092082877, 58.533450786558632 ], [ -63.859151591241755, 58.521231327633082 ], [ -63.858691899620212, 58.504514407814142 ], [ -63.807850050223692, 58.489746102825578 ], [ -63.822267385449443, 58.473749512544408 ], [ -63.843096540216067, 58.467826227475911 ], [ -63.847154038944893, 58.450010902661347 ], [ -63.881113275394711, 58.429439661266365 ], [ -63.924239382785238, 58.444871158183858 ], [ -63.964103657971954, 58.438831651073968 ], [ -63.986578551310437, 58.444357918321927 ], [ -63.998477045580707, 58.42553691875019 ], [ -64.013201006142324, 58.423995258112889 ], [ -64.028565240602077, 58.389448925573483 ], [ -64.022538934247777, 58.371019215600711 ], [ -64.030529775904384, 58.365983791639017 ], [ -64.061668244289848, 58.360926119372358 ], [ -64.097996432642546, 58.376836514655452 ], [ -64.119248728459567, 58.364738166293243 ], [ -64.158507128202388, 58.371033758661085 ], [ -64.172222670753115, 58.361873267116195 ], [ -64.175516502343356, 58.343909230807391 ], [ -64.186768670258601, 58.336724615385634 ], [ -64.17820529989902, 58.330582456028715 ], [ -64.184569140784362, 58.317051615248019 ], [ -64.198191338355571, 58.311920556733895 ], [ -64.196909500114771, 58.29357810765692 ], [ -64.216985425912128, 58.287451727880352 ], [ -64.208543716781705, 58.275637867650104 ], [ -64.217140724352362, 58.261922863002276 ], [ -64.21777697692076, 58.247732199708281 ], [ -64.241282693138317, 58.237668218891812 ], [ -64.247503821055759, 58.227421442240768 ], [ -64.373562815985196, 58.208380596775996 ], [ -64.389534353641778, 58.196471333560474 ], [ -64.421732517755444, 58.186673666334116 ], [ -64.421798286882066, 58.173835230319469 ], [ -64.430891503425713, 58.156215931261734 ], [ -64.425069156711771, 58.130194259234408 ], [ -64.43367251753007, 58.116315457722372 ], [ -64.435394879195357, 58.098375319746083 ], [ -64.426883204034212, 58.088222652105593 ], [ -64.433091441261396, 58.069908092942292 ], [ -64.412283205839003, 58.061159167253912 ], [ -64.387147698707665, 58.069343780365934 ], [ -64.353910748561205, 58.069299297690314 ], [ -64.320507802196204, 58.061487993144794 ], [ -64.299266088818939, 58.044519410393278 ], [ -64.277733338194878, 58.046952084105314 ], [ -64.269257714199668, 58.061412355239483 ], [ -64.250960325119806, 58.038718518389281 ], [ -64.233686139810786, 58.041822701527686 ], [ -64.218507640734686, 58.036983293854405 ], [ -64.238667985537987, 58.025032340787519 ], [ -64.238174141823777, 58.016086763741654 ], [ -64.228032825624879, 58.005500273515921 ], [ -64.227438647767215, 57.989543482836744 ], [ -64.204661835632251, 57.973629709419775 ], [ -64.198786863813339, 57.937612239378119 ], [ -64.184702583977284, 57.926039635940441 ], [ -64.16252538543543, 57.922941784546929 ], [ -64.157969352461734, 57.916296170669007 ], [ -64.156596538459326, 57.89020881575675 ], [ -64.116675411522351, 57.811139398524539 ], [ -64.092071018353963, 57.79434302634796 ], [ -64.072001289886927, 57.770020343210433 ], [ -64.025951877672156, 57.764403575182754 ], [ -64.02328432625896, 57.778460387378992 ], [ -64.03396867527573, 57.791437375799852 ], [ -64.029833575654763, 57.804023823395745 ], [ -64.020879510952085, 57.809517414863706 ], [ -64.011877533283538, 57.802481927870744 ], [ -63.9972489139654, 57.812078691076167 ], [ -63.972347893309795, 57.79958780934723 ], [ -63.95363550119589, 57.79968801092344 ], [ -63.938596251997168, 57.788551008964546 ], [ -63.912355576814093, 57.801122540941684 ], [ -63.90384525474385, 57.798249068076224 ], [ -63.908187674136684, 57.776865611871514 ], [ -63.901141534359105, 57.762936941092065 ], [ -63.907178356880515, 57.751375860414718 ], [ -63.883421663044409, 57.712607345216895 ], [ -63.866083958868259, 57.711185678600373 ], [ -63.847476419098321, 57.719022897774991 ], [ -63.820711513078848, 57.705632136379073 ], [ -63.813355748954379, 57.689765801658474 ], [ -63.804225088629835, 57.684507884343788 ], [ -63.789873064882535, 57.687512821001143 ], [ -63.753630485629614, 57.720744369514691 ], [ -63.751394178195788, 57.699893859654793 ], [ -63.744814166680207, 57.688637269444335 ], [ -63.748551058300407, 57.674279574822101 ], [ -63.735290898393515, 57.662801881064546 ], [ -63.702777403161626, 57.663766329603888 ], [ -63.692612040399396, 57.652696936369104 ], [ -63.685131828080024, 57.696914895703898 ], [ -63.67243478359299, 57.692580905919868 ], [ -63.659417218721508, 57.701817977283675 ], [ -63.659951244232801, 57.71597788868889 ], [ -63.66805570259784, 57.723942297585047 ], [ -63.652505717973725, 57.732908219403832 ], [ -63.632565877638612, 57.72894539042862 ], [ -63.623196061890738, 57.739482252507415 ], [ -63.596770436417408, 57.741247650346239 ], [ -63.596959948554698, 57.707695222830559 ], [ -63.609486066701145, 57.692058594139901 ], [ -63.59449942283544, 57.685652699027429 ], [ -63.598727324354321, 57.663840480409142 ], [ -63.62296620423475, 57.641969172368334 ], [ -63.644923051960419, 57.634281532794049 ], [ -63.649951487390815, 57.620063890242598 ], [ -63.670277839125433, 57.621185466457561 ], [ -63.684602044224903, 57.603435568737105 ], [ -63.699505727472555, 57.61534626023569 ], [ -63.730613612864374, 57.601129290589903 ], [ -63.732620378267612, 57.588732024156812 ], [ -63.745575065866461, 57.579488682528236 ], [ -63.758275487701304, 57.59156615726797 ], [ -63.771915905779395, 57.592449771612777 ], [ -63.765490260156682, 57.560770261084151 ], [ -63.751168606366569, 57.53574357248106 ], [ -63.753394046077766, 57.515294908552939 ], [ -63.767503130836076, 57.514831457645244 ], [ -63.775221383533129, 57.493572794745468 ], [ -63.758275835500939, 57.454420916047788 ], [ -63.761260859474675, 57.439331668602762 ], [ -63.73145719442067, 57.426561915385982 ], [ -63.716439630243791, 57.438210140053549 ], [ -63.710305510272143, 57.422630003844141 ], [ -63.723440942326455, 57.398335999229644 ], [ -63.708272083542894, 57.384499270846149 ], [ -63.701301159465807, 57.368333581992751 ], [ -63.741978555050444, 57.357734515785211 ], [ -63.768192475679946, 57.358172419299116 ], [ -63.785498829753777, 57.353197420527053 ], [ -63.801725888625988, 57.332287118674209 ], [ -63.824335101800791, 57.339164057589464 ], [ -63.8558207768125, 57.334301216215565 ], [ -63.869384140251498, 57.297618919707823 ], [ -63.883373482791647, 57.277620959593726 ], [ -63.866975401359724, 57.226124966399695 ], [ -63.88407487130344, 57.196255856750945 ], [ -63.872385624764398, 57.192531974798435 ], [ -63.861243392820619, 57.201464332924822 ], [ -63.845986849545611, 57.204189626510249 ], [ -63.841600613578834, 57.210800298759686 ], [ -63.844717048972065, 57.225958953649268 ], [ -63.809136377030363, 57.262159708190637 ], [ -63.779599706777475, 57.259387601411049 ], [ -63.759769630415995, 57.251726010785546 ], [ -63.741466856603452, 57.24076556933683 ], [ -63.73713740354674, 57.221595581700363 ], [ -63.770985000260453, 57.196018312884952 ], [ -63.779365745760771, 57.179380850808798 ], [ -63.77974826450167, 57.161796552253023 ], [ -63.764885510495581, 57.139925627184603 ], [ -63.798718685027339, 57.106447855107994 ], [ -63.811809789643512, 57.078878814198482 ], [ -63.820148408769953, 57.075498911165532 ], [ -63.881684263815245, 57.087979204434831 ], [ -63.890083399981641, 57.086083059113044 ], [ -63.891514663633451, 57.062528649934002 ], [ -63.898572044440243, 57.055137895642822 ], [ -63.889693079225111, 57.045869285468747 ], [ -63.891934772546612, 57.012773549113703 ], [ -63.857774013057764, 56.999212411979741 ], [ -63.886999888310591, 56.980964501846465 ], [ -63.90786969386135, 56.984117407534796 ], [ -63.914129473904936, 56.977630626214861 ], [ -63.914362548110461, 56.939799099042673 ], [ -63.908099828968943, 56.927521104125525 ], [ -63.917294334672853, 56.91682620100211 ], [ -63.918093967031972, 56.904157586889362 ], [ -63.908019637378828, 56.897887502195736 ], [ -63.899927659274816, 56.905737443386954 ], [ -63.878619371391643, 56.903930096950539 ], [ -63.863890620536445, 56.896822904260475 ], [ -63.867395988206944, 56.883376111648765 ], [ -63.85714684159521, 56.872637143051165 ], [ -63.859156243122406, 56.868740028446261 ], [ -63.899498848348813, 56.877300951594613 ], [ -63.983876854906022, 56.861123452871212 ], [ -64.00347867541646, 56.861743737522048 ], [ -64.012977960734162, 56.849846418307173 ], [ -64.008918545043244, 56.806722478028625 ], [ -64.00197869155302, 56.797588698748598 ], [ -64.01275954504024, 56.778676862432981 ], [ -64.078907339491082, 56.7670031731394 ], [ -64.085389167052341, 56.760952163236531 ], [ -64.074008178321677, 56.755462025443393 ], [ -64.076282030906015, 56.746495681813165 ], [ -64.099443131649181, 56.743622061342869 ], [ -64.145314397059266, 56.699754843047067 ], [ -64.133981265422833, 56.695015009797785 ], [ -64.128233400456054, 56.682895067688683 ], [ -64.094522095160485, 56.662858487509268 ], [ -64.090836278773352, 56.653832974074419 ], [ -64.051017486694093, 56.657543564459338 ], [ -64.024858018875179, 56.653007985178824 ], [ -64.039948517058434, 56.640734506990384 ], [ -64.033650578632177, 56.633233895717744 ], [ -64.053329707830102, 56.615534542851201 ], [ -64.050461398076436, 56.606348057336092 ], [ -64.004016152078179, 56.591236681599554 ], [ -64.00157088100238, 56.57921586864564 ], [ -63.931062987353691, 56.533757550226568 ], [ -63.944329455672531, 56.49310197373395 ], [ -63.931154321009963, 56.474978819177309 ], [ -63.930632407098059, 56.466207040421715 ], [ -63.912753425216195, 56.463025420494041 ], [ -63.883716957959557, 56.469064256291361 ], [ -63.885445309152118, 56.459221461608834 ], [ -63.872916543119672, 56.448970441987768 ], [ -63.874230194267355, 56.441960445125034 ], [ -63.88647109516338, 56.433021943015596 ], [ -63.901841630252342, 56.440704067876304 ], [ -63.95201221000967, 56.421428265071889 ], [ -63.965755076234053, 56.410675263838733 ], [ -63.993015978022626, 56.408211268520908 ], [ -64.011128810431117, 56.411078856815067 ], [ -64.020573642597526, 56.417936633349541 ], [ -64.119360317938188, 56.428827568022186 ], [ -64.152740169912093, 56.441112116754368 ], [ -64.177984873102574, 56.425243570485073 ], [ -64.158106305537729, 56.419751074284463 ], [ -64.143694599715289, 56.405392610150095 ], [ -64.11535587273984, 56.402106283638737 ], [ -64.110402813355677, 56.385964024336886 ], [ -64.127843922894101, 56.36992821503938 ], [ -64.11585942455909, 56.366093903136623 ], [ -64.099352133412808, 56.351912604420768 ], [ -64.10748966400881, 56.343012490852573 ], [ -64.098192406504893, 56.333631753092163 ], [ -64.109434359271546, 56.322602360252645 ], [ -64.143438113794303, 56.311966390621841 ], [ -64.148629234462092, 56.303406772956173 ], [ -64.13038159313669, 56.302349335750392 ], [ -64.090495849601837, 56.279897805128208 ], [ -64.08737718210331, 56.256889260897083 ], [ -64.022150472647951, 56.267813275413822 ], [ -63.967109880154382, 56.256396683823965 ], [ -63.934892767007071, 56.271119290380163 ], [ -63.912911313680034, 56.26353416077739 ], [ -63.911492365161003, 56.230833310278278 ], [ -63.895384848561378, 56.222571792460066 ], [ -63.874390256826672, 56.224782689341183 ], [ -63.862933320834657, 56.212589089270239 ], [ -63.95004446074612, 56.18509816011553 ], [ -64.004703463593756, 56.173325802425666 ], [ -64.019528208009376, 56.159580489459159 ], [ -64.035963316334033, 56.154881042157058 ], [ -64.02393427167236, 56.142564528020145 ], [ -64.008550496396296, 56.138176375043287 ], [ -64.014184947584567, 56.127537853478863 ], [ -64.005289192357992, 56.119338599289193 ], [ -64.002133308742813, 56.102730308130738 ], [ -64.014281326212725, 56.100771746819305 ], [ -64.035759815532259, 56.082171901252138 ], [ -64.034666931341661, 56.070144579101459 ], [ -64.018053752831875, 56.067263496595729 ], [ -63.961501336431262, 56.092449792858261 ], [ -63.948145373622374, 56.091148349990021 ], [ -63.933248826471726, 56.097151882541205 ], [ -63.905663159306336, 56.123694778257402 ], [ -63.880100436789654, 56.136079298543976 ], [ -63.856178766747512, 56.137136179107571 ], [ -63.838266895358764, 56.1224988298518 ], [ -63.88758056675956, 56.092861414781183 ], [ -63.882550282470092, 56.08712972796544 ], [ -63.839628080702077, 56.100625072354603 ], [ -63.835374911717906, 56.087744827415889 ], [ -63.818666792839352, 56.088850030138538 ], [ -63.811050638210894, 56.084634859986721 ], [ -63.82284021371219, 56.073781148743748 ], [ -63.82137289562943, 56.063839056711565 ], [ -63.837873760786373, 56.045044939135579 ], [ -63.774199480008363, 56.053576746695768 ], [ -63.731262805353502, 56.070152375501344 ], [ -63.7148421998426, 56.071684928009184 ], [ -63.714364056806254, 56.066041386499961 ], [ -63.683033860141734, 56.059567597091302 ], [ -63.690424939333056, 56.043873458943587 ], [ -63.636721292993251, 56.023522707550612 ], [ -63.603276252053377, 56.031172695599807 ], [ -63.600979408309449, 56.026143581742573 ], [ -63.585159713557395, 56.029286016555538 ], [ -63.57758403825531, 56.025055749746194 ], [ -63.520965818101836, 56.039018599013168 ], [ -63.5105092602384, 56.035853363441483 ], [ -63.495771826612383, 56.040012957662171 ], [ -63.443545120004551, 56.029516404183063 ], [ -63.459754343038142, 56.021336419705584 ], [ -63.467161727536279, 56.011901437663361 ], [ -63.486379788240804, 56.015579605954692 ], [ -63.491243156274216, 56.00988379815027 ], [ -63.470194549262274, 55.998346712376019 ], [ -63.471991305406284, 55.987776743933267 ], [ -63.487360422800101, 55.987478597246117 ], [ -63.505036551562505, 56.001423917864713 ], [ -63.563009934884704, 56.005885940585067 ], [ -63.584486709232046, 55.989904015619821 ], [ -63.599397094660361, 55.991676424048975 ], [ -63.605788375281804, 55.987809624780837 ], [ -63.598275710145778, 55.982176072177339 ], [ -63.627140336640785, 55.97368667285334 ], [ -63.624537295457358, 55.967472954768517 ], [ -63.635589757110381, 55.965269944266957 ], [ -63.654652275812722, 55.972190733283284 ], [ -63.668072438575102, 55.969511900640164 ], [ -63.675468065877581, 55.961550047590137 ], [ -63.686470477559745, 55.961720661662305 ], [ -63.68140940930769, 55.95375318478338 ], [ -63.68809197761319, 55.948176894913658 ], [ -63.712395936066464, 55.953540700438587 ], [ -63.713243522460893, 55.947882903334182 ], [ -63.703640615166371, 55.946063694493084 ], [ -63.723976778028266, 55.930515430465086 ], [ -63.792582799447274, 55.931461707068799 ], [ -63.809707661444598, 55.922774683185963 ], [ -63.849428229737775, 55.916765792979589 ], [ -63.854441670726516, 55.910012438465998 ], [ -63.825109950017193, 55.904446958583762 ], [ -63.843734954967147, 55.887710599381215 ], [ -63.845098695000182, 55.87907340597669 ], [ -63.813016104681132, 55.86358458210438 ], [ -63.77361258117174, 55.856054025225347 ], [ -63.771468629920669, 55.848501983498672 ], [ -63.752901969964014, 55.8465007409321 ], [ -63.766628212037148, 55.83949730663543 ], [ -63.752921214710675, 55.83327566420116 ], [ -63.749968605367926, 55.825139148014934 ], [ -63.755354681755243, 55.821061615477021 ], [ -63.772812413047902, 55.82203577879757 ], [ -63.780377252878068, 55.813026702526699 ], [ -63.770158172395789, 55.808101429961582 ], [ -63.777022753783704, 55.801478761139897 ], [ -63.761282700460718, 55.796918378312782 ], [ -63.768398849777363, 55.789996163373686 ], [ -63.71714346747045, 55.780365210599363 ], [ -63.705533196339346, 55.787188423253099 ], [ -63.67538456814215, 55.791996808616048 ], [ -63.666530471590747, 55.787789765110908 ], [ -63.67947555624351, 55.773972407129506 ], [ -63.674200580525849, 55.759325111148243 ], [ -63.682137601827492, 55.752993771265302 ], [ -63.705413802193725, 55.755544477429751 ], [ -63.700997397744537, 55.742968635682431 ], [ -63.725837405991122, 55.738217096111981 ], [ -63.698206829002608, 55.731562401986388 ], [ -63.702521262019417, 55.727203563631534 ], [ -63.725138660375009, 55.726637915070981 ], [ -63.724215388108448, 55.723083613075602 ], [ -63.709410431453286, 55.721328619539243 ], [ -63.723432781193253, 55.716259481216419 ], [ -63.719601935370733, 55.705312440172811 ], [ -63.727910697638762, 55.695408814384685 ], [ -63.71004328847215, 55.688788870075001 ], [ -63.704933086675744, 55.678599956183881 ], [ -63.723102998618529, 55.67942369225878 ], [ -63.75119238915893, 55.671508337610526 ], [ -63.752022735329213, 55.658872434748666 ], [ -63.765153701726682, 55.658711019289022 ], [ -63.76461577665841, 55.651587948614171 ], [ -63.738302690798633, 55.6504244490486 ], [ -63.715982406064505, 55.657673676328898 ], [ -63.668497502800548, 55.6522881071906 ], [ -63.643690095434408, 55.641579438003468 ], [ -63.648677405864966, 55.634096884205569 ], [ -63.680224762846365, 55.635220517775728 ], [ -63.687746419159581, 55.625478947802144 ], [ -63.682687465329636, 55.60905223174327 ], [ -63.662646180306552, 55.598887534226321 ], [ -63.674904538531337, 55.58968721708176 ], [ -63.681476012612571, 55.575651215213007 ], [ -63.664933247788213, 55.567526186064171 ], [ -63.665472806447262, 55.545987583674055 ], [ -63.670666920655634, 55.53746355810479 ], [ -63.684031892382038, 55.537753948674144 ], [ -63.691482710590179, 55.508711307184512 ], [ -63.716440830821682, 55.504406419686738 ], [ -63.725955885301829, 55.493007441732388 ], [ -63.740806091809944, 55.491491122395963 ], [ -63.756121471220048, 55.481652210565713 ], [ -63.775471358691313, 55.481709009431526 ], [ -63.78013083877147, 55.473781255965356 ], [ -63.79268282496227, 55.467238604694195 ], [ -63.78059143479387, 55.4654607978784 ], [ -63.767380481494492, 55.454935755644016 ], [ -63.749350576213651, 55.454861546513222 ], [ -63.738375309794819, 55.447869229217126 ], [ -63.736706707861664, 55.43823928738442 ], [ -63.665397051766035, 55.423050567929465 ], [ -63.644523594895638, 55.423289340112255 ], [ -63.630931702944835, 55.430271650443323 ], [ -63.603980889762731, 55.428492495776702 ], [ -63.578391228536049, 55.420457255363139 ], [ -63.566343541123778, 55.427118036727201 ], [ -63.549039213550657, 55.420769065867482 ], [ -63.53437644801383, 55.427453752656604 ], [ -63.510657230168981, 55.420274502457382 ], [ -63.478566698584054, 55.429205559215688 ], [ -63.47097176785374, 55.419779562586456 ], [ -63.450121099293192, 55.420724038739529 ], [ -63.449078571718026, 55.411975866498715 ], [ -63.432540725446103, 55.408570817009306 ], [ -63.434910143422428, 55.400384194459924 ], [ -63.403554743120374, 55.40765353972062 ], [ -63.3930382932231, 55.4047809602733 ], [ -63.351795728780942, 55.41835971651215 ], [ -63.336956317772213, 55.409878806667329 ], [ -63.319786893722643, 55.411806346112584 ], [ -63.333660382075415, 55.38393125637711 ], [ -63.324848694759211, 55.366046935456033 ], [ -63.350661949649684, 55.356919235874287 ], [ -63.3578392388238, 55.362199501114631 ], [ -63.442249580074851, 55.344059731534038 ], [ -63.482010255058775, 55.349758022152756 ], [ -63.574406938699525, 55.339601694200944 ], [ -63.598286607533858, 55.325687736096306 ], [ -63.590831359059919, 55.320722942653333 ], [ -63.532681192251559, 55.325496899286193 ], [ -63.522555521559205, 55.309869530689198 ], [ -63.533366593824695, 55.306195955871864 ], [ -63.542063903018629, 55.309667194826758 ], [ -63.551678755762651, 55.301255173070381 ], [ -63.569509848558781, 55.297652224653859 ], [ -63.587884750954395, 55.302648335226245 ], [ -63.615762768478561, 55.296256835267428 ], [ -63.644078306009185, 55.287775632296601 ], [ -63.640118705912784, 55.278619328376315 ], [ -63.657260251902144, 55.27812666476192 ], [ -63.679475057740518, 55.266886879449949 ], [ -63.652698445844308, 55.251911759314716 ], [ -63.638639143772494, 55.251033325156101 ], [ -63.630503410740765, 55.256170827215982 ], [ -63.601234281113356, 55.251154521054573 ], [ -63.622503123593312, 55.242608248952074 ], [ -63.624096284427182, 55.236061124376725 ], [ -63.609093881191185, 55.230144369411825 ], [ -63.597688976977224, 55.238431639684393 ], [ -63.57814550753239, 55.2364186219937 ], [ -63.563312515383949, 55.243403836004376 ], [ -63.54741047273923, 55.225469003698734 ], [ -63.508418460333282, 55.232104890430314 ], [ -63.490362741449232, 55.244454905462653 ], [ -63.47480622642135, 55.245351514027966 ], [ -63.462635608204643, 55.255264694982465 ], [ -63.445895009380806, 55.251420320368851 ], [ -63.402562351692303, 55.257763882538654 ], [ -63.402834442538662, 55.249006458060144 ], [ -63.42266345578085, 55.243034696742271 ], [ -63.412526162847961, 55.233633039665655 ], [ -63.425814082504822, 55.226237770695363 ], [ -63.431871190561893, 55.211342656397484 ], [ -63.445866482706649, 55.210763790882424 ], [ -63.452611406607112, 55.201944599125696 ], [ -63.502956228370216, 55.202484325804178 ], [ -63.513144557649177, 55.196445608091196 ], [ -63.562918355749026, 55.18761637926562 ], [ -63.555956422789635, 55.17285350174172 ], [ -63.531385752716822, 55.174595410518492 ], [ -63.523923806790719, 55.168144660004273 ], [ -63.541549972789262, 55.160097839701194 ], [ -63.573409713290005, 55.15575313070299 ], [ -63.565130860156302, 55.140264337863719 ], [ -63.573699353107799, 55.133051139230069 ], [ -63.602296465021361, 55.128733278077775 ], [ -63.586075273195767, 55.115856376596838 ], [ -63.585408102599899, 55.103550813682361 ], [ -63.591602125003611, 55.09532417045714 ], [ -63.605153095601224, 55.098290000889207 ], [ -63.61136686487918, 55.090803776450173 ], [ -63.602863116735733, 55.076360959044194 ], [ -63.616055161323899, 55.068945682519434 ], [ -63.606488090459692, 55.061190663452145 ], [ -63.587609798895386, 55.060805405325588 ], [ -63.573431028269525, 55.053988102273522 ], [ -63.575499856453931, 55.042247947116039 ], [ -63.556391999550115, 55.034443912753154 ], [ -63.595983915003998, 55.021407525525333 ], [ -63.606129838750576, 55.008391720819901 ], [ -63.55759771229296, 54.999873757241723 ], [ -63.557534519610513, 54.989937849974254 ], [ -63.576302953017219, 54.988104366010496 ], [ -63.573161117393262, 54.978795305649726 ], [ -63.586917949687759, 54.973751507127901 ], [ -63.611005846404176, 54.977044310322242 ], [ -63.61253941343584, 54.969018861486965 ], [ -63.597524601637701, 54.959398131503235 ], [ -63.599060384646279, 54.95137319857831 ], [ -63.611343208734844, 54.948863828737856 ], [ -63.596039403728902, 54.945771473247987 ], [ -63.602006451254347, 54.939328909069012 ], [ -63.5778733452022, 54.929955476644153 ], [ -63.583593429939796, 54.923813393521428 ], [ -63.604529659059438, 54.926251538296228 ], [ -63.61229841196144, 54.919936895222513 ], [ -63.591443709005922, 54.896592141719019 ], [ -63.619586467144785, 54.899540619379962 ], [ -63.630723573448179, 54.909200951001942 ], [ -63.645783838946613, 54.905618237331623 ], [ -63.663452901264144, 54.910455107308366 ], [ -63.661282816008402, 54.899952489164072 ], [ -63.684862090871533, 54.90456856848791 ], [ -63.693805003784242, 54.909948606107832 ], [ -63.696418668018303, 54.92533918660682 ], [ -63.715994987972181, 54.925548200868477 ], [ -63.751900296313387, 54.942308842155889 ], [ -63.784313695332209, 54.947832354729798 ], [ -63.791710801039677, 54.955894476624145 ], [ -63.829816889502531, 54.942052304223303 ], [ -63.824099075482323, 54.934267497942095 ], [ -63.799572679382088, 54.926133492816689 ], [ -63.837733538909866, 54.91451277307246 ], [ -63.828965520492446, 54.901134126413233 ], [ -63.846210474826165, 54.894825930770367 ], [ -63.838023160118887, 54.88307198464404 ], [ -63.852250985298937, 54.885106732758537 ], [ -63.852658051525559, 54.876056082225503 ], [ -63.842170141134908, 54.871006265259204 ], [ -63.849032113480042, 54.862611284691347 ], [ -63.827862645692719, 54.847323603092441 ], [ -63.818146164560495, 54.828918025649003 ], [ -63.817161538440971, 54.816921865083081 ], [ -63.848171839145287, 54.812360381999099 ], [ -63.847963949453316, 54.807174181980919 ], [ -63.869005236071629, 54.8070390749495 ], [ -63.871818043674878, 54.80047762177572 ], [ -63.903664391113644, 54.801078014995845 ], [ -63.890839937566049, 54.788801914392366 ], [ -63.910069613700543, 54.788535509996827 ], [ -63.924009339853434, 54.77840738667674 ], [ -63.889741234889954, 54.768358774080305 ], [ -63.895810713245432, 54.760121657983412 ], [ -63.860650432082345, 54.75274533805235 ], [ -63.802959712640842, 54.725642066796034 ], [ -63.803894656102393, 54.716736496369691 ], [ -63.768947277769911, 54.699843830352997 ], [ -63.759710491546919, 54.685584156508021 ], [ -63.768058696093611, 54.683107250648774 ], [ -63.763099625077828, 54.673684838740947 ], [ -63.723848886122269, 54.659798580317343 ], [ -63.725344728915928, 54.651777580891057 ], [ -63.712625413664178, 54.624950763392988 ], [ -63.727653420868336, 54.627110729147006 ], [ -63.732587871723076, 54.623118915913132 ], [ -63.764512712737172, 54.637394567664828 ], [ -63.813377233266237, 54.6507858030497 ], [ -63.819648087591602, 54.640678973304567 ], [ -63.834351308912709, 54.64113957249689 ], [ -63.830749068151334, 54.632866601134467 ], [ -63.834583302038133, 54.629867330858808 ], [ -63.870073412285713, 54.623352023513121 ], [ -63.8773761261982, 54.61898525670815 ], [ -63.873440833181739, 54.615728561760086 ], [ -63.877371210892321, 54.612910329404237 ], [ -63.89975778268532, 54.605591076173489 ], [ -63.897863423585818, 54.600703821952052 ], [ -63.934335482378259, 54.606611480926539 ], [ -63.974422536218846, 54.620120236287619 ], [ -63.984870615741656, 54.608567089316395 ], [ -64.004000261439785, 54.602125792348055 ], [ -64.035102209849597, 54.607030759967749 ], [ -64.054277177761918, 54.600908292886764 ], [ -64.071944785504186, 54.617016156483871 ], [ -64.086106738390541, 54.622955104272037 ], [ -64.098380508935762, 54.612541413383084 ], [ -64.107328934852475, 54.61318661428453 ], [ -64.11302518257736, 54.633474232851682 ], [ -64.102765176976177, 54.655587745725676 ], [ -64.106154763039314, 54.660383448336688 ], [ -64.141849812820013, 54.666957399828654 ], [ -64.145343243955523, 54.676141123855736 ], [ -64.180688856961538, 54.69358758522857 ], [ -64.175969685990751, 54.701201820303538 ], [ -64.18776014990452, 54.710838658614335 ], [ -64.177634946134134, 54.721360550744798 ], [ -64.196509759329373, 54.729831951358129 ], [ -64.234281537398317, 54.717532974367906 ], [ -64.237807605264607, 54.720094929392289 ], [ -64.234228358974519, 54.727692964027085 ], [ -64.238943802663215, 54.729120592624739 ], [ -64.288194965085623, 54.731027314095847 ], [ -64.300748081356915, 54.741492229266392 ], [ -64.294681675097451, 54.753359022892901 ], [ -64.343933574864707, 54.772552323369375 ], [ -64.384108158921777, 54.780163039429148 ], [ -64.397474582492436, 54.790492953037031 ], [ -64.492784263019246, 54.791061639957249 ], [ -64.492502720915468, 54.787347440493491 ], [ -64.479833358088811, 54.784159252886447 ], [ -64.480543426695107, 54.777933400952634 ], [ -64.471493087103184, 54.770281733993734 ], [ -64.48547582763041, 54.770962810644342 ], [ -64.474805014983232, 54.752151717750415 ], [ -64.514188566151773, 54.751297797394002 ], [ -64.534187066758079, 54.761792700425133 ], [ -64.554816272878583, 54.744868911889007 ], [ -64.528956923952904, 54.737495079468459 ], [ -64.530691216919408, 54.733525381056211 ], [ -64.556882472591752, 54.713662282263329 ], [ -64.597631946477151, 54.728719474633813 ], [ -64.622899354786256, 54.721874031460217 ], [ -64.679968374540877, 54.735712552941976 ], [ -64.687800279791944, 54.726016277516209 ], [ -64.699363465435496, 54.723590895187954 ], [ -64.730953807218711, 54.725621162611681 ], [ -64.73489457615257, 54.73596965003567 ], [ -64.769672105169931, 54.730095628627282 ], [ -64.801029265834586, 54.755776796579127 ], [ -64.785164481681775, 54.753944009714509 ], [ -64.78208415102624, 54.763259836963364 ], [ -64.752327777963629, 54.767321818026161 ], [ -64.765319060127894, 54.774107092714267 ], [ -64.776245225511104, 54.788145505080337 ], [ -64.768355149097673, 54.79049920160061 ], [ -64.769773859842871, 54.797156100324415 ], [ -64.7595131651602, 54.79970299225738 ], [ -64.748739008995187, 54.810845141936234 ], [ -64.761114250662487, 54.829528144462614 ], [ -64.78653546488944, 54.843079262990393 ], [ -64.792806301918304, 54.831937413873597 ], [ -64.800706782297553, 54.832572237894716 ], [ -64.815867695772354, 54.849047926806549 ], [ -64.82476587014672, 54.846227730990158 ], [ -64.830105314426731, 54.836336670010773 ], [ -64.838095722667461, 54.840285455899782 ], [ -64.839298049251013, 54.845951187032817 ], [ -64.861490326198947, 54.841040848658899 ], [ -64.866596239323627, 54.844815550543672 ], [ -64.858401548557055, 54.848843117304668 ], [ -64.86169197610829, 54.854936151238583 ], [ -64.848430874534927, 54.876273211272519 ], [ -64.871709046301532, 54.892639806819403 ], [ -64.889666585209042, 54.894231130763956 ], [ -64.902570458808583, 54.901640377132836 ], [ -64.915038866753562, 54.920005800021741 ], [ -64.971900558781797, 54.937395576202029 ], [ -65.01772136218537, 54.932623978243996 ], [ -65.040242791600775, 54.943716812396858 ], [ -65.048151127924726, 54.955491414075681 ], [ -65.070601656337843, 54.95357963818747 ], [ -65.076352625966209, 54.968138184836349 ], [ -65.085814686490963, 54.969562791853214 ], [ -65.1264493458049, 54.961478036761719 ], [ -65.122854673504008, 54.94140274274303 ], [ -65.134517331224586, 54.928193674184904 ], [ -65.172892874876226, 54.933604321340134 ], [ -65.180304192408485, 54.930849143427146 ], [ -65.173642500684082, 54.914249278280103 ], [ -65.20165846815793, 54.880537069005427 ], [ -65.201040507643555, 54.870658080871515 ], [ -65.20633712471296, 54.867665580552924 ], [ -65.199459868924123, 54.862252991409257 ], [ -65.209623123435037, 54.84795777944678 ], [ -65.242492110786344, 54.849922457162265 ], [ -65.282733206327435, 54.844355256196557 ], [ -65.291077100082163, 54.840118874577477 ], [ -65.28799651867952, 54.825402486306814 ], [ -65.296312758838695, 54.817583198537911 ], [ -65.304867233319897, 54.819674183743714 ], [ -65.325695256181447, 54.84867801275626 ], [ -65.335790672371317, 54.851967804818649 ], [ -65.341219810479942, 54.848312309663918 ], [ -65.338404801886043, 54.841658100945033 ], [ -65.343091163031545, 54.829041108122382 ], [ -65.355839651926317, 54.818761401407713 ], [ -65.384573989386965, 54.82994468080831 ], [ -65.400603116412242, 54.819072166568468 ], [ -65.407548944771676, 54.819833308696545 ], [ -65.413670022026167, 54.829683939626335 ], [ -65.411376404594193, 54.841836997568002 ], [ -65.456335714721931, 54.849242333771926 ], [ -65.463843081671698, 54.841247788112071 ], [ -65.487294642754648, 54.834376793215867 ], [ -65.486655204805771, 54.820068727022175 ], [ -65.473736504733537, 54.807184065590207 ], [ -65.434619796972001, 54.784183462959113 ], [ -65.429114434388623, 54.748113937103682 ], [ -65.448162114901493, 54.74398153127634 ], [ -65.455530319304501, 54.728583246025011 ], [ -65.487352987952647, 54.728514092951649 ], [ -65.503963711437208, 54.736280013894742 ], [ -65.557387508327523, 54.730274470420248 ], [ -65.562422208992899, 54.733067762605828 ], [ -65.562070549931832, 54.739743104157377 ], [ -65.592553701161506, 54.743036009089444 ], [ -65.601608377117586, 54.737761072841764 ], [ -65.621278954693537, 54.738506411567883 ], [ -65.632064895693276, 54.754458067301734 ], [ -65.646984527507499, 54.753186844037501 ], [ -65.650954655709356, 54.747934631190176 ], [ -65.648533834758695, 54.735213579254321 ], [ -65.669669844857054, 54.718766495026706 ], [ -65.693172801056065, 54.708164034466833 ], [ -65.720470074485974, 54.731597151861713 ], [ -65.713592760492602, 54.740956588789082 ], [ -65.757024628789111, 54.786791457296616 ], [ -65.765699862248752, 54.78917462991825 ], [ -65.787038161206311, 54.809055191598205 ], [ -65.830449441702498, 54.830727727293066 ], [ -65.850645902031687, 54.850801259830526 ], [ -65.853071823697675, 54.855943588495528 ], [ -65.8363866061528, 54.874652654093538 ], [ -65.836647319788568, 54.881976104192105 ], [ -65.857233905503932, 54.892967680376785 ], [ -65.838620443629196, 54.907956682925487 ], [ -65.849845423774198, 54.927210876414151 ], [ -65.888007709014673, 54.925339852129881 ], [ -65.930473824840789, 54.940930318857333 ], [ -65.946001667130133, 54.934333176919338 ], [ -65.956601315038469, 54.936765676463239 ], [ -65.965130585431012, 54.929818082030316 ], [ -65.996615492260133, 54.930985294121939 ], [ -66.03122199109545, 54.942481684868319 ], [ -66.048995450469221, 54.937416587311127 ], [ -66.03643110020397, 54.923332166974788 ], [ -66.04082558959098, 54.919084349536973 ], [ -66.064490355597485, 54.929068442196012 ], [ -66.087738773422984, 54.949711549832195 ], [ -66.152561241472284, 54.985514853271745 ], [ -66.161583666553369, 54.987734146020991 ], [ -66.160748420421527, 54.978976667144444 ], [ -66.167983341359047, 54.973009325887091 ], [ -66.188608309772064, 54.980795290229914 ], [ -66.210125377987623, 54.979138698098744 ], [ -66.235532017696272, 54.991806982294904 ], [ -66.239540236624322, 54.977906441103549 ], [ -66.246416016920861, 54.97546904201986 ], [ -66.25054536059362, 54.995384875612004 ], [ -66.260283841319009, 55.000182646947785 ], [ -66.267974342230332, 55.014834212325795 ], [ -66.294065544778775, 55.033930273076301 ], [ -66.303597166126934, 55.035503166924826 ], [ -66.333145988094032, 55.067035206714031 ], [ -66.402102665037219, 55.113143695381687 ], [ -66.419657002430029, 55.131164869895386 ], [ -66.444707419424162, 55.140947494496366 ], [ -66.47239940364733, 55.167631674033245 ], [ -66.492748594232424, 55.203377880281323 ], [ -66.507404059739443, 55.204700175128536 ], [ -66.512304286282301, 55.194231064249372 ], [ -66.516416567725841, 55.195322129653547 ], [ -66.545595020105267, 55.235379895118669 ], [ -66.565688942020728, 55.238399307377037 ], [ -66.607470410108562, 55.274819516972137 ], [ -66.618034941023993, 55.278151329788109 ], [ -66.621799509013726, 55.268713884925752 ], [ -66.644426692779192, 55.26710102152461 ], [ -66.658637456280715, 55.255144789766476 ], [ -66.669773483084413, 55.269444731604381 ], [ -66.700633626235032, 55.289950629566199 ], [ -66.696940182618789, 55.305323092102199 ], [ -66.700288034850985, 55.312040107524197 ], [ -66.734568823653717, 55.321202756455847 ], [ -66.778462282126995, 55.352388151535102 ], [ -66.807842930479012, 55.356744027762574 ], [ -66.818741490406907, 55.355313983275764 ], [ -66.818329487596031, 55.348398841722819 ], [ -66.799888691782925, 55.323275376845551 ], [ -66.827681554866274, 55.324948655504343 ], [ -66.823725822457362, 55.306969764637977 ], [ -66.786357207040041, 55.273140586058986 ], [ -66.707230859644056, 55.227123087695226 ], [ -66.689412053979041, 55.209727433920662 ], [ -66.670363298263069, 55.177485029347686 ], [ -66.674868948427402, 55.17635646153083 ], [ -66.719717271849348, 55.209541967403837 ], [ -66.755201534361959, 55.214994276930767 ], [ -66.755313662902083, 55.205696032045765 ], [ -66.738103254237771, 55.191064188994339 ], [ -66.760627027500561, 55.187811898823838 ], [ -66.745729366437061, 55.15317764194738 ], [ -66.748577019353945, 55.148543606981058 ], [ -66.767694440227373, 55.149696384897517 ], [ -66.776081701803292, 55.144178192795728 ], [ -66.779719723113686, 55.138931102836032 ], [ -66.767602607034206, 55.135138958740605 ], [ -66.788672991723189, 55.118413793044304 ], [ -66.779651435632303, 55.110849586844978 ], [ -66.75494165321193, 55.113571290058161 ], [ -66.732838406620701, 55.092749110673282 ], [ -66.694862799101813, 55.069517366534043 ], [ -66.694441807797872, 55.061695218885625 ], [ -66.746788261211492, 55.092074890435555 ], [ -66.75362656122401, 55.090601857224939 ], [ -66.747042169381785, 55.06767602180075 ], [ -66.732872047454293, 55.058571056482045 ], [ -66.735037652639932, 55.044052676641314 ], [ -66.697880386130521, 55.027927080609167 ], [ -66.682068665734803, 55.029746727745213 ], [ -66.671683589245063, 55.025547623607572 ], [ -66.625612233415836, 54.983872724275734 ], [ -66.650119757213687, 54.974622976570799 ], [ -66.685400890641034, 54.992824154611306 ], [ -66.68937815701436, 55.000051886109695 ], [ -66.70880545030721, 55.004644375332532 ], [ -66.712402995392182, 55.000036097007879 ], [ -66.736907705298535, 55.000014028925804 ], [ -66.740040670992798, 55.007176111875935 ], [ -66.747441458843412, 55.00936249380154 ], [ -66.749368343555801, 55.000000699931036 ], [ -66.765990371557038, 55.000016916124324 ], [ -66.740228527436145, 54.985115391758171 ], [ -66.734927221542975, 54.978059454459817 ], [ -66.742223698330065, 54.969480209603148 ], [ -66.713226231773888, 54.955495374612013 ], [ -66.711222683278834, 54.947369342373094 ], [ -66.68140817898896, 54.923667784995338 ], [ -66.688072869066787, 54.913494287302484 ], [ -66.689653632208632, 54.897965050614779 ], [ -66.65897185077597, 54.876517879371775 ], [ -66.651722942603683, 54.849970310237381 ], [ -66.633284278623236, 54.846754874155799 ], [ -66.632000165964186, 54.835697721413311 ], [ -66.602651097894835, 54.813506310720165 ], [ -66.609621868980796, 54.803413911417849 ], [ -66.625677602028304, 54.799035591397043 ], [ -66.619884170518105, 54.787299712583327 ], [ -66.638226628426494, 54.795047157868638 ], [ -66.645983033346639, 54.789278707387091 ], [ -66.644619209544359, 54.778824197330309 ], [ -66.659428397569371, 54.770217774517427 ], [ -66.737380603291157, 54.813200403487613 ], [ -66.740455580247939, 54.805474178821839 ], [ -66.723667634499847, 54.788624880457867 ], [ -66.73212199330942, 54.778892252359668 ], [ -66.730532398097807, 54.766738451754108 ], [ -66.679512917876963, 54.744915929896983 ], [ -66.664581269847687, 54.72704980792431 ], [ -66.669112980852049, 54.709672749207037 ], [ -66.675296111869415, 54.709229986920548 ], [ -66.691754977923196, 54.721821191814776 ], [ -66.695586978393507, 54.733053106481975 ], [ -66.714176250110015, 54.731968808844016 ], [ -66.744214876238686, 54.750006434546954 ], [ -66.75263069075865, 54.750002955974267 ], [ -66.753833967416526, 54.745538697372254 ], [ -66.768802552965454, 54.756174506640242 ], [ -66.773237703825018, 54.765994483126789 ], [ -66.812717450299729, 54.779397240877522 ], [ -66.875663326997582, 54.816009608232307 ], [ -66.92704515203522, 54.802172965590223 ], [ -66.947846670626745, 54.822310513646052 ], [ -67.033043043860403, 54.861947782473152 ], [ -67.039854658642142, 54.868081494291616 ], [ -67.041353352654994, 54.881665303683597 ], [ -67.056510504475298, 54.894937709064301 ], [ -67.118361755941208, 54.931501657335794 ], [ -67.139255197285195, 54.950943612450423 ], [ -67.157184597436327, 54.956458349039657 ], [ -67.187785521328266, 54.980425319576106 ], [ -67.209228183018581, 54.984173488314489 ], [ -67.21925057681824, 55.000065342759065 ], [ -67.249609482479343, 55.018141083017042 ], [ -67.27279210666839, 55.02421156506928 ], [ -67.262742496164989, 55.034429758298202 ], [ -67.263296404782196, 55.045517655007423 ], [ -67.236283826999056, 55.044030829853305 ], [ -67.233978838336142, 55.051227871912573 ], [ -67.272811816193979, 55.076427253639729 ], [ -67.322837867560665, 55.089065314434613 ], [ -67.34586127485845, 55.086694657666996 ], [ -67.368438592373607, 55.091302811459514 ], [ -67.395263605224656, 55.084330888231051 ], [ -67.409632528829704, 55.088633237428816 ], [ -67.438017465567413, 55.077829668649947 ], [ -67.443216741965003, 55.064868946487508 ], [ -67.463703871860659, 55.062856917234626 ], [ -67.470634455088998, 55.049011625345074 ], [ -67.439649046606974, 55.032490850183294 ], [ -67.445871821265328, 55.008503828161139 ], [ -67.427565985613271, 55.005861274002825 ], [ -67.401940490255072, 54.988954865030188 ], [ -67.414365797336089, 54.976070446460213 ], [ -67.398930642653298, 54.965393895824946 ], [ -67.39975567352208, 54.957858958632436 ], [ -67.370320593076684, 54.941658210565201 ], [ -67.357726911330161, 54.939684440533874 ], [ -67.334710254047224, 54.908863381656097 ], [ -67.335143203896834, 54.903489765633132 ], [ -67.315699466379485, 54.89539549386226 ], [ -67.309152438351248, 54.886453637455674 ], [ -67.310652884100222, 54.880363469224079 ], [ -67.282723270305226, 54.867692858853417 ], [ -67.282968385774893, 54.862596301238803 ], [ -67.271611241288255, 54.855741526975784 ], [ -67.26809592948338, 54.843318295325446 ], [ -67.259176463772476, 54.833811910505375 ], [ -67.243614378237268, 54.826606727346757 ], [ -67.221371956865013, 54.824912916088792 ], [ -67.217622814792733, 54.817584807428581 ], [ -67.225888782557846, 54.80825537598313 ], [ -67.222140439242438, 54.800927708908979 ], [ -67.180181159364992, 54.775877899544163 ], [ -67.175925039018964, 54.771649037688135 ], [ -67.177464092788924, 54.763956019218725 ], [ -67.124903155326891, 54.742163021891272 ], [ -67.073223854630797, 54.705063353901011 ], [ -67.07416883553077, 54.699806715579015 ], [ -67.062900813832812, 54.692933110188662 ], [ -67.082792266013286, 54.680578678582982 ], [ -67.071528513821619, 54.673706273849739 ], [ -67.129003465402903, 54.65771941859326 ], [ -67.123456842522387, 54.645121024910082 ], [ -67.142586393130429, 54.636131656316913 ], [ -67.138551009946582, 54.624538659844674 ], [ -67.15347027697976, 54.622283401123298 ], [ -67.175778727391048, 54.609538170031428 ], [ -67.193829087557816, 54.615431400795721 ], [ -67.229515960284061, 54.615191096579792 ], [ -67.234892868205179, 54.612277482842963 ], [ -67.232833258209808, 54.58441737529175 ], [ -67.280326995488196, 54.591792260634925 ], [ -67.268502660021909, 54.565173059024374 ], [ -67.30200443088475, 54.559254071251623 ], [ -67.302704294742853, 54.555879042724619 ], [ -67.277821810337315, 54.548707292214338 ], [ -67.262271340723444, 54.551142714346611 ], [ -67.266315030605611, 54.538257557306181 ], [ -67.234437606108997, 54.528448454057084 ], [ -67.226832478864836, 54.519560394488501 ], [ -67.244587549056263, 54.514758197940637 ], [ -67.248349943113666, 54.51017767467355 ], [ -67.244944651625602, 54.500033909973624 ], [ -67.268871119031218, 54.495085482267577 ], [ -67.272574381104903, 54.486629172925753 ], [ -67.286608980268923, 54.490276771629595 ], [ -67.289750585283272, 54.508721879585536 ], [ -67.318347361030803, 54.512912711311799 ], [ -67.334306476588068, 54.50510097738006 ], [ -67.329622441135371, 54.518151636190424 ], [ -67.335305842070795, 54.521103010828206 ], [ -67.357796001557958, 54.517403797792227 ], [ -67.368641647950795, 54.529613111842615 ], [ -67.382894511533934, 54.532972425735089 ], [ -67.40607889132589, 54.552905099141014 ], [ -67.423096064651588, 54.557871413331853 ], [ -67.423428417247223, 54.565346562109909 ], [ -67.429025261795658, 54.56923438561433 ], [ -67.467636124304576, 54.583761526753385 ], [ -67.49174875480648, 54.584909514579977 ], [ -67.500930809232756, 54.578057905897616 ], [ -67.524292298184861, 54.575487937800261 ], [ -67.526882422485727, 54.570951096923665 ], [ -67.516911333736218, 54.562190234778889 ], [ -67.518284474430061, 54.552226347435273 ], [ -67.485484772130647, 54.539720872875826 ], [ -67.474122255364264, 54.527411343419182 ], [ -67.473112977933937, 54.520101922340416 ], [ -67.500000017855655, 54.506940970944434 ], [ -67.499999982870889, 54.49461329113165 ], [ -67.494954485870807, 54.488583768314676 ], [ -67.500405519318818, 54.481506553999282 ], [ -67.518272623126137, 54.482805060003216 ], [ -67.531936091663056, 54.490184744689543 ], [ -67.550871370129144, 54.48594359703079 ], [ -67.581657854966508, 54.494108527882119 ], [ -67.5863267532593, 54.489738795711254 ], [ -67.581682843131617, 54.482871300367414 ], [ -67.592639632600523, 54.469003146049424 ], [ -67.609474440633761, 54.465766181120749 ], [ -67.627877460212787, 54.473586857993105 ], [ -67.642702000204551, 54.508032274241465 ], [ -67.647430371377482, 54.509387174549623 ], [ -67.66656151863242, 54.479302904549279 ], [ -67.66239631218815, 54.468953142922636 ], [ -67.67360843515236, 54.462255080634343 ], [ -67.665056980041271, 54.458657598590491 ], [ -67.667811669989305, 54.453841963834016 ], [ -67.696680933773379, 54.443874081865808 ], [ -67.70665340950292, 54.444590193189796 ], [ -67.705466903849526, 54.456252832152153 ], [ -67.727496661252317, 54.457399279675798 ], [ -67.734318092430982, 54.444338622100396 ], [ -67.766964837667004, 54.436814099177944 ], [ -67.771097312263763, 54.430375224565388 ], [ -67.76896791507545, 54.419553375326835 ], [ -67.751022769962532, 54.411908753904655 ], [ -67.754241344426774, 54.408806780061994 ], [ -67.744349615467826, 54.397524255602399 ], [ -67.724698366113074, 54.386855787290045 ], [ -67.73151039174391, 54.378495227989532 ], [ -67.73195822111785, 54.364161887710281 ], [ -67.748036723927626, 54.350260855641537 ], [ -67.733722226158619, 54.344681930524018 ], [ -67.728865161291736, 54.334343906368453 ], [ -67.698324791346039, 54.324076757406978 ], [ -67.679956347074196, 54.311923495878453 ], [ -67.668739670318004, 54.27753136843527 ], [ -67.675695863254049, 54.264540114498352 ], [ -67.684896755438558, 54.263402174495752 ], [ -67.680827565125256, 54.246990794749586 ], [ -67.651762344605828, 54.221522682088967 ], [ -67.623098422881156, 54.208426259816676 ], [ -67.638157931008138, 54.205222380732721 ], [ -67.635895615531666, 54.202124053974586 ], [ -67.615618100994055, 54.195755535387732 ], [ -67.624302075259592, 54.191057221971029 ], [ -67.644297430410603, 54.193828481715414 ], [ -67.653354750087715, 54.18857483108598 ], [ -67.65345441841427, 54.169989500339192 ], [ -67.640637796599478, 54.163128824116768 ], [ -67.64440918559238, 54.160806521814287 ], [ -67.696341326129726, 54.162407531604565 ], [ -67.729592821182791, 54.151275141008107 ], [ -67.748263391051921, 54.15756761607382 ], [ -67.765036571632663, 54.157000192788814 ], [ -67.81025241624431, 54.128132909619396 ], [ -67.79816490859281, 54.118580628146994 ], [ -67.805461083500745, 54.10618316539297 ], [ -67.799508499707073, 54.099665021460986 ], [ -67.791873108691576, 54.095637228922207 ], [ -67.767705362970631, 54.099921349435071 ], [ -67.758086707393346, 54.091579528032703 ], [ -67.761835257676495, 54.086046093013891 ], [ -67.788358374971281, 54.085521198725438 ], [ -67.778815261283867, 54.07143032516484 ], [ -67.785825401555201, 54.058648909910879 ], [ -67.794082202978558, 54.054492066252202 ], [ -67.79103001430191, 54.041280113391302 ], [ -67.814667734856272, 54.032071016683339 ], [ -67.821685287831812, 54.025702347058463 ], [ -67.820628479929141, 54.02000882215777 ], [ -67.816006393768191, 54.014762779669269 ], [ -67.783128686502323, 54.00866680981116 ], [ -67.787324374206761, 54.000036751452249 ], [ -67.776592258314281, 54.000027500754271 ], [ -67.780831308805645, 53.994349522157783 ], [ -67.776227563474976, 53.992308760615899 ], [ -67.754509125203327, 54.000005131464619 ], [ -67.733607876771927, 53.979739275115371 ], [ -67.681267695535411, 53.971909820453241 ], [ -67.684546737468381, 53.966270280941622 ], [ -67.661951529926611, 53.952285659527732 ], [ -67.679566965678532, 53.940730880475549 ], [ -67.669258995910027, 53.930284057602229 ], [ -67.637130298819187, 53.930391371520408 ], [ -67.63235870884958, 53.923811976012949 ], [ -67.596305939995062, 53.921694766143816 ], [ -67.609164607790376, 53.901968571918594 ], [ -67.594579674542388, 53.893061013363244 ], [ -67.612730743962359, 53.895116338198079 ], [ -67.615731056042989, 53.890695869357728 ], [ -67.605272078281828, 53.877314837293476 ], [ -67.610794424060998, 53.874775242499311 ], [ -67.60911892722703, 53.869247366999353 ], [ -67.592766841623956, 53.862163301555611 ], [ -67.580504868797675, 53.868234090668096 ], [ -67.576394710783958, 53.866296371413569 ], [ -67.579492592351968, 53.860937769363538 ], [ -67.564258826984414, 53.858603411869773 ], [ -67.560246624433233, 53.855725675372909 ], [ -67.567453713727971, 53.852305774179264 ], [ -67.57148974328652, 53.845566762196206 ], [ -67.569070968388118, 53.841143355123627 ], [ -67.509387247894594, 53.834000068739236 ], [ -67.497790033724755, 53.836690725296627 ], [ -67.494913905089263, 53.832154511904555 ], [ -67.499608315177809, 53.826856404662244 ], [ -67.522067654990281, 53.816167377316553 ], [ -67.536033019347272, 53.801209097430537 ], [ -67.602226615280216, 53.795465355799962 ], [ -67.604195068711505, 53.79016161010675 ], [ -67.557282541969627, 53.780289293496757 ], [ -67.567476097370275, 53.770850054523422 ], [ -67.60330621830964, 53.762698560497874 ], [ -67.592219028591529, 53.757497823968194 ], [ -67.566768447027812, 53.755930637768202 ], [ -67.500000013978777, 53.75726735110387 ], [ -67.499999982355078, 53.746035899270048 ], [ -67.517526943934342, 53.73521031660453 ], [ -67.515968213313812, 53.728743890136649 ], [ -67.505736566278188, 53.724696039955539 ], [ -67.506319064341781, 53.719061533694749 ], [ -67.465109277100808, 53.708882593279327 ], [ -67.433742139508723, 53.706499419978933 ], [ -67.432773083005017, 53.712685036541529 ], [ -67.440620963902745, 53.724193370945315 ], [ -67.417790980838802, 53.725137864915894 ], [ -67.427460570967483, 53.713336394609769 ], [ -67.425562464377137, 53.704216413157944 ], [ -67.413828636657897, 53.690488729100572 ], [ -67.396849712900192, 53.68287930143957 ], [ -67.396330932922481, 53.677298445150001 ], [ -67.414211384980177, 53.674855739171797 ], [ -67.413147783552844, 53.666898450104839 ], [ -67.389421498457025, 53.642258653596748 ], [ -67.39260420982832, 53.639173462680226 ], [ -67.387195558097659, 53.628885627211517 ], [ -67.394730922980813, 53.61465430702718 ], [ -67.37369386448789, 53.608302656655404 ], [ -67.379316473946005, 53.601634687516722 ], [ -67.376935807389529, 53.597209790623488 ], [ -67.313549773344675, 53.584152060690528 ], [ -67.323707186322238, 53.559001075976745 ], [ -67.318660773104057, 53.552965329983266 ], [ -67.298352347102465, 53.543233443836577 ], [ -67.286296540900594, 53.543522822333287 ], [ -67.257405881135213, 53.557388575712466 ], [ -67.218769059452256, 53.530340336089289 ], [ -67.189079956183164, 53.532752601936224 ], [ -67.189132376806782, 53.550755865773738 ], [ -67.180015286415866, 53.553034390435037 ], [ -67.157685450070048, 53.537633609933458 ], [ -67.129886689897404, 53.530208659828354 ], [ -67.094805900025534, 53.527100529807647 ], [ -67.062024817187606, 53.537081779332794 ], [ -67.053709806479489, 53.529579363783654 ], [ -67.035928051845247, 53.528758282562187 ], [ -67.011419859901963, 53.50955963205098 ], [ -67.006653177496176, 53.500007582634041 ], [ -66.985629270170804, 53.496145976071176 ], [ -66.98384275398935, 53.492490173222151 ], [ -66.996296444557572, 53.484617518715169 ], [ -66.995822224304177, 53.464240000120583 ], [ -66.97107643982946, 53.466511410424829 ], [ -66.944524086966936, 53.476053399083661 ], [ -66.937915951937697, 53.473137346756772 ], [ -66.93463732171854, 53.460746783749492 ], [ -66.92495217746324, 53.454496119500021 ], [ -66.935006370457884, 53.441535300716588 ], [ -66.924447860268117, 53.418660877908401 ], [ -66.907894492318704, 53.414569620865045 ], [ -66.894479306347222, 53.419939071506434 ], [ -66.890090887909324, 53.41306146017395 ], [ -66.90670779152677, 53.395294220692136 ], [ -66.922872449164757, 53.399934858126791 ], [ -66.933280115771666, 53.391891769642434 ], [ -66.946319666449838, 53.390931659238994 ], [ -66.953473385778111, 53.383692886135066 ], [ -66.954142081948589, 53.372601802012639 ], [ -66.966103322751934, 53.364621761996744 ], [ -66.973591413509567, 53.363897847780521 ], [ -66.984691730573061, 53.372746148245731 ], [ -67.005727182835443, 53.367965649127925 ], [ -67.013675858695422, 53.361887449039749 ], [ -67.009325914820664, 53.357279291793944 ], [ -66.997056961417599, 53.357147806032771 ], [ -66.996951786859242, 53.352620925479073 ], [ -67.021297834563484, 53.342228411999301 ], [ -67.027050616908241, 53.334646127660051 ], [ -67.018814199523305, 53.320080526277366 ], [ -66.995487783581467, 53.320432995861403 ], [ -66.958415498730048, 53.306450335383346 ], [ -66.953370476357563, 53.290411634122734 ], [ -66.976192452043094, 53.245586227920128 ], [ -66.97806167142771, 53.213263313031113 ], [ -66.959617270297557, 53.181692800502475 ], [ -66.994000900451283, 53.174467886650106 ], [ -67.013529797605528, 53.160024957991261 ], [ -67.014122806741327, 53.152139596160254 ], [ -66.995182347519759, 53.138450619016645 ], [ -66.95869543485766, 53.137110263131234 ], [ -66.990873207364999, 53.117461082455605 ], [ -66.984429908992055, 53.087909301148684 ], [ -66.989531428471224, 53.084356754123554 ], [ -67.041607609759495, 53.076072141365998 ], [ -67.068490674439175, 53.07887463669347 ], [ -67.065309709734478, 53.089005422089834 ], [ -67.06897385752815, 53.100829930315861 ], [ -67.0467859850135, 53.118464300698349 ], [ -67.052517775011381, 53.132729632621825 ], [ -67.048922626646558, 53.139549180493759 ], [ -67.075255395478237, 53.139312899293159 ], [ -67.088667139536682, 53.125926805852515 ], [ -67.115279011862995, 53.111946971130791 ], [ -67.116201906576507, 53.10511194542805 ], [ -67.12508800366713, 53.124960314372416 ], [ -67.141082188070996, 53.128902003386813 ], [ -67.132745084285332, 53.134873225979106 ], [ -67.134446538813037, 53.137860621284439 ], [ -67.154227980335193, 53.147225480866325 ], [ -67.217694745985014, 53.149663774883081 ], [ -67.248995016390552, 53.165679122422922 ], [ -67.254368546713252, 53.178223302225042 ], [ -67.262968346261488, 53.18129056899685 ], [ -67.273908945500949, 53.180117707457178 ], [ -67.302669831527226, 53.158925027253481 ], [ -67.288076085006409, 53.140283614117294 ], [ -67.304425232435719, 53.13818911162484 ], [ -67.342758030868751, 53.117737336634335 ], [ -67.337530677400849, 53.128643101671607 ], [ -67.34639793037212, 53.132090146452825 ], [ -67.36500481964552, 53.121884460556601 ], [ -67.36189884716525, 53.132025269953118 ], [ -67.371412378686088, 53.135306588092206 ], [ -67.385378958104994, 53.131979434194115 ], [ -67.392336828815829, 53.120855037984072 ], [ -67.388397122585801, 53.107716984779053 ], [ -67.393028841567926, 53.100834290583194 ], [ -67.390542666921547, 53.076835372652127 ], [ -67.38078607914359, 53.046255959647958 ], [ -67.355371383874967, 53.008961172503852 ], [ -67.368861743049777, 53.002327567358378 ], [ -67.363425361107574, 52.996191469381934 ], [ -67.345362615747945, 52.9811954615476 ], [ -67.308301997383651, 52.977878797307049 ], [ -67.28330021063779, 52.984242690382523 ], [ -67.244521371814372, 52.979518849727228 ], [ -67.275832137882873, 52.963814337718262 ], [ -67.306924018221437, 52.968886671891028 ], [ -67.33266569929647, 52.959818154952728 ], [ -67.355742900520852, 52.928627777525207 ], [ -67.332908607768616, 52.907219641496006 ], [ -67.341857346560957, 52.896214036408416 ], [ -67.324580055380778, 52.877825527557455 ], [ -67.316824459961794, 52.875447680050698 ], [ -67.299845035365848, 52.884475992029998 ], [ -67.268532696060049, 52.877710714923253 ], [ -67.239911648983096, 52.858860187219335 ], [ -67.240904166818652, 52.853915990370545 ], [ -67.227472300087172, 52.841770833880076 ], [ -67.214847290427485, 52.843583136825032 ], [ -67.161129120148303, 52.817460379777117 ], [ -67.154900186349153, 52.822823140324012 ], [ -67.15555165050985, 52.849825300993871 ], [ -67.149494781695509, 52.85444283530741 ], [ -67.134187653457104, 52.851042592130646 ], [ -67.122597824292129, 52.862380763596548 ], [ -67.063150780182411, 52.875456792808613 ], [ -67.054128775238866, 52.868077619526979 ], [ -67.055925231895046, 52.857267125905686 ], [ -67.047671687697942, 52.837240207486403 ], [ -67.062252845350088, 52.818161107366265 ], [ -67.057847190968559, 52.806400638864865 ], [ -67.062675555196407, 52.783908967623901 ], [ -67.068811704140714, 52.777737827266527 ], [ -67.03961664448849, 52.76749595590271 ], [ -67.034304082219549, 52.747015631929024 ], [ -67.024827941962883, 52.755707260709642 ], [ -67.01975286646767, 52.755031882809092 ], [ -67.017117485211969, 52.752201020953677 ], [ -67.021570080543185, 52.746599253834091 ], [ -67.016136466838503, 52.74405644618421 ], [ -66.999614185536373, 52.759280739230327 ], [ -66.989837195942656, 52.762168654895014 ], [ -66.979040363628485, 52.753145984034234 ], [ -66.949578339330017, 52.759596002596254 ], [ -66.944188109168053, 52.736906585759925 ], [ -66.917623407258375, 52.715222391428085 ], [ -66.902886711288929, 52.683854520196604 ], [ -66.894772522002611, 52.676675182903992 ], [ -66.886380191837063, 52.675155268095558 ], [ -66.872650822670877, 52.680985615984724 ], [ -66.863710507367529, 52.673594225201086 ], [ -66.851191461585799, 52.674786077953968 ], [ -66.857914382712437, 52.692095894225503 ], [ -66.872296846184625, 52.709159095725042 ], [ -66.897893851689716, 52.727456567393979 ], [ -66.891480123904429, 52.732563724817517 ], [ -66.86707514642832, 52.718715470488384 ], [ -66.855992065077217, 52.717308109190853 ], [ -66.860377650619427, 52.748064335830449 ], [ -66.866337322937667, 52.759843425991797 ], [ -66.860178083518207, 52.768376371993973 ], [ -66.836507407494537, 52.745809976873154 ], [ -66.81714806600732, 52.711270674416134 ], [ -66.804615376623985, 52.712457083134304 ], [ -66.801350020804605, 52.708666409018612 ], [ -66.791424787647415, 52.678475015135746 ], [ -66.764988285328442, 52.666248868425455 ], [ -66.757851150941605, 52.673341167135078 ], [ -66.772439259527843, 52.696217441319604 ], [ -66.747887837635304, 52.70305822162473 ], [ -66.755795310663416, 52.720488410047359 ], [ -66.754059276751576, 52.751502002190179 ], [ -66.775253635264846, 52.775253805186232 ], [ -66.787108702114963, 52.79743273599059 ], [ -66.773178907401146, 52.7972814695324 ], [ -66.746553619718696, 52.773344822033408 ], [ -66.719670408361395, 52.763576196915082 ], [ -66.686624832848494, 52.763714196644351 ], [ -66.68668213867339, 52.783521257452328 ], [ -66.680504469277793, 52.791060810532272 ], [ -66.660480999711211, 52.782222421361112 ], [ -66.647409994282143, 52.783656703979325 ], [ -66.64637560645987, 52.788937690908703 ], [ -66.665177628427742, 52.814692703108342 ], [ -66.66509318985193, 52.830905732989109 ], [ -66.645358844184969, 52.85283338224874 ], [ -66.65593114452264, 52.866403088854746 ], [ -66.645395016012415, 52.872645421113653 ], [ -66.664012451366958, 52.885478457908214 ], [ -66.663605968692565, 52.890326052706385 ], [ -66.649616917070304, 52.899657724511975 ], [ -66.632728712771154, 52.897559600723483 ], [ -66.650602019688975, 52.921890510458866 ], [ -66.633225470808398, 52.931357950010771 ], [ -66.632452426758945, 52.9476035744486 ], [ -66.62586834140167, 52.954257554450038 ], [ -66.570284394140131, 52.936999999227872 ], [ -66.537840875846726, 52.944021239598342 ], [ -66.520339063584458, 52.963955387114538 ], [ -66.501088096924292, 52.94637025234028 ], [ -66.488635205299815, 52.960450392996869 ], [ -66.490122211998482, 52.974312689281845 ], [ -66.495594927441616, 52.981059020864443 ], [ -66.489041679109789, 52.985737325205527 ], [ -66.493014243037081, 52.997456158154009 ], [ -66.469926900723834, 52.990986422521367 ], [ -66.462216379703023, 53.000130063081947 ], [ -66.474635962717713, 53.022331823969218 ], [ -66.47027659255231, 53.028561698512242 ], [ -66.475304324941675, 53.042534769305085 ], [ -66.462045118061212, 53.046898986565253 ], [ -66.459531583351648, 53.055186540893601 ], [ -66.442934866934607, 53.047392408012627 ], [ -66.432149907077545, 53.048217469772077 ], [ -66.393841214207526, 53.021186059723519 ], [ -66.373541630437245, 53.020566266466915 ], [ -66.370585302074005, 53.024772809462505 ], [ -66.355208825374106, 53.000072249119235 ], [ -66.35011109180607, 53.000071147658552 ], [ -66.326997343800301, 52.97264409200362 ], [ -66.322268468200875, 52.938948287033874 ], [ -66.31194099382779, 52.926700461828737 ], [ -66.280658825508766, 52.905186878393053 ], [ -66.273058569223238, 52.896032137255304 ], [ -66.276473343209872, 52.883805160659534 ], [ -66.258131356644114, 52.869113015946219 ], [ -66.294942996237225, 52.860135416612046 ], [ -66.274029661422688, 52.846075844103723 ], [ -66.283549862559028, 52.833394821003978 ], [ -66.305311691335447, 52.841028136817435 ], [ -66.328625945322003, 52.861231354363845 ], [ -66.339952815195545, 52.863772089070373 ], [ -66.35694743991202, 52.859095484892912 ], [ -66.369059295776893, 52.863125410983194 ], [ -66.379734299992904, 52.877483217092035 ], [ -66.398876223009239, 52.878882544124508 ], [ -66.411027921167715, 52.87240361285545 ], [ -66.416593032433269, 52.858338016978777 ], [ -66.414196407636112, 52.848688863710777 ], [ -66.377786804981085, 52.814089854894078 ], [ -66.38507051749832, 52.803234658425431 ], [ -66.381771725347647, 52.794458194566829 ], [ -66.354492827794843, 52.802573643035139 ], [ -66.34458998417368, 52.795416400354476 ], [ -66.351582548099813, 52.784118854448991 ], [ -66.331154008335048, 52.761154745061084 ], [ -66.327581797967085, 52.753225406061922 ], [ -66.332144856288267, 52.741489595950128 ], [ -66.308644370625117, 52.728606303669856 ], [ -66.337678676900637, 52.701419365846711 ], [ -66.339084934048842, 52.684631919249846 ], [ -66.308092592775239, 52.66298495759105 ], [ -66.311811007827501, 52.65896611416143 ], [ -66.29704817103584, 52.645375523055037 ], [ -66.303969642968127, 52.637206168626541 ], [ -66.277691909572852, 52.634465061673275 ], [ -66.280219048014942, 52.61741247076101 ], [ -66.290830801814494, 52.600057537377623 ], [ -66.309302522325083, 52.604590122556381 ], [ -66.319976173693888, 52.613436550930302 ], [ -66.340772349554797, 52.64544991097695 ], [ -66.388657382902366, 52.68228420180332 ], [ -66.402242992954825, 52.674535447444406 ], [ -66.417570122256521, 52.651200753578962 ], [ -66.416362290330909, 52.64204421409665 ], [ -66.440275917270128, 52.636400427317881 ], [ -66.434594516419494, 52.622778920894639 ], [ -66.378191012544988, 52.564738223858981 ], [ -66.371110976620059, 52.552042798986619 ], [ -66.368091946659973, 52.530897285503656 ], [ -66.399213938011002, 52.528774364707147 ], [ -66.366384591440479, 52.509713680031659 ], [ -66.355583764645417, 52.473220581776438 ], [ -66.360610955665052, 52.466414638076174 ], [ -66.38158447839244, 52.484083453399265 ], [ -66.393866513153981, 52.486366331367563 ], [ -66.393104877800624, 52.476111453872598 ], [ -66.386825425977761, 52.459933727105089 ], [ -66.358817045245814, 52.430757621475266 ], [ -66.372909820156863, 52.413038883994837 ], [ -66.341712106427195, 52.397210297360637 ], [ -66.346492037129991, 52.380764050515602 ], [ -66.344042175318705, 52.360415401879479 ], [ -66.363843652993936, 52.351373090117839 ], [ -66.381010218815717, 52.367578383205917 ], [ -66.409803260838359, 52.374522905250657 ], [ -66.419876513957419, 52.383023053119075 ], [ -66.441106476912921, 52.375809544217518 ], [ -66.436598653187914, 52.358810005436162 ], [ -66.448600356209013, 52.350131460950074 ], [ -66.467267506304466, 52.354522904329741 ], [ -66.490517254538659, 52.341637463695257 ], [ -66.484806026885337, 52.329856424205445 ], [ -66.486185026769505, 52.318250650829761 ], [ -66.467724590122117, 52.300233662881439 ], [ -66.45273563440665, 52.294875662495869 ], [ -66.468765215834949, 52.2846694833881 ], [ -66.456341457997752, 52.279612983182389 ], [ -66.443319297704718, 52.280657118660883 ], [ -66.432891634393187, 52.266174306676234 ], [ -66.470423442968467, 52.255655227772692 ], [ -66.454089865448069, 52.246271353063115 ], [ -66.431787800861173, 52.218537548700589 ], [ -66.425969482783842, 52.217443948527411 ], [ -66.417476162714451, 52.227272508417812 ], [ -66.405128036227651, 52.229839583245827 ], [ -66.402662911856154, 52.216927269371823 ], [ -66.383461875982164, 52.20784292044398 ], [ -66.371344253507786, 52.187361773623422 ], [ -66.356839738920527, 52.176603179415167 ], [ -66.362376245119961, 52.169142201496072 ], [ -66.379790475147416, 52.162611165000392 ], [ -66.376365859574605, 52.152816044808908 ], [ -66.357976719039044, 52.146577600851302 ], [ -66.33322185523005, 52.150705988175865 ], [ -66.330113238102243, 52.13593466076631 ], [ -66.323567379931902, 52.131817487558465 ], [ -66.291682363148851, 52.14682974388429 ], [ -66.267942093571364, 52.150368800316265 ], [ -66.264117038663329, 52.165181408565225 ], [ -66.286698026852193, 52.208531028216562 ], [ -66.299396731872221, 52.243243519582826 ], [ -66.298246325289128, 52.261316841227831 ], [ -66.312569151308395, 52.285517954083211 ], [ -66.28346522619448, 52.285373119365246 ], [ -66.279550106776767, 52.291563138273837 ], [ -66.289612336871613, 52.296746499284751 ], [ -66.281848126477257, 52.303561681429159 ], [ -66.287100226021167, 52.309118589517176 ], [ -66.266696432105604, 52.310078428529707 ], [ -66.253742256133037, 52.304137665837018 ], [ -66.248693455608745, 52.289556207308422 ], [ -66.249647323839483, 52.27398367969451 ], [ -66.237286721422038, 52.262841193046853 ], [ -66.214775582503137, 52.254855773309664 ], [ -66.205727728091176, 52.243875480776609 ], [ -66.208359244140297, 52.234093130398335 ], [ -66.200790986921234, 52.226989826782699 ], [ -66.172305824712566, 52.213464959491645 ], [ -66.160021661865613, 52.231653249342685 ], [ -66.152102554058089, 52.230504324470893 ], [ -66.138414274915036, 52.224578977601666 ], [ -66.127975463240361, 52.210192985852899 ], [ -66.103917133999403, 52.198503851060259 ], [ -66.075926096400963, 52.155029701841528 ], [ -66.078191441581922, 52.124659705375095 ], [ -66.09636477143053, 52.107808373095224 ], [ -66.098194819844949, 52.09432456468452 ], [ -66.092634690823985, 52.086570526550425 ], [ -66.0771215040496, 52.096903785636776 ], [ -66.066310614172991, 52.097770314315191 ], [ -66.049590942031315, 52.085429396661489 ], [ -66.015634193649547, 52.079925345939102 ], [ -66.016518219581442, 52.072707090339193 ], [ -66.002949816576219, 52.067244197308284 ], [ -65.996196161919059, 52.054737391403521 ], [ -65.97875293903806, 52.052665747160894 ], [ -65.970401491103658, 52.056502582837751 ], [ -65.961435629744628, 52.077416126671189 ], [ -65.967851093703942, 52.093099890268022 ], [ -65.961284619628827, 52.104636143198491 ], [ -65.91928945259103, 52.091138063074631 ], [ -65.913273791794396, 52.081379125721092 ], [ -65.897710037707029, 52.076066895792884 ], [ -65.887567695299623, 52.087815106748252 ], [ -65.885698791632507, 52.103401831564717 ], [ -65.876988998459169, 52.110405412685346 ], [ -65.84204213471854, 52.1164720414031 ], [ -65.822191842818043, 52.110237571795167 ], [ -65.805335630682052, 52.118560515104875 ], [ -65.805370563943541, 52.108306617938737 ], [ -65.797361597104668, 52.105697913567049 ], [ -65.776249099944621, 52.104479437319007 ], [ -65.771260426882563, 52.111542451004034 ], [ -65.759376554472851, 52.103692655820126 ], [ -65.753042994883728, 52.107828468592537 ], [ -65.733939726212384, 52.082870758673664 ], [ -65.713924599108296, 52.096166828043017 ], [ -65.686566462870346, 52.103754779103468 ], [ -65.674823557362686, 52.11763988705809 ], [ -65.668256083914272, 52.117274713277538 ], [ -65.664493245672844, 52.115095227655893 ], [ -65.666874032589305, 52.106396590002547 ], [ -65.662427600819726, 52.092359174952698 ], [ -65.648561872230886, 52.080920730662186 ], [ -65.653685094221387, 52.067825487338986 ], [ -65.651235183291092, 52.055258651499287 ], [ -65.679910051554771, 52.041507530441557 ], [ -65.668694849341165, 52.026349095964051 ], [ -65.678170990685501, 52.01349817578815 ], [ -65.67737074775232, 52.007681235328334 ], [ -65.668647414738643, 51.994360245517726 ], [ -65.650175193917548, 51.986808768544456 ], [ -65.638235436469657, 51.992455310527156 ], [ -65.63404965869843, 51.999962391681095 ], [ -65.636728767649615, 52.011657986050537 ], [ -65.620542171836007, 52.043010656368565 ], [ -65.579321650673052, 52.032806448649445 ], [ -65.564188326514682, 52.033850503103643 ], [ -65.539895841157772, 52.044560200616424 ], [ -65.54183125682394, 52.049289796130608 ], [ -65.531093526941902, 52.060633955846754 ], [ -65.53066908844967, 52.070800162039994 ], [ -65.506549287312168, 52.091842207323531 ], [ -65.501755276819395, 52.098022385406765 ], [ -65.503167517605377, 52.109858042440749 ], [ -65.499325417584146, 52.110453360420109 ], [ -65.49010414034791, 52.102110559038245 ], [ -65.497193557192787, 52.060324831900182 ], [ -65.48448902851095, 52.056877474611703 ], [ -65.49607681214502, 52.050206017344152 ], [ -65.45618451452782, 52.011086797511489 ], [ -65.423208106638342, 52.002108683620449 ], [ -65.429082783405448, 52.001838910188553 ], [ -65.424861675147923, 51.993441561863406 ], [ -65.410975839931638, 51.986383002176346 ], [ -65.412290961587374, 51.971311259869054 ], [ -65.39975534829172, 51.96555256418533 ], [ -65.371217029370911, 51.967344757625177 ], [ -65.374863480621386, 51.976525950337923 ], [ -65.364502037092791, 51.980944506810921 ], [ -65.383866835853922, 51.98880648912732 ], [ -65.371223834263873, 51.99587777852274 ], [ -65.371419862360099, 51.990318450482313 ], [ -65.359086923186382, 51.981101596281611 ], [ -65.360432545816778, 51.95597752257374 ], [ -65.34933336848745, 51.942416890374339 ], [ -65.354779395905211, 51.942737974286523 ], [ -65.374096988563338, 51.915753996226428 ], [ -65.393227641640493, 51.914906937917948 ], [ -65.399502324965752, 51.901894724596801 ], [ -65.383395094818681, 51.86733326878015 ], [ -65.362594403988908, 51.864207614326212 ], [ -65.355047896581468, 51.829876014199961 ], [ -65.359759893101995, 51.822752717391239 ], [ -65.346094137787276, 51.819704156146578 ], [ -65.331505831909183, 51.829025754904279 ], [ -65.317838293431109, 51.850760679987708 ], [ -65.32329941079918, 51.870033205209211 ], [ -65.300232847246363, 51.877966941158739 ], [ -65.29065242462454, 51.869720928559467 ], [ -65.283535944876959, 51.873846859633012 ], [ -65.253870449143918, 51.861474866362549 ], [ -65.26442771188151, 51.83668664637807 ], [ -65.258889953700205, 51.822383867662921 ], [ -65.247679116450755, 51.829588436064356 ], [ -65.24053718587362, 51.822706685176342 ], [ -65.204617495538187, 51.812794896841439 ], [ -65.195358080733982, 51.821470541451468 ], [ -65.188571763229874, 51.817255141442104 ], [ -65.174582100733076, 51.824623141922103 ], [ -65.169614553971286, 51.822079259629284 ], [ -65.172900819927932, 51.809646049993198 ], [ -65.168712873244075, 51.789762587455741 ], [ -65.186063747230264, 51.775606359597916 ], [ -65.186739634633199, 51.7699429494035 ], [ -65.180418010869957, 51.765619534635569 ], [ -65.091153684332923, 51.745971828414262 ], [ -65.082585845720672, 51.746198639068425 ], [ -65.071037587372516, 51.76219723340941 ], [ -65.049216922578637, 51.769647399120174 ], [ -65.030276593482142, 51.762002108712458 ], [ -65.010034662738988, 51.765140247028164 ], [ -65.020523469050374, 51.758573095096622 ], [ -65.008279564342843, 51.750009776967971 ], [ -64.999232025196306, 51.750000940434887 ], [ -64.993048575943135, 51.737386180125192 ], [ -64.972354519125304, 51.721640092279507 ], [ -64.950894013345149, 51.715402141963047 ], [ -64.930705786503509, 51.714261565216873 ], [ -64.916445154890482, 51.734956778276633 ], [ -64.909847166308111, 51.736670054659704 ], [ -64.91640104094013, 51.743966078198888 ], [ -64.927636992079229, 51.746398919189659 ], [ -64.918357632693002, 51.754960178627854 ], [ -64.91982885931246, 51.760832595866141 ], [ -64.938639099405293, 51.764432339594748 ], [ -64.924675344968804, 51.777858459762051 ], [ -64.847815020191618, 51.762498656275532 ], [ -64.838423999044764, 51.769602284359415 ], [ -64.805382199222009, 51.778140314732106 ], [ -64.794034776716458, 51.761166831488779 ], [ -64.773098727406719, 51.753135225999472 ], [ -64.739421548583067, 51.761472712072589 ], [ -64.730906112666176, 51.752176834465217 ], [ -64.709750601554589, 51.755954097911371 ], [ -64.706374815087116, 51.754287578667892 ], [ -64.710852535208218, 51.745565642670364 ], [ -64.70786108414292, 51.729266214641207 ], [ -64.688117398072762, 51.717027400700331 ], [ -64.691615538536396, 51.707554697678432 ], [ -64.681148792972948, 51.709824665500186 ], [ -64.677383685874148, 51.701387632854342 ], [ -64.666432584647964, 51.700664991822315 ], [ -64.63987823948473, 51.705032618064315 ], [ -64.644720928430473, 51.691659016381813 ], [ -64.637776976470292, 51.679224868467287 ], [ -64.640438916172016, 51.674034065454435 ], [ -64.621100565089321, 51.668070047298144 ], [ -64.618211941767072, 51.661065373648213 ], [ -64.616886398382718, 51.651412365420342 ], [ -64.625965834316716, 51.646856056932883 ], [ -64.624171827852493, 51.628984713820323 ], [ -64.606656609425158, 51.627335648027014 ], [ -64.601057532529254, 51.632879213955611 ], [ -64.587302988207881, 51.609459811063857 ], [ -64.548503534523036, 51.573896846924086 ], [ -64.541577488523046, 51.586433666983005 ], [ -64.522608714505708, 51.597675565351871 ], [ -64.455327199892437, 51.624623017366417 ], [ -64.434303174573756, 51.650992706768818 ], [ -64.422996895834714, 51.676100657869043 ], [ -64.391023009671784, 51.662891396273899 ], [ -64.358922540610294, 51.671554336383537 ], [ -64.337125206337547, 51.665294802908718 ], [ -64.322062536319663, 51.685041691239682 ], [ -64.325627958767598, 51.694171296051941 ], [ -64.305210864302694, 51.703562363296626 ], [ -64.306928790482431, 51.71001690433561 ], [ -64.29651002277339, 51.713698508145029 ], [ -64.293988160004531, 51.722750322548237 ], [ -64.274037106887832, 51.742293760260878 ], [ -64.301893297299088, 51.756976445180861 ], [ -64.307159349248366, 51.788059671466193 ], [ -64.301173725229035, 51.796597795504205 ], [ -64.302455187609809, 51.803643616478539 ], [ -64.333411221010877, 51.823009144190827 ], [ -64.35270342513752, 51.849275943400393 ], [ -64.353035782716617, 51.887048913885238 ], [ -64.340057264529349, 51.890494704717149 ], [ -64.345764743838757, 51.916930636293735 ], [ -64.357257765940091, 51.927367299614275 ], [ -64.345070645690058, 51.937484007792591 ], [ -64.349644093125988, 51.944275654887889 ], [ -64.34447722682593, 51.950672706515306 ], [ -64.342975476589601, 51.967658296198351 ], [ -64.34529932170561, 51.973330965751543 ], [ -64.358769085553064, 51.979080353684203 ], [ -64.339656891864664, 51.989136988385816 ], [ -64.347958254110011, 52.001285583540628 ], [ -64.361045884134057, 52.005492093832594 ], [ -64.32285737688801, 52.00486409736461 ], [ -64.326932197209459, 51.998391088273067 ], [ -64.322966057983251, 51.994396057429938 ], [ -64.2800996590735, 51.97475131292606 ], [ -64.237105053823782, 51.977959925690882 ], [ -64.23395175108412, 51.990904413322028 ], [ -64.246502471078756, 51.99736349018476 ], [ -64.279378349886045, 52.037560546583173 ], [ -64.26929815132759, 52.046856397573819 ], [ -64.281057221213345, 52.055944188618234 ], [ -64.291866020447543, 52.077649160053063 ], [ -64.251537782459664, 52.079746990064464 ], [ -64.249698528506741, 52.087340819454909 ], [ -64.256623118338453, 52.097198810776952 ], [ -64.246041047760684, 52.103013168751112 ], [ -64.256433008389834, 52.112905740489246 ], [ -64.253852941167594, 52.121483272232176 ], [ -64.236274272804025, 52.129362686468234 ], [ -64.249926162748523, 52.144723943738292 ], [ -64.211206622300509, 52.132234530112356 ], [ -64.180326606218429, 52.115038914390837 ], [ -64.166359852204451, 52.116057447008018 ], [ -64.16467301680072, 52.123938437512642 ], [ -64.177411025444471, 52.133798693197853 ], [ -64.164720891395973, 52.138769228768425 ], [ -64.160797447886338, 52.146010728951183 ], [ -64.200692859340933, 52.177016348990342 ], [ -64.198402977900415, 52.188788267263192 ], [ -64.209947159702139, 52.202837272170051 ], [ -64.21350899261455, 52.224882021086799 ], [ -64.223993051262184, 52.229543859434756 ], [ -64.23399548080495, 52.224031531893054 ], [ -64.219797091374261, 52.237667196050303 ], [ -64.2235598476489, 52.240412349302872 ], [ -64.217554889355611, 52.257101979696955 ], [ -64.236528494963025, 52.263939452419294 ], [ -64.246561354215459, 52.275396656757479 ], [ -64.238755447217315, 52.277476927098846 ], [ -64.23268001700292, 52.28793466190065 ], [ -64.214480943696316, 52.28204480544106 ], [ -64.209813915704061, 52.284544064596531 ], [ -64.20688998437204, 52.294204775727792 ], [ -64.22558327053855, 52.302504222904524 ], [ -64.225550213373992, 52.307741157410113 ], [ -64.216224420357463, 52.31302834824978 ], [ -64.199634547492494, 52.305610622408764 ], [ -64.191571370523903, 52.289698357616992 ], [ -64.184614124872084, 52.305585892116021 ], [ -64.169456433026383, 52.306654652582473 ], [ -64.164742324891392, 52.314389104990461 ], [ -64.17328250295823, 52.324484235133355 ], [ -64.169192016340943, 52.327432227079591 ], [ -64.182774255535548, 52.332720992027454 ], [ -64.181234029149905, 52.335970391476351 ], [ -64.161504892416133, 52.333894713037516 ], [ -64.158354713490482, 52.338955359635456 ], [ -64.166408046220383, 52.34451393846755 ], [ -64.165287118547681, 52.3630640343195 ], [ -64.138011859326753, 52.366925789819454 ], [ -64.127019103654632, 52.383801674019651 ], [ -64.109229088453347, 52.394056718849903 ], [ -64.118953573191263, 52.403218064632625 ], [ -64.107417150168942, 52.408303138436125 ], [ -64.109376575412469, 52.414256444107352 ], [ -64.114718129492985, 52.420038227503944 ], [ -64.1349741010645, 52.424532629787294 ], [ -64.127786208798724, 52.434266601647444 ], [ -64.142592584568078, 52.467864306552208 ], [ -64.14471073456555, 52.49160464457804 ], [ -64.152928708471563, 52.502173303680586 ], [ -64.148460562536897, 52.513821891498885 ], [ -64.151948552355677, 52.519923145138989 ], [ -64.170084192505698, 52.532452471862968 ], [ -64.166879137500032, 52.536653304824227 ], [ -64.170438660556414, 52.544192732769098 ], [ -64.191404845545208, 52.554252302983208 ], [ -64.225699423481302, 52.581982366661876 ], [ -64.205809304991405, 52.577207609033742 ], [ -64.19912019874775, 52.581701343106026 ], [ -64.204196387993136, 52.589099090954747 ], [ -64.194675804152368, 52.59577303321128 ], [ -64.171538493032514, 52.584252586932578 ], [ -64.167730631514914, 52.595950915849308 ], [ -64.154550372997008, 52.603432574087833 ], [ -64.168476550498752, 52.612063604092093 ], [ -64.170057933484586, 52.623727886054219 ], [ -64.156389345376283, 52.63519270958156 ], [ -64.152968882855788, 52.64728864072503 ], [ -64.172989988852905, 52.67056246727067 ], [ -64.170854358052694, 52.677626655944181 ], [ -64.153494218939215, 52.673142061455813 ], [ -64.127657822320558, 52.686423270006479 ], [ -64.124352481577034, 52.699266771335509 ], [ -64.146102207692948, 52.714512802414745 ], [ -64.140493297943877, 52.726705480058769 ], [ -64.079534788744155, 52.736586665468899 ], [ -64.053517745775878, 52.723237973120341 ], [ -64.039304849239826, 52.725884180700128 ], [ -64.037274828803845, 52.738244710411571 ], [ -64.007041038901022, 52.737049114335491 ], [ -63.982734902684811, 52.725442363853418 ], [ -63.9374172329576, 52.731024295006797 ], [ -63.918230132090478, 52.740064787826455 ], [ -63.922762165640435, 52.744203341740565 ], [ -63.919508528704299, 52.757789518939354 ], [ -63.888641022763402, 52.750073653342454 ], [ -63.88334357590098, 52.753303842599529 ], [ -63.89391859840152, 52.76386667603564 ], [ -63.878821010300761, 52.766388637968184 ], [ -63.872941265636733, 52.773962246428837 ], [ -63.854111007911065, 52.773422818473243 ], [ -63.818975272189142, 52.758530482316679 ], [ -63.772222152014379, 52.773335424439409 ], [ -63.751623422267983, 52.768422895023029 ], [ -63.72148561346728, 52.770311801131712 ], [ -63.719423654090853, 52.776560010549602 ], [ -63.733961216022706, 52.784726237648464 ], [ -63.714065859304121, 52.786422228974594 ], [ -63.717537344944269, 52.801529880301615 ], [ -63.694841028340463, 52.804986351277194 ], [ -63.696380247888008, 52.813839594353681 ], [ -63.692982080409351, 52.814573689881414 ], [ -63.689823402663386, 52.808390911333667 ], [ -63.660064117124968, 52.811236668659369 ], [ -63.644121993122212, 52.823760042862574 ], [ -63.6417144401589, 52.837329030862968 ], [ -63.676560169365828, 52.852057193052076 ], [ -63.652124959476531, 52.852875489655865 ], [ -63.616448052714325, 52.841606168199881 ], [ -63.609964070385104, 52.844160148889657 ], [ -63.606626627464045, 52.849903560962076 ], [ -63.610022036048839, 52.854876650206315 ], [ -63.624162844112377, 52.862373185349391 ], [ -63.619888292584569, 52.877405786615434 ], [ -63.614367996170692, 52.877528580134687 ], [ -63.611518002016417, 52.86886103885368 ], [ -63.608452507256843, 52.871092615754712 ], [ -63.60792139987965, 52.859294457078747 ], [ -63.594062411827259, 52.851466537617917 ], [ -63.587062483672725, 52.839549284161158 ], [ -63.598884810432992, 52.826850168319304 ], [ -63.59502828005013, 52.816443577642303 ], [ -63.600586660717973, 52.805758577809023 ], [ -63.596371526125935, 52.795588507513422 ], [ -63.615693604440771, 52.791819697693953 ], [ -63.616533208620936, 52.774184254549972 ], [ -63.57011884347498, 52.759756598960649 ], [ -63.5509154894795, 52.741102473579716 ], [ -63.527992631596014, 52.72758290739084 ], [ -63.506473390272014, 52.72705249973923 ], [ -63.4500489439828, 52.713555571151751 ], [ -63.435793326527467, 52.699547814523179 ], [ -63.396463074112837, 52.6823430961445 ], [ -63.383649490816637, 52.667145152692349 ], [ -63.383817479954971, 52.659363120539268 ], [ -63.408068120514109, 52.661667416840046 ], [ -63.416403653738335, 52.652515962157032 ], [ -63.426142851417247, 52.65201631346001 ], [ -63.429408475764134, 52.645519869916953 ], [ -63.583484404519865, 52.648664383677229 ], [ -63.71385556585151, 52.633112785301392 ], [ -63.766637105618585, 52.634703903511792 ], [ -63.825774408582802, 52.622573550943045 ], [ -63.871700896150912, 52.618839289623516 ], [ -63.907628894283341, 52.608314743951674 ], [ -63.91171082181085, 52.603378540830477 ], [ -63.939726669690522, 52.605682846393357 ], [ -63.946418054773481, 52.596313932428828 ], [ -63.959556222826137, 52.596119495710852 ], [ -63.992661310916766, 52.583828704257819 ], [ -64.012540527656341, 52.57082068045284 ], [ -64.032598811204466, 52.568329813189855 ], [ -64.029852156295448, 52.567048033273885 ], [ -64.037954941700733, 52.561058997188397 ], [ -64.044837216770858, 52.541607776605396 ], [ -64.072038611685642, 52.500061509536287 ], [ -64.084595839344843, 52.504128459105353 ], [ -64.093515606855888, 52.466072879603843 ], [ -64.090197002195467, 52.454285359751495 ], [ -64.074144658990349, 52.438347345164956 ], [ -64.045450020658222, 52.423286618035881 ], [ -64.020631365940048, 52.401000829554604 ], [ -64.030092303113875, 52.389701708796309 ], [ -64.012720246586113, 52.362590361036006 ], [ -63.988584046183426, 52.360179266677974 ], [ -63.974915770904786, 52.353533928494251 ], [ -63.965191737413264, 52.357741497268286 ], [ -63.942440533136327, 52.345442662203226 ], [ -63.89979887013363, 52.336294649679104 ], [ -63.873213821402921, 52.32250043322923 ], [ -63.825917968125538, 52.319654286857542 ], [ -63.826863816558422, 52.330835223283401 ], [ -63.769481632948711, 52.328053857940539 ], [ -63.742847036860695, 52.313088505887904 ], [ -63.743178993408115, 52.308045448140916 ], [ -63.76602582673268, 52.308942081642286 ], [ -63.774654785649176, 52.313935630151441 ], [ -63.782856706494037, 52.309331317413594 ], [ -63.794602346548508, 52.315831693302663 ], [ -63.796002503211199, 52.310296551285951 ], [ -63.802724175967732, 52.310315670990455 ], [ -63.817586480226666, 52.318311423523234 ], [ -63.817525654354746, 52.308705970675199 ], [ -63.837389214900533, 52.314027654856019 ], [ -63.819688739723652, 52.303376838157568 ], [ -63.79412972621261, 52.296853458438463 ], [ -63.770653690963179, 52.28386035364128 ], [ -63.768517554534256, 52.276146966928486 ], [ -63.789613468904633, 52.274117702243309 ], [ -63.799001568985517, 52.279313436735734 ], [ -63.803392426242105, 52.278260590332245 ], [ -63.801282894692761, 52.275353762268921 ], [ -63.791913849459959, 52.270383124449118 ], [ -63.76571762129992, 52.269368182956498 ], [ -63.751568719429329, 52.260655265567614 ], [ -63.748158403620984, 52.255497745818445 ], [ -63.758061738980729, 52.249016622128273 ], [ -63.752797595939406, 52.234993679697368 ], [ -63.726014344773802, 52.212940588907358 ], [ -63.710808994827019, 52.190986751705047 ], [ -63.712548765450386, 52.180408554697976 ], [ -63.700166222125716, 52.165458581087208 ], [ -63.703336555178659, 52.154151783933301 ], [ -63.69057274382422, 52.129832867166023 ], [ -63.702006545235172, 52.087615498723274 ], [ -63.692351459834917, 52.078528743331312 ], [ -63.688887462738997, 52.086184850441128 ], [ -63.677496553534375, 52.083098682087225 ], [ -63.67027532706026, 52.071879537921781 ], [ -63.660593491058684, 52.066912709000377 ], [ -63.659472140096952, 52.057566640219207 ], [ -63.646380038627605, 52.042403020368091 ], [ -63.659983659927903, 52.040846730769019 ], [ -63.678172324573389, 52.054709566240994 ], [ -63.689262064628174, 52.04956741151959 ], [ -63.7063485316041, 52.049731558827112 ], [ -63.779309709656474, 52.083618260533974 ], [ -63.787412475493099, 52.078331118165053 ], [ -63.810289661136707, 52.085392340573648 ], [ -63.823977187310781, 52.084732505899744 ], [ -63.832247731394986, 52.081493869163374 ], [ -63.84014088860588, 52.064999076674688 ], [ -63.825183798179175, 52.028404405020979 ], [ -63.812262968961541, 52.033619011192222 ], [ -63.802749188198945, 52.017444551704124 ], [ -63.808111350405511, 51.99784865156866 ], [ -57.10775937303832, 51.998494772019384 ], [ -57.108537140364071, 51.415401124750254 ], [ -57.13566689142182, 51.428310780233609 ], [ -57.13731354642654, 51.423013188357842 ], [ -57.146256998537503, 51.423881713212324 ], [ -57.152052754677122, 51.415071293968452 ], [ -57.170243212896182, 51.407304290344435 ], [ -57.206780721062557, 51.411471713642158 ], [ -57.212048953040807, 51.418898566925215 ], [ -57.205732029017867, 51.424502773904329 ], [ -57.207314547042166, 51.430638792911509 ], [ -57.235777066556025, 51.441126083694336 ], [ -57.24099613126949, 51.454665748522963 ], [ -57.248189154387241, 51.455961992393661 ], [ -57.239958576040557, 51.478933491466023 ], [ -57.244563741811604, 51.47566579097122 ], [ -57.24309744828065, 51.481487381862458 ], [ -57.234619094978271, 51.491803058028943 ], [ -57.240074909563461, 51.49793648509101 ], [ -57.234478490120729, 51.50220089707927 ], [ -57.243466884972868, 51.504574403710613 ], [ -57.2470396509339, 51.488507660247215 ], [ -57.251776985891091, 51.49873917765531 ], [ -57.278080999701388, 51.49135151261612 ], [ -57.280589127859095, 51.493998102248746 ], [ -57.274279240508633, 51.496296939430842 ], [ -57.319839340706856, 51.491559770556961 ], [ -57.406409817469893, 51.477264555900071 ], [ -57.416664453758067, 51.461699653951889 ], [ -57.427450490306811, 51.463719965392841 ], [ -57.432220307900735, 51.471867075263219 ], [ -57.426554083785504, 51.474108796967954 ], [ -57.428627525116049, 51.47872303858496 ], [ -57.452645632705185, 51.48298484511232 ], [ -57.447231273072582, 51.47567727474037 ], [ -57.46521522253196, 51.465725279360434 ], [ -57.451359199442351, 51.460618113605662 ], [ -57.446957126649885, 51.469725734735931 ], [ -57.441311570646732, 51.468038668009996 ], [ -57.435448936974645, 51.448035743807147 ], [ -57.439656161605363, 51.442588929125975 ], [ -57.475245975402245, 51.434923860012226 ], [ -57.479943083560109, 51.450712455728038 ], [ -57.468258604985436, 51.45926602181293 ], [ -57.476698764150584, 51.464024142257657 ], [ -57.484900242873998, 51.458128352592098 ], [ -57.483453090448997, 51.465576341500572 ], [ -57.492952524226205, 51.465387496638513 ], [ -57.496362753584265, 51.463100865016827 ], [ -57.49477622945556, 51.45165790348527 ], [ -57.503496445414335, 51.448950191841632 ], [ -57.496206501679431, 51.445528386545178 ], [ -57.505444313814245, 51.435076307598081 ], [ -57.519376185105344, 51.434332027123155 ], [ -57.5141010191481, 51.448832234228803 ], [ -57.530361230084516, 51.442519432674267 ], [ -57.530802371191797, 51.437131277856352 ], [ -57.55360648132114, 51.432439927910892 ], [ -57.554791871657649, 51.436480702308785 ], [ -57.56188630744002, 51.434279851069455 ], [ -57.564329918836052, 51.439951008860263 ], [ -57.573213192562172, 51.433532654457757 ], [ -57.578712900676969, 51.437291230372551 ], [ -57.58525023422137, 51.433230389588353 ], [ -57.583253917206342, 51.428969163440343 ], [ -57.609190124965437, 51.418235731877701 ], [ -57.620979019298929, 51.423281314851742 ], [ -57.588093379143004, 51.446263440481658 ], [ -57.581346224502951, 51.458609038901159 ], [ -57.584842179202518, 51.467734363876893 ], [ -57.586352297550263, 51.458189783644499 ], [ -57.599906853269985, 51.4550066683572 ], [ -57.611357276467004, 51.440542470171479 ], [ -57.618534446091275, 51.43822986665171 ], [ -57.613209533353874, 51.432736797628586 ], [ -57.620377605500572, 51.428787568818208 ], [ -57.627656197174041, 51.429845852190994 ], [ -57.621840163181794, 51.434804433038401 ], [ -57.630096263812547, 51.432593292196728 ], [ -57.636146420436894, 51.436292267841893 ], [ -57.646069086301097, 51.427839512535861 ], [ -57.657601930560332, 51.431623943774916 ], [ -57.65675764184077, 51.426916887390895 ], [ -57.662265522336313, 51.429826281461459 ], [ -57.679729806909407, 51.421183937183812 ], [ -57.679335650896562, 51.428550663335493 ], [ -57.688625967016819, 51.420763332645848 ], [ -57.698870666422991, 51.420136208945237 ], [ -57.698791522464134, 51.435692803430463 ], [ -57.691602710349009, 51.435987223042744 ], [ -57.691742025418613, 51.445212150621288 ], [ -57.676094030641487, 51.443792787447222 ], [ -57.691947723500661, 51.44834914971247 ], [ -57.695304474837101, 51.439121509101135 ], [ -57.700421222257056, 51.438776325555764 ], [ -57.701671730405394, 51.449963841196023 ], [ -57.697536624150906, 51.450590984119252 ], [ -57.70204419826895, 51.454528526845131 ], [ -57.731024254609665, 51.456843190821985 ], [ -57.737353946656647, 51.461101730026307 ], [ -57.746601144721119, 51.457931985296021 ], [ -57.740650530051141, 51.469119738342599 ], [ -57.733956261017148, 51.464656863223361 ], [ -57.720220678868507, 51.467268772142234 ], [ -57.742916805251177, 51.472144694513702 ], [ -57.757527290114574, 51.464974546970936 ], [ -57.749501900970131, 51.461914910237262 ], [ -57.755894271427515, 51.450651892227611 ], [ -57.745973801392331, 51.447703113027536 ], [ -57.761902382883655, 51.438096152495412 ], [ -57.763823379896806, 51.43078215643164 ], [ -57.772087965620194, 51.430377313649863 ], [ -57.766314452869182, 51.426629563727872 ], [ -57.769778327304174, 51.42133753451246 ], [ -57.778438334439372, 51.425686452311098 ], [ -57.78900533362502, 51.422063939644552 ], [ -57.787795405267936, 51.416101373184496 ], [ -57.773807074010513, 51.419737402969879 ], [ -57.771128668118841, 51.410987807697659 ], [ -57.777131295203915, 51.408835037017802 ], [ -57.77433635757896, 51.396588378305623 ], [ -57.784747612115112, 51.396833854997354 ], [ -57.783367217070719, 51.402696913311125 ], [ -57.796666335767853, 51.414341899565919 ], [ -57.791453799644941, 51.403110156268589 ], [ -57.798714636726103, 51.400678012189175 ], [ -57.792037522440921, 51.398619180118914 ], [ -57.802543275120598, 51.396839223463857 ], [ -57.812702402511448, 51.40799131909224 ], [ -57.80535646831953, 51.421152445402207 ], [ -57.784773034568708, 51.431911649904194 ], [ -57.784827212937536, 51.438430491302391 ], [ -57.801359019183209, 51.426952744804993 ], [ -57.817850592523854, 51.424576829116035 ], [ -57.815238379100457, 51.421181614591127 ], [ -57.828818767358456, 51.422548825599264 ], [ -57.827290105215411, 51.418210272215703 ], [ -57.832538478949168, 51.416394571387634 ], [ -57.826810025703182, 51.408944725501165 ], [ -57.834217819349277, 51.40357790011177 ], [ -57.888102832085011, 51.385836145729954 ], [ -57.897636437929101, 51.378776615204337 ], [ -57.890418949264813, 51.376331855554632 ], [ -57.888906935998577, 51.369482324758266 ], [ -57.941613893296214, 51.347678111628319 ], [ -57.946937531291795, 51.350287901774529 ], [ -57.950175807471524, 51.343697360607173 ], [ -57.955314624620947, 51.345705785946869 ], [ -57.975633352340353, 51.327508841755701 ], [ -57.981028193855366, 51.328767647689574 ], [ -57.984231382362509, 51.320162135061153 ], [ -57.999992201949894, 51.314399435048642 ], [ -58.018228639865605, 51.295194573539163 ], [ -58.028250030348097, 51.299486227270869 ], [ -58.014985523489372, 51.318681716125354 ], [ -58.05030723271215, 51.295534372450945 ], [ -58.037961277807085, 51.351782160562664 ], [ -58.045358198525001, 51.349626920318308 ], [ -58.050142167018947, 51.34056702840688 ], [ -58.059153623200693, 51.301634175714071 ], [ -58.066245572726288, 51.289640788919776 ], [ -58.075973221973463, 51.292326442763198 ], [ -58.086525138641946, 51.284506369656782 ], [ -58.11755850210438, 51.283442349561817 ], [ -58.122250896746081, 51.275977006509244 ], [ -58.137800105006548, 51.270297037460537 ], [ -58.139791344943305, 51.274901417146459 ], [ -58.121784456844544, 51.321230910940031 ], [ -58.124374287702459, 51.337508303579028 ], [ -58.149560772042413, 51.285353816452108 ], [ -58.165587120968375, 51.268248799018934 ], [ -58.202377174397959, 51.25970800471773 ], [ -58.205180976134642, 51.262496570763858 ], [ -58.198645824237097, 51.279765712813727 ], [ -58.199412246916481, 51.296695405187791 ], [ -58.20522575387669, 51.30615975816535 ], [ -58.212294842271113, 51.293704774052337 ], [ -58.206611112852926, 51.281039906965162 ], [ -58.210697199834811, 51.261214869122306 ], [ -58.218941104224378, 51.255634046206865 ], [ -58.249310117331383, 51.279895881960954 ], [ -58.246807205474859, 51.297000998452226 ], [ -58.23960091879762, 51.303974241264264 ], [ -58.24441119768079, 51.311363358801451 ], [ -58.240809844858155, 51.319309378396262 ], [ -58.247500862813546, 51.325359574016126 ], [ -58.274822396397205, 51.326473708018689 ], [ -58.275504769451359, 51.346375046074698 ], [ -58.268790668430427, 51.349926492329026 ], [ -58.293273801450241, 51.358765407639993 ], [ -58.271891551675161, 51.373291620021845 ], [ -58.25867707433877, 51.374912761914096 ], [ -58.262339045376144, 51.38388498727268 ], [ -58.29697014542505, 51.367050976462025 ], [ -58.322720116075196, 51.362191290453097 ], [ -58.326561732470026, 51.357220732298067 ], [ -58.321385217410963, 51.349370030923097 ], [ -58.325383342930365, 51.340287229477987 ], [ -58.312386186242399, 51.346032070084583 ], [ -58.297462776612427, 51.344887512452466 ], [ -58.281059600558976, 51.325657416749735 ], [ -58.287480030886734, 51.320042228826885 ], [ -58.283951387649552, 51.317017135067417 ], [ -58.274086321507525, 51.317318397104955 ], [ -58.264202415004924, 51.308933579681998 ], [ -58.261684442022059, 51.317352616996729 ], [ -58.254863659384029, 51.314502957943787 ], [ -58.252830660980337, 51.301441379855191 ], [ -58.262169227384057, 51.305015848384464 ], [ -58.270325312146561, 51.301716187671467 ], [ -58.286042075592029, 51.310192626802014 ], [ -58.271694975960756, 51.294651363337678 ], [ -58.273362167722581, 51.289421421680125 ], [ -58.289094211889307, 51.295940898415822 ], [ -58.294362723111483, 51.283806343610927 ], [ -58.282407211125168, 51.281788263701621 ], [ -58.28269348856778, 51.274479271341683 ], [ -58.272000773697236, 51.268368010885126 ], [ -58.27939411541724, 51.256367016353543 ], [ -58.295511655787166, 51.254105016494172 ], [ -58.326994807927399, 51.269219203368472 ], [ -58.339526468083093, 51.265522854509292 ], [ -58.361503129110275, 51.282082690823742 ], [ -58.372108515555929, 51.271268095224386 ], [ -58.376464781114414, 51.281621273530945 ], [ -58.392627916327967, 51.288259004900979 ], [ -58.39337582158668, 51.277757105570522 ], [ -58.403916078781393, 51.278596452872279 ], [ -58.407509593978489, 51.280019372806599 ], [ -58.40720779400818, 51.298299448868939 ], [ -58.418846737812324, 51.299154050322187 ], [ -58.420475511044046, 51.304666315800048 ], [ -58.464601463192118, 51.294321229730471 ], [ -58.468225249856559, 51.305345765845594 ], [ -58.4842743396622, 51.294824949836595 ], [ -58.475344032350961, 51.289442296745392 ], [ -58.478006816753357, 51.286279941647187 ], [ -58.545581282909019, 51.258753932726918 ], [ -58.580567803851807, 51.234478496933782 ], [ -58.580661400548081, 51.262654427297178 ], [ -58.583273813350623, 51.236321793812934 ], [ -58.589113811278864, 51.231013499526981 ], [ -58.602839673662523, 51.252294547795522 ], [ -58.604345566615443, 51.262333320442956 ], [ -58.615517488302864, 51.270688208157473 ], [ -58.611819951654567, 51.27591092173428 ], [ -58.63708976711888, 51.273563805601079 ], [ -58.635102639862552, 51.263440694773834 ], [ -58.619835626042409, 51.254902910914637 ], [ -58.624023923822321, 51.251239441048448 ], [ -58.617803239043397, 51.246677065377796 ], [ -58.62094408296641, 51.239166810195584 ], [ -58.616142286057411, 51.234064588321715 ], [ -58.642509816620723, 51.222178493724186 ], [ -58.640539424086519, 51.214356785048537 ], [ -58.647018789265182, 51.208151938107932 ], [ -58.639842149530587, 51.196272295909367 ], [ -58.631155381324959, 51.197642423743609 ], [ -58.593256230515159, 51.18195271029461 ], [ -58.584781828162285, 51.185059617280899 ], [ -58.577832604744074, 51.18212461856438 ] ] ], [ [ [ -62.666566462655076, 49.636038025549169 ], [ -62.642709708800602, 49.620216208710865 ], [ -62.598010774823216, 49.615702815308374 ], [ -62.578323717509839, 49.605524521682135 ], [ -62.560584589867119, 49.607299871658562 ], [ -62.546210882063818, 49.593388808344969 ], [ -62.515568193148326, 49.589112563793009 ], [ -62.507938793634885, 49.576907669574901 ], [ -62.480877417982924, 49.568209375178164 ], [ -62.473670942083849, 49.556142668927805 ], [ -62.443096742319526, 49.54657326754505 ], [ -62.46183303342854, 49.534938275761782 ], [ -62.453633850555001, 49.525168073126494 ], [ -62.442239148992904, 49.521982703783038 ], [ -62.447004019990082, 49.512053087177655 ], [ -62.444387121657797, 49.508909768970213 ], [ -62.419629201272265, 49.505087229832249 ], [ -62.417039008971614, 49.502397847642193 ], [ -62.422726958040343, 49.496797933985434 ], [ -62.41571170035094, 49.489858935306003 ], [ -62.391770213792192, 49.480985772486505 ], [ -62.373161499010017, 49.487768146260024 ], [ -62.356643479003822, 49.487188171942449 ], [ -62.330710660414624, 49.480401619169825 ], [ -62.32619036967413, 49.466554233022009 ], [ -62.31357119362567, 49.459264271100565 ], [ -62.291994631952264, 49.462662991071738 ], [ -62.256700409495018, 49.450100910031018 ], [ -62.24977534625463, 49.443755438914643 ], [ -62.25067744141284, 49.426449957272489 ], [ -62.246248242007638, 49.421798005738417 ], [ -62.221678725201315, 49.41765960184911 ], [ -62.210526107924608, 49.409431964425245 ], [ -62.19009216603299, 49.403828635341519 ], [ -62.179020958912652, 49.390350708239275 ], [ -62.147243530754722, 49.400081748384181 ], [ -62.105868795828137, 49.374336035911909 ], [ -62.089327894519926, 49.372119573611535 ], [ -62.069132167743987, 49.382762392129578 ], [ -62.03857574256201, 49.380099495693152 ], [ -62.012471393461979, 49.366618149614055 ], [ -61.97978250047052, 49.362837522687251 ], [ -61.976147041868842, 49.359472942037378 ], [ -61.980965330673847, 49.348883393756665 ], [ -61.969746201133113, 49.339476249982887 ], [ -61.904677153268729, 49.34763918882237 ], [ -61.875717785479459, 49.325227279943832 ], [ -61.834554921699009, 49.314645821664492 ], [ -61.828431438276439, 49.293936751651586 ], [ -61.839232475674812, 49.28847111054435 ], [ -61.83783295681804, 49.282955475756744 ], [ -61.809377106712589, 49.280517724994311 ], [ -61.802705482789136, 49.265645318155464 ], [ -61.805138313135593, 49.255371749020057 ], [ -61.78974473473648, 49.242755678636655 ], [ -61.765049775274747, 49.234105107147776 ], [ -61.749646593835728, 49.208310927774505 ], [ -61.735306680545335, 49.207589125421016 ], [ -61.719313226468756, 49.197345051546932 ], [ -61.711008970020423, 49.176035626479425 ], [ -61.715615595877267, 49.170563355383571 ], [ -61.705132968362101, 49.149475657077723 ], [ -61.675167985845931, 49.138717978044937 ], [ -61.671032918491996, 49.129638973852209 ], [ -61.712950527188021, 49.093632437056641 ], [ -61.702734778738545, 49.079849846612305 ], [ -61.708209038098381, 49.077259736764248 ], [ -61.727233286520665, 49.084290363650474 ], [ -61.773384680202632, 49.081540349385243 ], [ -61.787621677829058, 49.071275118711831 ], [ -61.812646711561023, 49.071115095795939 ], [ -61.82393873276547, 49.056779580476842 ], [ -61.844053966665427, 49.064912664747723 ], [ -61.91525312026004, 49.072214557158716 ], [ -61.958680894986053, 49.062582805600208 ], [ -61.979391268909637, 49.067484863238015 ], [ -61.99191889942729, 49.076407533746895 ], [ -62.00091800520044, 49.075339471200998 ], [ -62.002421150928633, 49.069602198291612 ], [ -62.02153340175677, 49.060817121960206 ], [ -62.052047820473987, 49.067363368303376 ], [ -62.170432324379455, 49.063374154583656 ], [ -62.208480966588347, 49.066765703490567 ], [ -62.227921315179927, 49.058396443479005 ], [ -62.250096730489219, 49.056824950388254 ], [ -62.340823345202203, 49.085855499293963 ], [ -62.442323165222447, 49.105219674395165 ], [ -62.472864162589076, 49.117362096591243 ], [ -62.492964345804872, 49.115557898533488 ], [ -62.521391949894038, 49.126815283876951 ], [ -62.565677884138971, 49.128120253767889 ], [ -62.61781060561129, 49.139282456163137 ], [ -62.676375284371701, 49.140213726776295 ], [ -62.705935990177359, 49.145691850035746 ], [ -62.718169919102372, 49.152714802083565 ], [ -62.756767993998935, 49.15133416096571 ], [ -62.853094828033207, 49.177995810650032 ], [ -62.892154378620738, 49.18409963298997 ], [ -62.919266123039733, 49.182726548790029 ], [ -63.046290465408589, 49.21780747267222 ], [ -63.097019445453441, 49.225357140478351 ], [ -63.231718891504293, 49.272141602072182 ], [ -63.250544636177445, 49.287152576228081 ], [ -63.265548122128934, 49.291982088956836 ], [ -63.278293017721097, 49.309903627509456 ], [ -63.305610406956376, 49.329995833939918 ], [ -63.32211706955912, 49.325754006884459 ], [ -63.298480746908702, 49.319516806323719 ], [ -63.286082818061104, 49.310006686681469 ], [ -63.313530119803701, 49.318944726571985 ], [ -63.335758945304015, 49.316698028655402 ], [ -63.352524779828151, 49.326494290681445 ], [ -63.467569145244511, 49.366070351434779 ], [ -63.561065583508331, 49.388197866597352 ], [ -63.582396375171463, 49.385306440134961 ], [ -63.595531039668067, 49.390827479080535 ], [ -63.598944788768897, 49.39308561892647 ], [ -63.585743646583843, 49.392918071259821 ], [ -63.575456543026853, 49.399333083454245 ], [ -63.605039341645607, 49.428775850775686 ], [ -63.619237539178478, 49.454391638995212 ], [ -63.603905521622146, 49.474540745978388 ], [ -63.61827197427899, 49.478889600808557 ], [ -63.635792736430083, 49.511032384913385 ], [ -63.671571200961111, 49.538017824688005 ], [ -63.768035038273595, 49.58496602616232 ], [ -63.831542825151949, 49.635690539483086 ], [ -63.912789876019254, 49.660162436474806 ], [ -63.923822073534758, 49.670076917259905 ], [ -63.95939105429968, 49.678233016996785 ], [ -64.000000010836956, 49.700169643420608 ], [ -64.039366402272705, 49.70530963974182 ], [ -64.054406541151764, 49.717241550151648 ], [ -64.063325318228678, 49.71070488830199 ], [ -64.083146960374592, 49.712590004539052 ], [ -64.157567114695212, 49.732450157190392 ], [ -64.158001495367586, 49.736124686831921 ], [ -64.199960779070835, 49.73748758811977 ], [ -64.222009176389037, 49.74559524209571 ], [ -64.222236538119901, 49.749118791632668 ], [ -64.235403050949017, 49.747737848696417 ], [ -64.275085966675235, 49.759225948027897 ], [ -64.284145543418333, 49.767365121943556 ], [ -64.3224555227373, 49.783016848314119 ], [ -64.331392051717913, 49.809240313877346 ], [ -64.354805558078226, 49.817712274120424 ], [ -64.365599145652737, 49.810461827216322 ], [ -64.35343837105188, 49.821169495918262 ], [ -64.375528285549294, 49.825110675693701 ], [ -64.369912511685712, 49.827061184138579 ], [ -64.375274380311723, 49.829714500556754 ], [ -64.3921163434687, 49.82933349876253 ], [ -64.391862788803536, 49.822437554592014 ], [ -64.397167140923912, 49.818829789525054 ], [ -64.392120854199717, 49.81786512093737 ], [ -64.392774741664198, 49.811587895046102 ], [ -64.379698191377926, 49.79800928038852 ], [ -64.381355895018444, 49.792781544276338 ], [ -64.417094836319762, 49.799527808030369 ], [ -64.452553268031579, 49.837735418576038 ], [ -64.49692672791204, 49.849425754157103 ], [ -64.524046635149091, 49.863659848403508 ], [ -64.516636822579287, 49.883539907297006 ], [ -64.495866368367459, 49.890770409702888 ], [ -64.489893803420586, 49.902081735962376 ], [ -64.46946863032349, 49.905886326964747 ], [ -64.462109743713341, 49.912617448896256 ], [ -64.408060251100125, 49.916740357924844 ], [ -64.379663340407149, 49.923800689052044 ], [ -64.352545204950175, 49.923076785244135 ], [ -64.307216576785919, 49.938734479841685 ], [ -64.26642759110031, 49.935112562708859 ], [ -64.238006956534491, 49.945727143311132 ], [ -64.172634639657275, 49.944499679391846 ], [ -64.149995863105218, 49.952166060241069 ], [ -64.097730489400888, 49.936603213831965 ], [ -64.077151752492142, 49.925979819294383 ], [ -64.047292615923922, 49.930390758342661 ], [ -63.99999999062436, 49.918810273752051 ], [ -63.992999001729281, 49.912001825569284 ], [ -63.963793045535191, 49.905917163285885 ], [ -63.922772996673004, 49.881014484040065 ], [ -63.881985324549078, 49.875765153888793 ], [ -63.869850566212484, 49.870226102013902 ], [ -63.832000090120424, 49.87492170991554 ], [ -63.813612864858854, 49.870729223533694 ], [ -63.739030220912724, 49.871544111762297 ], [ -63.66457346320793, 49.853405867916763 ], [ -63.620601740531008, 49.848764310040501 ], [ -63.594623050421411, 49.850983388468308 ], [ -63.552909402528833, 49.841880502941727 ], [ -63.480099045127041, 49.838691061719594 ], [ -63.378550608907013, 49.826372527946283 ], [ -63.327283895622429, 49.812505544896958 ], [ -63.153362305357497, 49.782195322641506 ], [ -63.126203254773742, 49.772104821537347 ], [ -63.080390987339882, 49.766682280011075 ], [ -63.052597123924663, 49.753984447012719 ], [ -63.012651133596172, 49.752205997368534 ], [ -63.006600195276455, 49.73659626647094 ], [ -62.999740126995668, 49.733230595514222 ], [ -62.94276008989339, 49.732150237080226 ], [ -62.934258743212574, 49.723206982896585 ], [ -62.932893693877382, 49.714550938968394 ], [ -62.923233490638331, 49.707154941521168 ], [ -62.854274340345498, 49.702191604277594 ], [ -62.848670343508672, 49.690378388714713 ], [ -62.783297944381324, 49.670842494948438 ], [ -62.763297305552506, 49.653721983384607 ], [ -62.696051176423154, 49.655316854927108 ], [ -62.688257046554973, 49.643695597945488 ], [ -62.671554039123833, 49.642160563288513 ], [ -62.666566462655076, 49.636038025549169 ] ] ] ] } }
]
}
